ts,symbol,exchange,bid,ask,mid
2024-10-01 09:30:00.000,BTC-USD,Coinbase,30007.480449055056,30009.424807982945,30008.452628519
2024-10-01 09:30:00.000,BTC-USD,Gemini,30008.03213403912,30009.93001640214,30008.981075220632
2024-10-01 09:30:00.100,BTC-USD,Coinbase,30005.549485313724,30006.69639801887,30006.122941666297
2024-10-01 09:30:00.100,BTC-USD,Gemini,30005.405695523845,30005.87461783539,30005.64015667962
2024-10-01 09:30:00.200,BTC-USD,Coinbase,30005.49842889384,30007.075656075544,30006.28704248469
2024-10-01 09:30:00.200,BTC-USD,Gemini,30004.93821390828,30007.292200910902,30006.11520740959
2024-10-01 09:30:00.300,BTC-USD,Coinbase,30007.949817041997,30008.699430757348,30008.324623899673
2024-10-01 09:30:00.300,BTC-USD,Gemini,30008.767400363315,30009.213940294754,30008.990670329033
2024-10-01 09:30:00.400,BTC-USD,Coinbase,30003.43400926954,30005.326008243548,30004.380008756543
2024-10-01 09:30:00.400,BTC-USD,Gemini,30004.0364898401,30005.96988067961,30005.003185259855
2024-10-01 09:30:00.500,BTC-USD,Coinbase,30004.04618901945,30004.734484222696,30004.390336621072
2024-10-01 09:30:00.500,BTC-USD,Gemini,30005.023238040616,30003.80117226418,30004.412205152395
2024-10-01 09:30:00.600,BTC-USD,Coinbase,30003.629406145967,30005.1423632376,30004.385884691783
2024-10-01 09:30:00.600,BTC-USD,Gemini,30002.661408961823,30005.86215205698,30004.2617805094
2024-10-01 09:30:00.700,BTC-USD,Gemini,29996.129245032756,29994.92050161348,29995.52487332312
2024-10-01 09:30:00.700,BTC-USD,Coinbase,29995.342280681565,29995.882245638546,29995.612263160056
2024-10-01 09:30:00.800,BTC-USD,Gemini,30000.04245612682,30002.40109865045,30001.221777388637
2024-10-01 09:30:00.800,BTC-USD,Coinbase,29999.802344163923,30001.598762212823,30000.700553188373
2024-10-01 09:30:00.900,BTC-USD,Gemini,30004.050933427312,30003.619429969553,30003.835181698432
2024-10-01 09:30:00.900,BTC-USD,Coinbase,30003.161855847266,30004.24423568868,30003.703045767972
2024-10-01 09:30:01.000,BTC-USD,Gemini,29999.853003063417,30001.672514861057,30000.762758962235
2024-10-01 09:30:01.000,BTC-USD,Coinbase,29999.854918797377,30001.296882998904,30000.57590089814
2024-10-01 09:30:01.100,BTC-USD,Coinbase,29999.018651713486,30000.417667470836,29999.71815959216
2024-10-01 09:30:01.100,BTC-USD,Gemini,29998.753944203385,29999.573904970803,29999.163924587094
2024-10-01 09:30:01.200,BTC-USD,Coinbase,30001.84274215265,30002.646570773635,30002.244656463143
2024-10-01 09:30:01.200,BTC-USD,Gemini,30001.794405933342,30001.789033499903,30001.791719716624
2024-10-01 09:30:01.300,BTC-USD,Coinbase,30000.34700140674,30001.528747367633,30000.937874387186
2024-10-01 09:30:01.300,BTC-USD,Gemini,29999.991140523074,30000.675083843762,30000.33311218342
2024-10-01 09:30:01.400,BTC-USD,Coinbase,29999.47229171999,29999.97596626766,29999.724128993825
2024-10-01 09:30:01.400,BTC-USD,Gemini,30000.041298599088,30000.435807268826,30000.23855293396
2024-10-01 09:30:01.500,BTC-USD,Gemini,29990.791553013496,29994.16870419468,29992.48012860409
2024-10-01 09:30:01.500,BTC-USD,Coinbase,29991.62044441052,29993.295399452214,29992.457921931367
2024-10-01 09:30:01.600,BTC-USD,Coinbase,29994.639324302112,29995.82232267954,29995.230823490827
2024-10-01 09:30:01.600,BTC-USD,Gemini,29994.103141516294,29994.86207578258,29994.482608649436
2024-10-01 09:30:01.700,BTC-USD,Gemini,29996.012781105455,29996.11469767093,29996.06373938819
2024-10-01 09:30:01.700,BTC-USD,Coinbase,29995.392039452392,29996.30841658214,29995.850228017265
2024-10-01 09:30:01.800,BTC-USD,Coinbase,29996.67727610056,29997.767779171565,29997.222527636062
2024-10-01 09:30:01.800,BTC-USD,Gemini,29996.77142032528,29998.333191872756,29997.552306099016
2024-10-01 09:30:01.900,BTC-USD,Gemini,29989.993928702766,29990.18788615875,29990.090907430756
2024-10-01 09:30:01.900,BTC-USD,Coinbase,29989.03393745927,29990.14587249416,29989.589904976714
2024-10-01 09:30:02.000,BTC-USD,Coinbase,29997.47378699079,29998.2130198745,29997.843403432646
2024-10-01 09:30:02.000,BTC-USD,Gemini,29996.81566407911,29997.38905026157,29997.10235717034
2024-10-01 09:30:02.100,BTC-USD,Coinbase,29998.090321348438,29999.13984087142,29998.61508110993
2024-10-01 09:30:02.100,BTC-USD,Gemini,29997.297865362478,29999.967653258158,29998.63275931032
2024-10-01 09:30:02.200,BTC-USD,Coinbase,29995.921990419913,29997.43677236708,29996.679381393496
2024-10-01 09:30:02.200,BTC-USD,Gemini,29995.874461846583,29997.234414044837,29996.55443794571
2024-10-01 09:30:02.300,BTC-USD,Gemini,30006.43708154861,30008.457384853606,30007.447233201106
2024-10-01 09:30:02.300,BTC-USD,Coinbase,30006.155173120067,30007.494311874536,30006.8247424973
2024-10-01 09:30:02.400,BTC-USD,Gemini,30005.00491833688,30007.811103552118,30006.4080109445
2024-10-01 09:30:02.400,BTC-USD,Coinbase,30005.60372787361,30007.591896822385,30006.597812347998
2024-10-01 09:30:02.500,BTC-USD,Gemini,29998.82399935019,29999.81836152191,29999.321180436047
2024-10-01 09:30:02.500,BTC-USD,Coinbase,29998.53286899025,30000.155968714284,29999.344418852266
2024-10-01 09:30:02.600,BTC-USD,Coinbase,29996.44697986126,29998.189579288995,29997.318279575127
2024-10-01 09:30:02.600,BTC-USD,Gemini,29997.353372273104,29998.37248138111,29997.862926827107
2024-10-01 09:30:02.700,BTC-USD,Gemini,29985.187477512052,29985.755242610816,29985.471360061434
2024-10-01 09:30:02.700,BTC-USD,Coinbase,29985.51638301668,29986.237025113856,29985.876704065267
2024-10-01 09:30:02.800,BTC-USD,Gemini,29990.670498553332,29991.91143244257,29991.290965497952
2024-10-01 09:30:02.800,BTC-USD,Coinbase,29990.483399906578,29991.763973717392,29991.123686811985
2024-10-01 09:30:02.900,BTC-USD,Gemini,29987.613940591855,29989.365305540738,29988.489623066296
2024-10-01 09:30:02.900,BTC-USD,Coinbase,29988.608023032648,29989.474607406126,29989.041315219387
2024-10-01 09:30:03.000,BTC-USD,Coinbase,29984.899391877192,29985.757703309533,29985.328547593363
2024-10-01 09:30:03.000,BTC-USD,Gemini,29984.87185009938,29985.990191032837,29985.43102056611
2024-10-01 09:30:03.100,BTC-USD,Coinbase,29990.193987989456,29991.187808513023,29990.69089825124
2024-10-01 09:30:03.100,BTC-USD,Gemini,29990.961895873803,29991.219384026404,29991.090639950104
2024-10-01 09:30:03.200,BTC-USD,Gemini,29981.190827236827,29983.279957042247,29982.235392139537
2024-10-01 09:30:03.200,BTC-USD,Coinbase,29981.758546818615,29983.112493789806,29982.43552030421
2024-10-01 09:30:03.300,BTC-USD,Coinbase,29984.551740607363,29985.673593564316,29985.11266708584
2024-10-01 09:30:03.300,BTC-USD,Gemini,29983.63181851311,29986.18633457992,29984.909076546515
2024-10-01 09:30:03.400,BTC-USD,Coinbase,29974.241943081583,29975.33924305889,29974.790593070236
2024-10-01 09:30:03.400,BTC-USD,Gemini,29975.000036978814,29976.053280388547,29975.52665868368
2024-10-01 09:30:03.500,BTC-USD,Coinbase,29970.955753684575,29972.003839059224,29971.4797963719
2024-10-01 09:30:03.500,BTC-USD,Gemini,29971.314024193034,29971.63221488236,29971.473119537695
2024-10-01 09:30:03.600,BTC-USD,Gemini,29964.498366189797,29967.065323622246,29965.78184490602
2024-10-01 09:30:03.600,BTC-USD,Coinbase,29964.46886103112,29966.448533256684,29965.458697143902
2024-10-01 09:30:03.700,BTC-USD,Coinbase,29972.201756712493,29973.335393847447,29972.76857527997
2024-10-01 09:30:03.700,BTC-USD,Gemini,29971.787603935663,29974.279964085337,29973.0337840105
2024-10-01 09:30:03.800,BTC-USD,Coinbase,29980.66050087109,29982.538258468143,29981.599379669617
2024-10-01 09:30:03.800,BTC-USD,Gemini,29980.25403304975,29981.60565987367,29980.92984646171
2024-10-01 09:30:03.900,BTC-USD,Coinbase,29978.957594091986,29980.947027728118,29979.952310910052
2024-10-01 09:30:03.900,BTC-USD,Gemini,29978.7091010966,29981.62556274461,29980.167331920606
2024-10-01 09:30:04.000,BTC-USD,Coinbase,29983.44011721514,29984.871837026396,29984.15597712077
2024-10-01 09:30:04.000,BTC-USD,Gemini,29982.71249467274,29985.67137417721,29984.191934424976
2024-10-01 09:30:04.100,BTC-USD,Gemini,29981.80050926572,29984.064034754072,29982.932272009893
2024-10-01 09:30:04.100,BTC-USD,Coinbase,29982.27338697271,29984.238703256306,29983.256045114507
2024-10-01 09:30:04.200,BTC-USD,Gemini,29986.050196887027,29987.283480960108,29986.666838923567
2024-10-01 09:30:04.200,BTC-USD,Coinbase,29985.0965199655,29987.096189136795,29986.096354551148
2024-10-01 09:30:04.300,BTC-USD,Coinbase,29981.470917643786,29983.19341949429,29982.33216856904
2024-10-01 09:30:04.300,BTC-USD,Gemini,29980.531696460577,29982.73488580603,29981.6332911333
2024-10-01 09:30:04.400,BTC-USD,Gemini,29972.34701844322,29974.449554415223,29973.39828642922
2024-10-01 09:30:04.400,BTC-USD,Coinbase,29973.00422934102,29974.576715765394,29973.790472553206
2024-10-01 09:30:04.500,BTC-USD,Coinbase,29964.359153209833,29965.190805311777,29964.774979260805
2024-10-01 09:30:04.500,BTC-USD,Gemini,29964.009968654293,29965.05186240777,29964.53091553103
2024-10-01 09:30:04.600,BTC-USD,Coinbase,29966.302842181303,29967.07833485788,29966.690588519592
2024-10-01 09:30:04.600,BTC-USD,Gemini,29965.73526749789,29966.746710230633,29966.24098886426
2024-10-01 09:30:04.700,BTC-USD,Coinbase,29977.638776342683,29978.218351224583,29977.928563783633
2024-10-01 09:30:04.700,BTC-USD,Gemini,29976.98782284244,29978.892467538906,29977.940145190674
2024-10-01 09:30:04.800,BTC-USD,Coinbase,29978.86283986207,29979.688404010274,29979.275621936173
2024-10-01 09:30:04.800,BTC-USD,Gemini,29979.763454618707,29979.15395533099,29979.458704974848
2024-10-01 09:30:04.900,BTC-USD,Gemini,29975.73592961279,29977.494475370106,29976.615202491448
2024-10-01 09:30:04.900,BTC-USD,Coinbase,29976.006468857486,29977.298728820846,29976.652598839166
2024-10-01 09:30:05.000,BTC-USD,Coinbase,29985.634788116535,29986.79059818512,29986.21269315083
2024-10-01 09:30:05.000,BTC-USD,Gemini,29986.352148894857,29986.346137657143,29986.349143276
2024-10-01 09:30:05.100,BTC-USD,Gemini,29987.068075586474,29988.146996123356,29987.607535854913
2024-10-01 09:30:05.100,BTC-USD,Coinbase,29986.583108345945,29988.215296422077,29987.39920238401
2024-10-01 09:30:05.200,BTC-USD,Gemini,29986.789885299742,29989.17504209891,29987.982463699325
2024-10-01 09:30:05.200,BTC-USD,Coinbase,29987.43061688738,29988.38212773276,29987.90637231007
2024-10-01 09:30:05.300,BTC-USD,Gemini,29988.357656143697,29990.420285984637,29989.388971064167
2024-10-01 09:30:05.300,BTC-USD,Coinbase,29988.453846098517,29989.88467587718,29989.16926098785
2024-10-01 09:30:05.400,BTC-USD,Gemini,29988.385181746446,29989.230168490518,29988.80767511848
2024-10-01 09:30:05.400,BTC-USD,Coinbase,29987.986682212068,29989.028067787956,29988.507375000012
2024-10-01 09:30:05.500,BTC-USD,Gemini,29987.161563437847,29988.37511407078,29987.768338754315
2024-10-01 09:30:05.500,BTC-USD,Coinbase,29986.54415692072,29987.37582967342,29986.95999329707
2024-10-01 09:30:05.600,BTC-USD,Coinbase,29978.95322532648,29980.617126607303,29979.785175966892
2024-10-01 09:30:05.600,BTC-USD,Gemini,29978.99668355207,29980.53782013426,29979.767251843165
2024-10-01 09:30:05.700,BTC-USD,Gemini,29982.611699595756,29983.59940588019,29983.105552737972
2024-10-01 09:30:05.700,BTC-USD,Coinbase,29981.82379412393,29982.762799041662,29982.293296582797
2024-10-01 09:30:05.800,BTC-USD,Coinbase,29981.180254414165,29982.45858424703,29981.819419330597
2024-10-01 09:30:05.800,BTC-USD,Gemini,29981.412384778545,29982.419918212447,29981.916151495498
2024-10-01 09:30:05.900,BTC-USD,Coinbase,29987.34650114891,29988.223196735722,29987.784848942316
2024-10-01 09:30:05.900,BTC-USD,Gemini,29986.63145705158,29987.25637919684,29986.94391812421
2024-10-01 09:30:06.000,BTC-USD,Gemini,29985.462757952067,29985.85589453183,29985.65932624195
2024-10-01 09:30:06.000,BTC-USD,Coinbase,29985.2044646874,29986.677048512756,29985.940756600077
2024-10-01 09:30:06.100,BTC-USD,Coinbase,29976.028242024397,29976.78957239045,29976.408907207424
2024-10-01 09:30:06.100,BTC-USD,Gemini,29975.99426514044,29976.50001273484,29976.24713893764
2024-10-01 09:30:06.200,BTC-USD,Coinbase,29975.613800343923,29976.207907751977,29975.91085404795
2024-10-01 09:30:06.200,BTC-USD,Gemini,29974.715984198676,29977.076596398365,29975.896290298522
2024-10-01 09:30:06.300,BTC-USD,Coinbase,29983.68840523689,29985.128675826476,29984.408540531684
2024-10-01 09:30:06.300,BTC-USD,Gemini,29983.963088588585,29985.288755695856,29984.625922142222
2024-10-01 09:30:06.400,BTC-USD,Coinbase,29981.870640142057,29983.112209691993,29982.491424917025
2024-10-01 09:30:06.400,BTC-USD,Gemini,29982.314328073044,29983.45896185008,29982.88664496156
2024-10-01 09:30:06.500,BTC-USD,Gemini,29977.47127696305,29979.377072142182,29978.424174552616
2024-10-01 09:30:06.500,BTC-USD,Coinbase,29977.303904908622,29978.780376315226,29978.042140611924
2024-10-01 09:30:06.600,BTC-USD,Coinbase,29971.76563006811,29972.382731933158,29972.074181000633
2024-10-01 09:30:06.600,BTC-USD,Gemini,29971.98818761229,29971.67407091484,29971.831129263563
2024-10-01 09:30:06.700,BTC-USD,Gemini,29965.07060244587,29967.94006966055,29966.50533605321
2024-10-01 09:30:06.700,BTC-USD,Coinbase,29965.991005151933,29967.65718873858,29966.824096945256
2024-10-01 09:30:06.800,BTC-USD,Coinbase,29965.036895564317,29965.60936095819,29965.323128261254
2024-10-01 09:30:06.800,BTC-USD,Gemini,29966.009438989244,29966.08411067538,29966.046774832314
2024-10-01 09:30:06.900,BTC-USD,Coinbase,29958.455949683146,29960.39048590478,29959.423217793963
2024-10-01 09:30:06.900,BTC-USD,Gemini,29959.154335278676,29959.856520028607,29959.50542765364
2024-10-01 09:30:07.000,BTC-USD,Coinbase,29965.956966545167,29967.865860198737,29966.911413371952
2024-10-01 09:30:07.000,BTC-USD,Gemini,29965.389952638863,29968.506371539668,29966.948162089266
2024-10-01 09:30:07.100,BTC-USD,Coinbase,29964.647567068652,29966.3489073145,29965.498237191576
2024-10-01 09:30:07.100,BTC-USD,Gemini,29965.642172320637,29965.97640504106,29965.809288680848
2024-10-01 09:30:07.200,BTC-USD,Gemini,29965.682839736124,29966.915831613263,29966.299335674696
2024-10-01 09:30:07.200,BTC-USD,Coinbase,29965.55685637998,29966.526101718115,29966.041479049047
2024-10-01 09:30:07.300,BTC-USD,Coinbase,29972.49843384816,29973.966919457278,29973.23267665272
2024-10-01 09:30:07.300,BTC-USD,Gemini,29972.105510038436,29973.781770164136,29972.943640101286
2024-10-01 09:30:07.400,BTC-USD,Coinbase,29979.755391223844,29981.743147285757,29980.7492692548
2024-10-01 09:30:07.400,BTC-USD,Gemini,29980.64217692008,29981.9241670059,29981.28317196299
2024-10-01 09:30:07.500,BTC-USD,Gemini,29979.262702308,29979.70091117734,29979.481806742668
2024-10-01 09:30:07.500,BTC-USD,Coinbase,29978.897816737106,29980.473392102318,29979.685604419712
2024-10-01 09:30:07.600,BTC-USD,Coinbase,29980.600081887133,29982.09086910718,29981.345475497157
2024-10-01 09:30:07.600,BTC-USD,Gemini,29981.04215929159,29982.663225553853,29981.852692422723
2024-10-01 09:30:07.700,BTC-USD,Gemini,29984.723761075664,29984.49224844333,29984.608004759495
2024-10-01 09:30:07.700,BTC-USD,Coinbase,29984.747972782847,29985.29324405524,29985.020608419043
2024-10-01 09:30:07.800,BTC-USD,Gemini,29983.534040520044,29985.169187807933,29984.35161416399
2024-10-01 09:30:07.800,BTC-USD,Coinbase,29983.779076368774,29984.333585865817,29984.056331117295
2024-10-01 09:30:07.900,BTC-USD,Coinbase,29974.44486593593,29975.887667769075,29975.166266852502
2024-10-01 09:30:07.900,BTC-USD,Gemini,29973.921843287048,29976.794610204186,29975.358226745615
2024-10-01 09:30:08.000,BTC-USD,Gemini,29978.64738180444,29978.055784526616,29978.351583165528
2024-10-01 09:30:08.000,BTC-USD,Coinbase,29977.84087734636,29979.038713395676,29978.439795371018
2024-10-01 09:30:08.100,BTC-USD,Gemini,29982.807208541355,29983.73442155164,29983.270815046497
2024-10-01 09:30:08.100,BTC-USD,Coinbase,29982.293747379943,29983.529366410297,29982.91155689512
2024-10-01 09:30:08.200,BTC-USD,Coinbase,29984.59530839587,29985.38283153735,29984.98906996661
2024-10-01 09:30:08.200,BTC-USD,Gemini,29984.078015885,29985.32250262234,29984.70025925367
2024-10-01 09:30:08.300,BTC-USD,Gemini,29979.14683723344,29981.59049736342,29980.36866729843
2024-10-01 09:30:08.300,BTC-USD,Coinbase,29979.892541768917,29980.850151597173,29980.371346683045
2024-10-01 09:30:08.400,BTC-USD,Coinbase,29978.473819352945,29980.30860089006,29979.391210121503
2024-10-01 09:30:08.400,BTC-USD,Gemini,29978.826540420538,29979.43096093233,29979.128750676435
2024-10-01 09:30:08.500,BTC-USD,Coinbase,29975.91364442957,29976.961077624805,29976.437361027187
2024-10-01 09:30:08.500,BTC-USD,Gemini,29976.796994077846,29976.992024974665,29976.894509526253
2024-10-01 09:30:08.600,BTC-USD,Gemini,29974.684632890017,29975.3417727326,29975.013202811308
2024-10-01 09:30:08.600,BTC-USD,Coinbase,29973.960653980215,29975.916955700883,29974.93880484055
2024-10-01 09:30:08.700,BTC-USD,Gemini,29980.465173823093,29981.51528166224,29980.990227742666
2024-10-01 09:30:08.700,BTC-USD,Coinbase,29981.048131215342,29981.798330393023,29981.423230804183
2024-10-01 09:30:08.800,BTC-USD,Gemini,29989.15864775718,29990.325777280326,29989.74221251875
2024-10-01 09:30:08.800,BTC-USD,Coinbase,29988.42229322728,29989.719964715016,29989.071128971147
2024-10-01 09:30:08.900,BTC-USD,Gemini,29992.260076205388,29992.876369974903,29992.568223090144
2024-10-01 09:30:08.900,BTC-USD,Coinbase,29991.68951150874,29993.146928367656,29992.418219938198
2024-10-01 09:30:09.000,BTC-USD,Coinbase,29994.3973754302,29995.92651564398,29995.16194553709
2024-10-01 09:30:09.000,BTC-USD,Gemini,29995.015970541266,29996.435986699806,29995.725978620536
2024-10-01 09:30:09.100,BTC-USD,Gemini,29997.862975004762,29999.089613408276,29998.47629420652
2024-10-01 09:30:09.100,BTC-USD,Coinbase,29997.69100900954,29999.39917196019,29998.545090484866
2024-10-01 09:30:09.200,BTC-USD,Gemini,29997.38321601976,29999.256017174597,29998.31961659718
2024-10-01 09:30:09.200,BTC-USD,Coinbase,29997.666687791094,29999.301071312573,29998.483879551834
2024-10-01 09:30:09.300,BTC-USD,Gemini,29997.96720433031,29999.838247950065,29998.902726140186
2024-10-01 09:30:09.300,BTC-USD,Coinbase,29997.242106301084,29998.969018187716,29998.1055622444
2024-10-01 09:30:09.400,BTC-USD,Gemini,29994.4992142694,29995.38062729899,29994.939920784193
2024-10-01 09:30:09.400,BTC-USD,Coinbase,29994.443012081145,29995.031660533896,29994.73733630752
2024-10-01 09:30:09.500,BTC-USD,Gemini,29993.290460084372,29995.483392723403,29994.386926403888
2024-10-01 09:30:09.500,BTC-USD,Coinbase,29994.14735161022,29994.768646504315,29994.457999057267
2024-10-01 09:30:09.600,BTC-USD,Gemini,30005.417768178024,30006.494253836212,30005.956011007118
2024-10-01 09:30:09.600,BTC-USD,Coinbase,30005.407906412624,30006.10756156818,30005.757733990402
2024-10-01 09:30:09.700,BTC-USD,Coinbase,30009.704426094402,30010.501435178936,30010.10293063667
2024-10-01 09:30:09.700,BTC-USD,Gemini,30009.728256126593,30009.90486078715,30009.81655845687
2024-10-01 09:30:09.800,BTC-USD,Gemini,30007.13774512169,30010.16749256726,30008.652618844477
2024-10-01 09:30:09.800,BTC-USD,Coinbase,30007.603712621854,30009.18097841722,30008.392345519536
2024-10-01 09:30:09.900,BTC-USD,Gemini,30005.2660611122,30007.25429956805,30006.260180340127
2024-10-01 09:30:09.900,BTC-USD,Coinbase,30005.379303923746,30006.68612059399,30006.032712258868
2024-10-01 09:30:10.000,BTC-USD,Coinbase,30000.930063835785,30002.49046076609,30001.710262300938
2024-10-01 09:30:10.000,BTC-USD,Gemini,30001.045967945618,30001.796602006467,30001.421284976044
2024-10-01 09:30:10.100,BTC-USD,Coinbase,30002.882735118765,30004.281492980488,30003.582114049626
2024-10-01 09:30:10.100,BTC-USD,Gemini,30002.199398852754,30005.01141494333,30003.60540689804
2024-10-01 09:30:10.200,BTC-USD,Coinbase,30004.87007465002,30006.20961038426,30005.53984251714
2024-10-01 09:30:10.200,BTC-USD,Gemini,30005.588115472587,30006.639398350886,30006.113756911735
2024-10-01 09:30:10.300,BTC-USD,Coinbase,29997.934965570188,29998.713502894083,29998.324234232135
2024-10-01 09:30:10.300,BTC-USD,Gemini,29998.522960909082,29999.015245328155,29998.76910311862
2024-10-01 09:30:10.400,BTC-USD,Coinbase,29999.860744894017,30001.65107554267,30000.755910218344
2024-10-01 09:30:10.400,BTC-USD,Gemini,29998.884532769625,30001.305077518755,30000.09480514419
2024-10-01 09:30:10.500,BTC-USD,Coinbase,29997.07892358308,29998.73817414842,29997.90854886575
2024-10-01 09:30:10.500,BTC-USD,Gemini,29997.551006113976,29997.78241237632,29997.666709245146
2024-10-01 09:30:10.600,BTC-USD,Coinbase,30004.225148957943,30005.85916034005,30005.042154648996
2024-10-01 09:30:10.600,BTC-USD,Gemini,30005.069554883485,30005.881336577524,30005.475445730503
2024-10-01 09:30:10.700,BTC-USD,Coinbase,30004.877551737547,30006.77519739749,30005.826374567518
2024-10-01 09:30:10.700,BTC-USD,Gemini,30005.54908861347,30006.643646384782,30006.096367499125
2024-10-01 09:30:10.800,BTC-USD,Coinbase,30013.868435380227,30014.96161425141,30014.41502481582
2024-10-01 09:30:10.800,BTC-USD,Gemini,30012.979521200206,30014.053005311132,30013.516263255668
2024-10-01 09:30:10.900,BTC-USD,Coinbase,30011.55797355709,30012.690808145682,30012.124390851386
2024-10-01 09:30:10.900,BTC-USD,Gemini,30012.189410274925,30012.27361083355,30012.231510554237
2024-10-01 09:30:11.000,BTC-USD,Coinbase,30010.081151285456,30011.28779175211,30010.684471518784
2024-10-01 09:30:11.000,BTC-USD,Gemini,30010.01739727328,30011.611700873946,30010.814549073613
2024-10-01 09:30:11.100,BTC-USD,Coinbase,30011.671227420404,30012.69579913986,30012.18351328013
2024-10-01 09:30:11.100,BTC-USD,Gemini,30011.203516200378,30012.096988326593,30011.650252263484
2024-10-01 09:30:11.200,BTC-USD,Coinbase,30016.82984508267,30018.096664469238,30017.463254775954
2024-10-01 09:30:11.200,BTC-USD,Gemini,30017.778464495008,30018.408239312954,30018.093351903983
2024-10-01 09:30:11.300,BTC-USD,Coinbase,30019.57299986312,30021.01233457506,30020.29266721909
2024-10-01 09:30:11.300,BTC-USD,Gemini,30020.008325092218,30021.724930886667,30020.866627989442
2024-10-01 09:30:11.400,BTC-USD,Coinbase,30013.43448379478,30014.815611206133,30014.125047500456
2024-10-01 09:30:11.400,BTC-USD,Gemini,30012.96375543502,30015.25703890962,30014.11039717232
2024-10-01 09:30:11.500,BTC-USD,Coinbase,30014.657227641426,30015.421874375632,30015.03955100853
2024-10-01 09:30:11.500,BTC-USD,Gemini,30015.109261283822,30015.665330279924,30015.387295781875
2024-10-01 09:30:11.600,BTC-USD,Coinbase,30014.356870490174,30015.944678912292,30015.150774701233
2024-10-01 09:30:11.600,BTC-USD,Gemini,30014.647282392318,30015.93998598912,30015.29363419072
2024-10-01 09:30:11.700,BTC-USD,Coinbase,30012.702483244117,30013.308380222785,30013.00543173345
2024-10-01 09:30:11.700,BTC-USD,Gemini,30012.58206448894,30013.715846323503,30013.14895540622
2024-10-01 09:30:11.800,BTC-USD,Coinbase,30009.359493461357,30010.17031707662,30009.76490526899
2024-10-01 09:30:11.800,BTC-USD,Gemini,30008.756845326698,30009.60351302226,30009.18017917448
2024-10-01 09:30:11.900,BTC-USD,Coinbase,30017.955279753325,30019.05030317814,30018.502791465733
2024-10-01 09:30:11.900,BTC-USD,Gemini,30018.326928385686,30019.233151510107,30018.780039947895
2024-10-01 09:30:12.000,BTC-USD,Coinbase,30015.680766187845,30017.420951930002,30016.550859058923
2024-10-01 09:30:12.000,BTC-USD,Gemini,30016.354985785776,30016.52717446059,30016.441080123182
2024-10-01 09:30:12.100,BTC-USD,Coinbase,30011.88220886625,30012.76028288032,30012.321245873285
2024-10-01 09:30:12.100,BTC-USD,Gemini,30012.828287036107,30011.903130429695,30012.3657087329
2024-10-01 09:30:12.200,BTC-USD,Gemini,30015.087762036605,30015.73961431954,30015.413688178072
2024-10-01 09:30:12.200,BTC-USD,Coinbase,30014.63621126366,30016.37740881104,30015.50681003735
2024-10-01 09:30:12.300,BTC-USD,Gemini,30015.139526166095,30015.856453198652,30015.49798968237
2024-10-01 09:30:12.300,BTC-USD,Coinbase,30015.474481870766,30016.845367976555,30016.15992492366
2024-10-01 09:30:12.400,BTC-USD,Gemini,30014.18053055767,30017.071254359096,30015.62589245838
2024-10-01 09:30:12.400,BTC-USD,Coinbase,30015.006517764876,30016.555193419383,30015.78085559213
2024-10-01 09:30:12.500,BTC-USD,Gemini,30019.20904289027,30020.894525036572,30020.05178396342
2024-10-01 09:30:12.500,BTC-USD,Coinbase,30019.21510778882,30020.159621505947,30019.687364647383
2024-10-01 09:30:12.600,BTC-USD,Gemini,30021.858209453338,30023.387376987015,30022.622793220176
2024-10-01 09:30:12.600,BTC-USD,Coinbase,30021.15219680926,30023.108786644432,30022.130491726846
2024-10-01 09:30:12.700,BTC-USD,Gemini,30022.963591781725,30024.484614508016,30023.724103144872
2024-10-01 09:30:12.700,BTC-USD,Coinbase,30023.203221430802,30024.6796620324,30023.9414417316
2024-10-01 09:30:12.800,BTC-USD,Gemini,30029.259030357272,30029.60946059533,30029.434245476303
2024-10-01 09:30:12.800,BTC-USD,Coinbase,30028.45209446032,30029.072793846797,30028.76244415356
2024-10-01 09:30:12.900,BTC-USD,Coinbase,30029.32586504295,30031.035387502518,30030.180626272733
2024-10-01 09:30:12.900,BTC-USD,Gemini,30030.06621933786,30030.550441024145,30030.308330181004
2024-10-01 09:30:13.000,BTC-USD,Gemini,30027.217634345652,30027.493062614296,30027.355348479974
2024-10-01 09:30:13.000,BTC-USD,Coinbase,30026.495554112968,30027.696478941594,30027.09601652728
2024-10-01 09:30:13.100,BTC-USD,Coinbase,30024.408517168933,30026.160693601432,30025.284605385183
2024-10-01 09:30:13.100,BTC-USD,Gemini,30023.555835766343,30026.824867767213,30025.190351766778
2024-10-01 09:30:13.200,BTC-USD,Gemini,30021.664594168113,30024.1679571278,30022.916275647956
2024-10-01 09:30:13.200,BTC-USD,Coinbase,30021.904305325403,30023.45518209192,30022.67974370866
2024-10-01 09:30:13.300,BTC-USD,Coinbase,30022.753687940847,30024.703020046236,30023.72835399354
2024-10-01 09:30:13.300,BTC-USD,Gemini,30023.7372800895,30024.639983044806,30024.18863156715
2024-10-01 09:30:13.400,BTC-USD,Coinbase,30017.40654452187,30019.27031452271,30018.33842952229
2024-10-01 09:30:13.400,BTC-USD,Gemini,30016.545959117717,30018.51730871034,30017.531633914026
2024-10-01 09:30:13.500,BTC-USD,Coinbase,30008.426440992454,30009.92615838484,30009.176299688646
2024-10-01 09:30:13.500,BTC-USD,Gemini,30008.647446740284,30010.73880671706,30009.69312672867
2024-10-01 09:30:13.600,BTC-USD,Coinbase,30008.793003718703,30010.441144904573,30009.617074311638
2024-10-01 09:30:13.600,BTC-USD,Gemini,30009.460090666405,30009.896065650966,30009.678078158686
2024-10-01 09:30:13.700,BTC-USD,Gemini,30002.285389681605,30003.148563546525,30002.716976614065
2024-10-01 09:30:13.700,BTC-USD,Coinbase,30002.639431894906,30003.229511228816,30002.93447156186
2024-10-01 09:30:13.800,BTC-USD,Gemini,29992.30282133862,29993.116338648822,29992.709579993723
2024-10-01 09:30:13.800,BTC-USD,Coinbase,29992.3284146401,29994.020747498173,29993.174581069135
2024-10-01 09:30:13.900,BTC-USD,Coinbase,29994.239788952917,29995.842681023518,29995.041234988217
2024-10-01 09:30:13.900,BTC-USD,Gemini,29993.985706201314,29995.33224444757,29994.65897532444
2024-10-01 09:30:14.000,BTC-USD,Coinbase,29990.528496488103,29992.4434415271,29991.4859690076
2024-10-01 09:30:14.000,BTC-USD,Gemini,29990.646124196795,29993.264133605076,29991.955128900936
2024-10-01 09:30:14.100,BTC-USD,Coinbase,29993.15028624616,29994.782905991433,29993.966596118797
2024-10-01 09:30:14.100,BTC-USD,Gemini,29993.709401019893,29993.798577572456,29993.753989296172
2024-10-01 09:30:14.200,BTC-USD,Coinbase,29990.599621482408,29992.02503323594,29991.312327359174
2024-10-01 09:30:14.200,BTC-USD,Gemini,29991.58889153629,29991.919200944198,29991.754046240243
2024-10-01 09:30:14.300,BTC-USD,Coinbase,29984.868702148167,29986.53632868812,29985.702515418143
2024-10-01 09:30:14.300,BTC-USD,Gemini,29984.54774220621,29985.692378333082,29985.120060269648
2024-10-01 09:30:14.400,BTC-USD,Gemini,29978.818437577942,29980.352602386825,29979.585519982385
2024-10-01 09:30:14.400,BTC-USD,Coinbase,29978.783138745624,29980.186716952107,29979.484927848865
2024-10-01 09:30:14.500,BTC-USD,Coinbase,29976.298269891027,29977.522313579662,29976.910291735345
2024-10-01 09:30:14.500,BTC-USD,Gemini,29976.442291223866,29978.426187924597,29977.43423957423
2024-10-01 09:30:14.600,BTC-USD,Coinbase,29974.558522677842,29976.528232730394,29975.543377704118
2024-10-01 09:30:14.600,BTC-USD,Gemini,29974.319894730983,29975.633506372324,29974.976700551655
2024-10-01 09:30:14.700,BTC-USD,Gemini,29970.807575683128,29972.540388972542,29971.673982327833
2024-10-01 09:30:14.700,BTC-USD,Coinbase,29970.80540002825,29972.04675453982,29971.426077284035
2024-10-01 09:30:14.800,BTC-USD,Gemini,29968.861349175742,29970.78158624432,29969.821467710033
2024-10-01 09:30:14.800,BTC-USD,Coinbase,29969.694784364223,29970.34629107571,29970.020537719967
2024-10-01 09:30:14.900,BTC-USD,Gemini,29961.594605875955,29961.79633388379,29961.695469879873
2024-10-01 09:30:14.900,BTC-USD,Coinbase,29962.055809264028,29962.624243213788,29962.340026238908
2024-10-01 09:30:15.000,BTC-USD,Gemini,29961.0294960323,29962.023014189886,29961.526255111094
2024-10-01 09:30:15.000,BTC-USD,Coinbase,29961.885797565916,29962.93914436166,29962.412470963787
2024-10-01 09:30:15.100,BTC-USD,Gemini,29953.38577105885,29953.495078387685,29953.440424723267
2024-10-01 09:30:15.100,BTC-USD,Coinbase,29952.8520043103,29954.03645019927,29953.444227254786
2024-10-01 09:30:15.200,BTC-USD,Gemini,29951.56286555076,29952.45216754832,29952.00751654954
2024-10-01 09:30:15.200,BTC-USD,Coinbase,29951.80772717517,29953.14216416486,29952.474945670016
2024-10-01 09:30:15.300,BTC-USD,Gemini,29954.845398411864,29955.94689114699,29955.396144779428
2024-10-01 09:30:15.300,BTC-USD,Coinbase,29955.659186525147,29956.26364591268,29955.961416218914
2024-10-01 09:30:15.400,BTC-USD,Coinbase,29960.758315415376,29962.0839050449,29961.421110230138
2024-10-01 09:30:15.400,BTC-USD,Gemini,29960.221727215547,29962.026517362305,29961.124122288926
2024-10-01 09:30:15.500,BTC-USD,Coinbase,29969.024112212574,29970.96191071639,29969.99301146448
2024-10-01 09:30:15.500,BTC-USD,Gemini,29969.24557600054,29971.52790429156,29970.386740146052
2024-10-01 09:30:15.600,BTC-USD,Coinbase,29961.39780037803,29963.025346082446,29962.211573230237
2024-10-01 09:30:15.600,BTC-USD,Gemini,29960.915684549323,29963.492179463025,29962.203932006174
2024-10-01 09:30:15.700,BTC-USD,Gemini,29965.059821706047,29965.985012093814,29965.52241689993
2024-10-01 09:30:15.700,BTC-USD,Coinbase,29965.227649662032,29966.78274880399,29966.00519923301
2024-10-01 09:30:15.800,BTC-USD,Gemini,29971.806195433335,29972.20112050516,29972.003657969246
2024-10-01 09:30:15.800,BTC-USD,Coinbase,29971.400193948262,29972.67302645892,29972.03661020359
2024-10-01 09:30:15.900,BTC-USD,Gemini,29975.551155878133,29978.062086814687,29976.80662134641
2024-10-01 09:30:15.900,BTC-USD,Coinbase,29976.026130076032,29977.85266017953,29976.93939512778
2024-10-01 09:30:16.000,BTC-USD,Gemini,29972.776559889167,29973.317194642117,29973.046877265642
2024-10-01 09:30:16.000,BTC-USD,Coinbase,29971.974600109716,29972.610951994786,29972.29277605225
2024-10-01 09:30:16.100,BTC-USD,Coinbase,29973.51866683158,29975.184853584076,29974.35176020783
2024-10-01 09:30:16.100,BTC-USD,Gemini,29974.322812863495,29975.88530332967,29975.104058096582
2024-10-01 09:30:16.200,BTC-USD,Coinbase,29982.86708604947,29984.43699108846,29983.652038568966
2024-10-01 09:30:16.200,BTC-USD,Gemini,29983.475456477023,29984.88396764964,29984.17971206333
2024-10-01 09:30:16.300,BTC-USD,Gemini,29976.329873703442,29977.483951702317,29976.906912702878
2024-10-01 09:30:16.300,BTC-USD,Coinbase,29975.631939047948,29976.699401666418,29976.165670357183
2024-10-01 09:30:16.400,BTC-USD,Coinbase,29977.9294577524,29979.165259964535,29978.54735885847
2024-10-01 09:30:16.400,BTC-USD,Gemini,29977.187989046884,29979.503649278307,29978.345819162598
2024-10-01 09:30:16.500,BTC-USD,Coinbase,29983.744816993803,29984.47280557972,29984.108811286762
2024-10-01 09:30:16.500,BTC-USD,Gemini,29984.284642026316,29985.383697924633,29984.834169975475
2024-10-01 09:30:16.600,BTC-USD,Coinbase,29980.371176744007,29980.88053567293,29980.62585620847
2024-10-01 09:30:16.600,BTC-USD,Gemini,29979.42693867109,29979.979660631332,29979.703299651213
2024-10-01 09:30:16.700,BTC-USD,Gemini,29983.949379552007,29983.14127091291,29983.54532523246
2024-10-01 09:30:16.700,BTC-USD,Coinbase,29983.038889143685,29984.042526306115,29983.5407077249
2024-10-01 09:30:16.800,BTC-USD,Coinbase,29977.68267900604,29978.689811363813,29978.186245184927
2024-10-01 09:30:16.800,BTC-USD,Gemini,29978.53470745414,29978.904346999563,29978.71952722685
2024-10-01 09:30:16.900,BTC-USD,Coinbase,29973.484813493287,29974.765591062245,29974.125202277766
2024-10-01 09:30:16.900,BTC-USD,Gemini,29973.643653054114,29974.965115641844,29974.30438434798
2024-10-01 09:30:17.000,BTC-USD,Coinbase,29969.53039933759,29970.549202749655,29970.039801043622
2024-10-01 09:30:17.000,BTC-USD,Gemini,29969.284844067828,29970.975682556927,29970.130263312378
2024-10-01 09:30:17.100,BTC-USD,Gemini,29969.820367669403,29972.681367090936,29971.25086738017
2024-10-01 09:30:17.100,BTC-USD,Coinbase,29970.08433520422,29971.918343871213,29971.001339537717
2024-10-01 09:30:17.200,BTC-USD,Coinbase,29970.18819676651,29970.904669648597,29970.546433207553
2024-10-01 09:30:17.200,BTC-USD,Gemini,29970.963787207314,29970.289438916472,29970.626613061893
2024-10-01 09:30:17.300,BTC-USD,Coinbase,29974.449073054264,29976.18494543806,29975.317009246162
2024-10-01 09:30:17.300,BTC-USD,Gemini,29974.39014615613,29976.7173729794,29975.553759567767
2024-10-01 09:30:17.400,BTC-USD,Coinbase,29969.95737820468,29971.273849145262,29970.61561367497
2024-10-01 09:30:17.400,BTC-USD,Gemini,29970.59110078972,29970.39057475217,29970.490837770943
2024-10-01 09:30:17.500,BTC-USD,Coinbase,29969.54330965502,29970.375161193995,29969.959235424507
2024-10-01 09:30:17.500,BTC-USD,Gemini,29970.05802130832,29970.445809747518,29970.25191552792
2024-10-01 09:30:17.600,BTC-USD,Coinbase,29973.857585830232,29975.671649654916,29974.764617742574
2024-10-01 09:30:17.600,BTC-USD,Gemini,29974.36130974314,29975.949889904212,29975.155599823676
2024-10-01 09:30:17.700,BTC-USD,Coinbase,29976.903700215815,29978.233306991686,29977.56850360375
2024-10-01 09:30:17.700,BTC-USD,Gemini,29977.363963121978,29978.20809517069,29977.786029146333
2024-10-01 09:30:17.800,BTC-USD,Coinbase,29970.622830428536,29971.267763423148,29970.945296925842
2024-10-01 09:30:17.800,BTC-USD,Gemini,29969.887244415462,29970.719094058462,29970.303169236962
2024-10-01 09:30:17.900,BTC-USD,Coinbase,29973.37133316784,29975.17129753342,29974.27131535063
2024-10-01 09:30:17.900,BTC-USD,Gemini,29972.76393801745,29974.99723835809,29973.88058818777
2024-10-01 09:30:18.000,BTC-USD,Coinbase,29971.424880113555,29972.333571789663,29971.87922595161
2024-10-01 09:30:18.000,BTC-USD,Gemini,29972.116131174556,29972.89164290351,29972.503887039034
2024-10-01 09:30:18.100,BTC-USD,Coinbase,29973.12746973975,29974.48484754241,29973.80615864108
2024-10-01 09:30:18.100,BTC-USD,Gemini,29972.757985237895,29973.66187103798,29973.209928137938
2024-10-01 09:30:18.200,BTC-USD,Coinbase,29974.550383328577,29976.068738103815,29975.309560716196
2024-10-01 09:30:18.200,BTC-USD,Gemini,29975.08983039495,29975.9402175731,29975.515023984026
2024-10-01 09:30:18.300,BTC-USD,Gemini,29981.56531356852,29982.905000885672,29982.235157227096
2024-10-01 09:30:18.300,BTC-USD,Coinbase,29980.59815889905,29982.214151373028,29981.40615513604
2024-10-01 09:30:18.400,BTC-USD,Gemini,29982.070151707423,29982.285198159305,29982.177674933366
2024-10-01 09:30:18.400,BTC-USD,Coinbase,29981.201520159728,29982.776389509705,29981.988954834716
2024-10-01 09:30:18.500,BTC-USD,Gemini,29971.34274365246,29974.542183399215,29972.94246352584
2024-10-01 09:30:18.500,BTC-USD,Coinbase,29971.84623993934,29973.593611015014,29972.719925477177
2024-10-01 09:30:18.600,BTC-USD,Gemini,29964.68829419162,29966.997255265847,29965.842774728735
2024-10-01 09:30:18.600,BTC-USD,Coinbase,29965.042742775873,29966.698510988692,29965.870626882283
2024-10-01 09:30:18.700,BTC-USD,Gemini,29969.075270433572,29970.09650625035,29969.58588834196
2024-10-01 09:30:18.700,BTC-USD,Coinbase,29969.134888704473,29969.917908914365,29969.52639880942
2024-10-01 09:30:18.800,BTC-USD,Gemini,29968.30712304153,29969.87524237405,29969.09118270779
2024-10-01 09:30:18.800,BTC-USD,Coinbase,29967.56698802749,29968.90264625897,29968.23481714323
2024-10-01 09:30:18.900,BTC-USD,Gemini,29972.70331572068,29974.931289069693,29973.817302395186
2024-10-01 09:30:18.900,BTC-USD,Coinbase,29973.304418559826,29974.54500632758,29973.924712443702
2024-10-01 09:30:19.000,BTC-USD,Coinbase,29974.94197422109,29975.641838845622,29975.291906533355
2024-10-01 09:30:19.000,BTC-USD,Gemini,29974.922381652414,29974.825082462074,29974.873732057244
2024-10-01 09:30:19.100,BTC-USD,Coinbase,29970.9715953679,29972.121560339354,29971.546577853627
2024-10-01 09:30:19.100,BTC-USD,Gemini,29970.820479039394,29971.917152330745,29971.36881568507
2024-10-01 09:30:19.200,BTC-USD,Coinbase,29976.12608610975,29977.791137194738,29976.958611652244
2024-10-01 09:30:19.200,BTC-USD,Gemini,29975.48932831758,29978.31188575855,29976.900607038064
2024-10-01 09:30:19.300,BTC-USD,Coinbase,29972.338213776107,29973.50503271309,29972.921623244598
2024-10-01 09:30:19.300,BTC-USD,Gemini,29972.73418080506,29974.320243704497,29973.527212254776
2024-10-01 09:30:19.400,BTC-USD,Coinbase,29962.114360881395,29963.20253052505,29962.658445703222
2024-10-01 09:30:19.400,BTC-USD,Gemini,29962.48983867972,29962.762595766904,29962.62621722331
2024-10-01 09:30:19.500,BTC-USD,Coinbase,29972.37018811418,29973.58465880289,29972.977423458535
2024-10-01 09:30:19.500,BTC-USD,Gemini,29973.16463523948,29973.77967230136,29973.472153770417
2024-10-01 09:30:19.600,BTC-USD,Coinbase,29962.749970862962,29964.097387277885,29963.423679070424
2024-10-01 09:30:19.600,BTC-USD,Gemini,29963.082139337115,29964.820846742692,29963.951493039902
2024-10-01 09:30:19.700,BTC-USD,Coinbase,29965.782060956986,29967.42942577366,29966.605743365322
2024-10-01 09:30:19.700,BTC-USD,Gemini,29965.154748076235,29966.528075639162,29965.8414118577
2024-10-01 09:30:19.800,BTC-USD,Coinbase,29970.410051119146,29972.189953301084,29971.300002210115
2024-10-01 09:30:19.800,BTC-USD,Gemini,29970.161644237018,29972.862018963955,29971.51183160049
2024-10-01 09:30:19.900,BTC-USD,Gemini,29972.039647125323,29971.848702896947,29971.944175011136
2024-10-01 09:30:19.900,BTC-USD,Coinbase,29971.568550106265,29972.502112944978,29972.03533152562
2024-10-01 09:30:20.000,BTC-USD,Gemini,29963.621830744756,29963.755284420924,29963.688557582842
2024-10-01 09:30:20.000,BTC-USD,Coinbase,29963.170601578928,29964.06609303594,29963.618347307434
2024-10-01 09:30:20.100,BTC-USD,Gemini,29967.904961325803,29970.10100587208,29969.00298359894
2024-10-01 09:30:20.100,BTC-USD,Coinbase,29968.206410399907,29969.18043356957,29968.69342198474
2024-10-01 09:30:20.200,BTC-USD,Gemini,29959.892878017177,29962.710434978453,29961.301656497817
2024-10-01 09:30:20.200,BTC-USD,Coinbase,29960.58687261038,29962.384534192708,29961.485703401544
2024-10-01 09:30:20.300,BTC-USD,Gemini,29954.02380997481,29955.079289347712,29954.55154966126
2024-10-01 09:30:20.300,BTC-USD,Coinbase,29953.84213946498,29955.692981689204,29954.767560577093
2024-10-01 09:30:20.400,BTC-USD,Coinbase,29952.452846678883,29953.46559134865,29952.959219013766
2024-10-01 09:30:20.400,BTC-USD,Gemini,29953.45104396283,29953.22894837595,29953.339996169387
2024-10-01 09:30:20.500,BTC-USD,Coinbase,29956.026663419227,29957.77682034948,29956.901741884354
2024-10-01 09:30:20.500,BTC-USD,Gemini,29955.13263051915,29958.5390461687,29956.835838343926
2024-10-01 09:30:20.600,BTC-USD,Coinbase,29957.74406206252,29959.060560763493,29958.402311413007
2024-10-01 09:30:20.600,BTC-USD,Gemini,29956.978156763977,29959.629187509414,29958.303672136695
2024-10-01 09:30:20.700,BTC-USD,Gemini,29961.226226195293,29963.48276566408,29962.354495929685
2024-10-01 09:30:20.700,BTC-USD,Coinbase,29961.487724041337,29963.42458164255,29962.456152841944
2024-10-01 09:30:20.800,BTC-USD,Gemini,29960.477736166238,29961.79325121137,29961.135493688802
2024-10-01 09:30:20.800,BTC-USD,Coinbase,29959.5604175258,29960.915449852615,29960.237933689208
2024-10-01 09:30:20.900,BTC-USD,Gemini,29958.550104255737,29960.706771105855,29959.628437680796
2024-10-01 09:30:20.900,BTC-USD,Coinbase,29958.448907233666,29960.305127279193,29959.37701725643
2024-10-01 09:30:21.000,BTC-USD,Coinbase,29953.02546562056,29954.357201010647,29953.691333315604
2024-10-01 09:30:21.000,BTC-USD,Gemini,29953.43813608863,29954.115674267505,29953.776905178067
2024-10-01 09:30:21.100,BTC-USD,Gemini,29952.42597199858,29953.53819929793,29952.982085648255
2024-10-01 09:30:21.100,BTC-USD,Coinbase,29951.5951522189,29952.61885988008,29952.10700604949
2024-10-01 09:30:21.200,BTC-USD,Coinbase,29954.18575513371,29955.959538483366,29955.072646808538
2024-10-01 09:30:21.200,BTC-USD,Gemini,29954.372397073115,29955.45564049848,29954.9140187858
2024-10-01 09:30:21.300,BTC-USD,Gemini,29953.05355437058,29954.0137857684,29953.53367006949
2024-10-01 09:30:21.300,BTC-USD,Coinbase,29953.070496493983,29954.076516583347,29953.573506538665
2024-10-01 09:30:21.400,BTC-USD,Gemini,29955.092267830805,29956.16290771517,29955.627587772986
2024-10-01 09:30:21.400,BTC-USD,Coinbase,29955.10935866534,29956.79224996013,29955.950804312735
2024-10-01 09:30:21.500,BTC-USD,Coinbase,29952.436430557133,29953.732435552844,29953.084433054988
2024-10-01 09:30:21.500,BTC-USD,Gemini,29952.8754233389,29953.270364087828,29953.072893713364
2024-10-01 09:30:21.600,BTC-USD,Coinbase,29949.629782429667,29950.615167752414,29950.12247509104
2024-10-01 09:30:21.600,BTC-USD,Gemini,29950.135998535417,29950.67138667351,29950.403692604465
2024-10-01 09:30:21.700,BTC-USD,Gemini,29949.082177268432,29951.86769386096,29950.474935564696
2024-10-01 09:30:21.700,BTC-USD,Coinbase,29949.711153821674,29950.925482857685,29950.31831833968
2024-10-01 09:30:21.800,BTC-USD,Coinbase,29948.414337525002,29950.273484126268,29949.343910825635
2024-10-01 09:30:21.800,BTC-USD,Gemini,29949.19535909434,29950.832473140115,29950.013916117226
2024-10-01 09:30:21.900,BTC-USD,Gemini,29951.774228525013,29953.31891214062,29952.546570332815
2024-10-01 09:30:21.900,BTC-USD,Coinbase,29951.832800656815,29952.77887342047,29952.305837038642
2024-10-01 09:30:22.000,BTC-USD,Coinbase,29952.882545222034,29953.51203127131,29953.197288246673
2024-10-01 09:30:22.000,BTC-USD,Gemini,29952.769677133336,29953.2528399768,29953.011258555067
2024-10-01 09:30:22.100,BTC-USD,Coinbase,29960.971117672514,29962.826921774762,29961.899019723638
2024-10-01 09:30:22.100,BTC-USD,Gemini,29961.61613570217,29962.730034409076,29962.173085055623
2024-10-01 09:30:22.200,BTC-USD,Gemini,29961.41808035188,29961.727973646804,29961.573026999344
2024-10-01 09:30:22.200,BTC-USD,Coinbase,29960.463044178232,29961.140050223938,29960.801547201085
2024-10-01 09:30:22.300,BTC-USD,Coinbase,29959.242086459108,29960.088481445495,29959.6652839523
2024-10-01 09:30:22.300,BTC-USD,Gemini,29959.236583554604,29960.976152932893,29960.10636824375
2024-10-01 09:30:22.400,BTC-USD,Gemini,29953.77545941333,29954.649694645344,29954.212577029335
2024-10-01 09:30:22.400,BTC-USD,Coinbase,29953.854859762403,29955.07439750435,29954.464628633377
2024-10-01 09:30:22.500,BTC-USD,Gemini,29954.43181911534,29954.658054527223,29954.54493682128
2024-10-01 09:30:22.500,BTC-USD,Coinbase,29953.743625200033,29955.413411740912,29954.578518470473
2024-10-01 09:30:22.600,BTC-USD,Coinbase,29957.00950761678,29958.975818710886,29957.992663163834
2024-10-01 09:30:22.600,BTC-USD,Gemini,29958.000490259357,29958.295147060962,29958.14781866016
2024-10-01 09:30:22.700,BTC-USD,Gemini,29953.859337127968,29954.236047314924,29954.047692221444
2024-10-01 09:30:22.700,BTC-USD,Coinbase,29953.90106262522,29954.68130728838,29954.2911849568
2024-10-01 09:30:22.800,BTC-USD,Coinbase,29953.61846684928,29954.467180436724,29954.042823643
2024-10-01 09:30:22.800,BTC-USD,Gemini,29954.582378380535,29955.105788511366,29954.84408344595
2024-10-01 09:30:22.900,BTC-USD,Coinbase,29956.63850121054,29958.632713677267,29957.635607443903
2024-10-01 09:30:22.900,BTC-USD,Gemini,29956.804740750376,29959.395722212223,29958.1002314813
2024-10-01 09:30:23.000,BTC-USD,Coinbase,29956.328970954357,29957.673152443338,29957.001061698847
2024-10-01 09:30:23.000,BTC-USD,Gemini,29955.789070964533,29957.2068689358,29956.497969950164
2024-10-01 09:30:23.100,BTC-USD,Gemini,29952.820090474488,29955.125786998662,29953.972938736573
2024-10-01 09:30:23.100,BTC-USD,Coinbase,29953.509087349667,29955.301663036546,29954.405375193106
2024-10-01 09:30:23.200,BTC-USD,Coinbase,29958.74669929474,29959.794982599273,29959.270840947007
2024-10-01 09:30:23.200,BTC-USD,Gemini,29958.580878270976,29960.29013733999,29959.435507805483
2024-10-01 09:30:23.300,BTC-USD,Coinbase,29959.288440298722,29960.223437250857,29959.75593877479
2024-10-01 09:30:23.300,BTC-USD,Gemini,29959.07997003785,29960.209174738247,29959.644572388046
2024-10-01 09:30:23.400,BTC-USD,Coinbase,29960.83249898645,29962.645023620556,29961.738761303503
2024-10-01 09:30:23.400,BTC-USD,Gemini,29961.554130666012,29961.772288934357,29961.663209800186
2024-10-01 09:30:23.500,BTC-USD,Coinbase,29967.190720732524,29968.000736376587,29967.595728554556
2024-10-01 09:30:23.500,BTC-USD,Gemini,29967.182108196128,29968.771124784478,29967.976616490305
2024-10-01 09:30:23.600,BTC-USD,Coinbase,29972.87327119754,29973.77134509627,29973.322308146904
2024-10-01 09:30:23.600,BTC-USD,Gemini,29973.393554749495,29973.578677987476,29973.486116368484
2024-10-01 09:30:23.700,BTC-USD,Coinbase,29971.059964556996,29972.112609912074,29971.586287234535
2024-10-01 09:30:23.700,BTC-USD,Gemini,29970.40981437245,29971.270110815898,29970.839962594175
2024-10-01 09:30:23.800,BTC-USD,Gemini,29968.687601705515,29969.784660184992,29969.236130945254
2024-10-01 09:30:23.800,BTC-USD,Coinbase,29968.457851853444,29969.460425420893,29968.95913863717
2024-10-01 09:30:23.900,BTC-USD,Coinbase,29970.00581220364,29970.755554404026,29970.380683303832
2024-10-01 09:30:23.900,BTC-USD,Gemini,29969.754231998573,29969.7724296683,29969.763330833437
2024-10-01 09:30:24.000,BTC-USD,Gemini,29968.73154771227,29970.695497423574,29969.713522567923
2024-10-01 09:30:24.000,BTC-USD,Coinbase,29969.24944844793,29970.184042807345,29969.716745627637
2024-10-01 09:30:24.100,BTC-USD,Coinbase,29959.83745075804,29960.59742730441,29960.217439031225
2024-10-01 09:30:24.100,BTC-USD,Gemini,29959.962318142592,29961.083172553936,29960.522745348266
2024-10-01 09:30:24.200,BTC-USD,Coinbase,29965.944761374158,29967.24373403495,29966.594247704554
2024-10-01 09:30:24.200,BTC-USD,Gemini,29965.078148680794,29968.157245537,29966.617697108897
2024-10-01 09:30:24.300,BTC-USD,Coinbase,29965.920128748592,29967.461979935506,29966.69105434205
2024-10-01 09:30:24.300,BTC-USD,Gemini,29965.863377552632,29967.946169690917,29966.904773621776
2024-10-01 09:30:24.400,BTC-USD,Coinbase,29969.73615626848,29971.009732082104,29970.37294417529
2024-10-01 09:30:24.400,BTC-USD,Gemini,29970.190224725127,29971.026666966416,29970.60844584577
2024-10-01 09:30:24.500,BTC-USD,Coinbase,29964.20536174296,29964.811360964824,29964.50836135389
2024-10-01 09:30:24.500,BTC-USD,Gemini,29963.488589222197,29964.878632007687,29964.183610614942
2024-10-01 09:30:24.600,BTC-USD,Coinbase,29970.256632026223,29971.642126269147,29970.949379147685
2024-10-01 09:30:24.600,BTC-USD,Gemini,29969.91864004559,29970.81752460142,29970.368082323504
2024-10-01 09:30:24.700,BTC-USD,Gemini,29968.197571653076,29969.224907323875,29968.711239488475
2024-10-01 09:30:24.700,BTC-USD,Coinbase,29967.223384939294,29968.792745295454,29968.008065117374
2024-10-01 09:30:24.800,BTC-USD,Coinbase,29967.087114918093,29967.85234458192,29967.469729750006
2024-10-01 09:30:24.800,BTC-USD,Gemini,29967.57105329309,29968.622661725854,29968.096857509474
2024-10-01 09:30:24.900,BTC-USD,Coinbase,29959.849270073475,29961.07594272926,29960.46260640137
2024-10-01 09:30:24.900,BTC-USD,Gemini,29959.33382525864,29961.140393739803,29960.23710949922
2024-10-01 09:30:25.000,BTC-USD,Gemini,29958.326953230513,29960.578040697368,29959.45249696394
2024-10-01 09:30:25.000,BTC-USD,Coinbase,29958.649791255564,29960.605924179858,29959.62785771771
2024-10-01 09:30:25.100,BTC-USD,Gemini,29957.65101794164,29960.30150272156,29958.976260331598
2024-10-01 09:30:25.100,BTC-USD,Coinbase,29957.60852561726,29959.349150491253,29958.478838054256
2024-10-01 09:30:25.200,BTC-USD,Gemini,29956.058247196706,29957.76147295582,29956.909860076263
2024-10-01 09:30:25.200,BTC-USD,Coinbase,29956.960111387398,29958.143959329598,29957.552035358498
2024-10-01 09:30:25.300,BTC-USD,Coinbase,29959.300252836212,29960.188865308344,29959.74455907228
2024-10-01 09:30:25.300,BTC-USD,Gemini,29959.61981188319,29959.361267027143,29959.490539455168
2024-10-01 09:30:25.400,BTC-USD,Gemini,29959.27931167261,29960.723534283246,29960.001422977926
2024-10-01 09:30:25.400,BTC-USD,Coinbase,29959.676091143436,29960.416485479804,29960.04628831162
2024-10-01 09:30:25.500,BTC-USD,Gemini,29964.938735189717,29965.080266538673,29965.009500864195
2024-10-01 09:30:25.500,BTC-USD,Coinbase,29964.640825623872,29965.209577250316,29964.925201437094
2024-10-01 09:30:25.600,BTC-USD,Coinbase,29962.15861847052,29963.01020254716,29962.58441050884
2024-10-01 09:30:25.600,BTC-USD,Gemini,29962.620503135186,29962.198088261794,29962.40929569849
2024-10-01 09:30:25.700,BTC-USD,Coinbase,29956.988059378054,29958.22060255248,29957.604330965267
2024-10-01 09:30:25.700,BTC-USD,Gemini,29957.565105642054,29957.67922035021,29957.62216299613
2024-10-01 09:30:25.800,BTC-USD,Gemini,29957.705451939248,29957.992049592245,29957.84875076575
2024-10-01 09:30:25.800,BTC-USD,Coinbase,29956.884910249893,29958.13268776444,29957.508799007166
2024-10-01 09:30:25.900,BTC-USD,Gemini,29961.018882727534,29961.804793791805,29961.41183825967
2024-10-01 09:30:25.900,BTC-USD,Coinbase,29960.27116270365,29961.030115673722,29960.650639188687
2024-10-01 09:30:26.000,BTC-USD,Gemini,29966.929166877824,29968.048154531974,29967.488660704897
2024-10-01 09:30:26.000,BTC-USD,Coinbase,29966.283053784515,29967.464642322535,29966.873848053525
2024-10-01 09:30:26.100,BTC-USD,Coinbase,29970.362652331107,29971.52425813158,29970.943455231343
2024-10-01 09:30:26.100,BTC-USD,Gemini,29970.765078524066,29971.78018090725,29971.27262971566
2024-10-01 09:30:26.200,BTC-USD,Gemini,29960.343871849585,29962.751082379466,29961.547477114524
2024-10-01 09:30:26.200,BTC-USD,Coinbase,29961.259129943803,29962.973373842306,29962.116251893054
2024-10-01 09:30:26.300,BTC-USD,Coinbase,29963.06056616834,29964.942521198365,29964.001543683353
2024-10-01 09:30:26.300,BTC-USD,Gemini,29963.7470607969,29965.511713985747,29964.629387391324
2024-10-01 09:30:26.400,BTC-USD,Gemini,29970.451003719107,29973.111277093856,29971.78114040648
2024-10-01 09:30:26.400,BTC-USD,Coinbase,29970.335437662572,29972.27136743335,29971.30340254796
2024-10-01 09:30:26.500,BTC-USD,Coinbase,29971.001002512217,29972.231566247166,29971.616284379692
2024-10-01 09:30:26.500,BTC-USD,Gemini,29971.61357297682,29971.289768371775,29971.451670674298
2024-10-01 09:30:26.600,BTC-USD,Gemini,29968.29954526184,29969.30281027855,29968.801177770198
2024-10-01 09:30:26.600,BTC-USD,Coinbase,29968.147829528607,29969.924314229356,29969.03607187898
2024-10-01 09:30:26.700,BTC-USD,Gemini,29970.805287060746,29970.973465994408,29970.88937652758
2024-10-01 09:30:26.700,BTC-USD,Coinbase,29969.866723778086,29971.29702850681,29970.58187614245
2024-10-01 09:30:26.800,BTC-USD,Gemini,29968.193056659045,29967.94363564673,29968.06834615289
2024-10-01 09:30:26.800,BTC-USD,Coinbase,29967.73938360023,29968.391948842458,29968.065666221344
2024-10-01 09:30:26.900,BTC-USD,Coinbase,29970.956584328724,29971.565879773003,29971.261232050863
2024-10-01 09:30:26.900,BTC-USD,Gemini,29971.45128172333,29970.864866611228,29971.15807416728
2024-10-01 09:30:27.000,BTC-USD,Gemini,29970.426856666487,29971.134059517502,29970.780458091995
2024-10-01 09:30:27.000,BTC-USD,Coinbase,29970.492443517338,29971.90007586981,29971.196259693574
2024-10-01 09:30:27.100,BTC-USD,Gemini,29978.377156651615,29979.628793865646,29979.00297525863
2024-10-01 09:30:27.100,BTC-USD,Coinbase,29977.40001502695,29978.922505660164,29978.161260343557
2024-10-01 09:30:27.200,BTC-USD,Gemini,29979.935383645505,29981.90818585119,29980.921784748345
2024-10-01 09:30:27.200,BTC-USD,Coinbase,29979.920046415744,29981.39750175628,29980.658774086012
2024-10-01 09:30:27.300,BTC-USD,Gemini,29977.24973399252,29976.706862561245,29976.97829827688
2024-10-01 09:30:27.300,BTC-USD,Coinbase,29976.426411726177,29977.65228957989,29977.039350653034
2024-10-01 09:30:27.400,BTC-USD,Coinbase,29979.368000533403,29980.757013611503,29980.062507072453
2024-10-01 09:30:27.400,BTC-USD,Gemini,29978.628815743396,29980.901924995283,29979.76537036934
2024-10-01 09:30:27.500,BTC-USD,Gemini,29984.14427587086,29986.21503236218,29985.17965411652
2024-10-01 09:30:27.500,BTC-USD,Coinbase,29983.995249626092,29985.489881521124,29984.742565573608
2024-10-01 09:30:27.600,BTC-USD,Gemini,29980.593986103726,29982.313384049634,29981.45368507668
2024-10-01 09:30:27.600,BTC-USD,Coinbase,29981.122642263254,29982.67793033601,29981.90028629963
2024-10-01 09:30:27.700,BTC-USD,Coinbase,29979.41334820579,29980.129280368525,29979.771314287158
2024-10-01 09:30:27.700,BTC-USD,Gemini,29978.748393516733,29980.18218072568,29979.465287121206
2024-10-01 09:30:27.800,BTC-USD,Gemini,29968.006963095802,29969.30278565755,29968.654874376676
2024-10-01 09:30:27.800,BTC-USD,Coinbase,29967.6383706748,29968.852425163506,29968.245397919152
2024-10-01 09:30:27.900,BTC-USD,Gemini,29971.65288450441,29973.5658905687,29972.609387536555
2024-10-01 09:30:27.900,BTC-USD,Coinbase,29972.26409148199,29973.260764245966,29972.762427863978
2024-10-01 09:30:28.000,BTC-USD,Coinbase,29969.211004744746,29970.436307143715,29969.82365594423
2024-10-01 09:30:28.000,BTC-USD,Gemini,29969.119106091857,29970.01109884617,29969.565102469016
2024-10-01 09:30:28.100,BTC-USD,Coinbase,29958.66685148004,29959.756965688088,29959.211908584064
2024-10-01 09:30:28.100,BTC-USD,Gemini,29958.036504954656,29960.191968999658,29959.114236977155
2024-10-01 09:30:28.200,BTC-USD,Gemini,29949.463339266596,29949.873375173254,29949.668357219925
2024-10-01 09:30:28.200,BTC-USD,Coinbase,29950.063389134924,29950.67271103241,29950.368050083667
2024-10-01 09:30:28.300,BTC-USD,Gemini,29949.09441751882,29950.76674790608,29949.930582712448
2024-10-01 09:30:28.300,BTC-USD,Coinbase,29948.410834940165,29950.095763662714,29949.25329930144
2024-10-01 09:30:28.400,BTC-USD,Gemini,29952.104019910006,29953.107064139338,29952.60554202467
2024-10-01 09:30:28.400,BTC-USD,Coinbase,29952.415124518833,29953.698073788357,29953.056599153595
2024-10-01 09:30:28.500,BTC-USD,Coinbase,29951.705276271954,29953.517275847138,29952.611276059546
2024-10-01 09:30:28.500,BTC-USD,Gemini,29951.888966566843,29954.047233612102,29952.96810008947
2024-10-01 09:30:28.600,BTC-USD,Gemini,29955.63078566581,29954.32537916247,29954.97808241414
2024-10-01 09:30:28.600,BTC-USD,Coinbase,29954.687780388755,29955.2525493216,29954.970164855178
2024-10-01 09:30:28.700,BTC-USD,Coinbase,29949.140357147393,29949.784976295712,29949.462666721553
2024-10-01 09:30:28.700,BTC-USD,Gemini,29949.672798405096,29950.743334384497,29950.208066394796
2024-10-01 09:30:28.800,BTC-USD,Gemini,29942.989205602487,29943.722325385897,29943.35576549419
2024-10-01 09:30:28.800,BTC-USD,Coinbase,29942.411265473067,29943.100411699317,29942.755838586192
2024-10-01 09:30:28.900,BTC-USD,Gemini,29946.17664560271,29949.02447635694,29947.600560979823
2024-10-01 09:30:28.900,BTC-USD,Coinbase,29946.281817039242,29948.087068199806,29947.184442619524
2024-10-01 09:30:29.000,BTC-USD,Coinbase,29949.015061526665,29950.27526830413,29949.645164915397
2024-10-01 09:30:29.000,BTC-USD,Gemini,29949.301895732104,29949.6306429754,29949.466269353754
2024-10-01 09:30:29.100,BTC-USD,Coinbase,29948.67968513337,29950.305556198007,29949.49262066569
2024-10-01 09:30:29.100,BTC-USD,Gemini,29949.325072442356,29950.634251619194,29949.979662030775
2024-10-01 09:30:29.200,BTC-USD,Gemini,29955.01914467174,29956.3600638623,29955.68960426702
2024-10-01 09:30:29.200,BTC-USD,Coinbase,29955.59518516655,29956.210982415007,29955.903083790778
2024-10-01 09:30:29.300,BTC-USD,Coinbase,29950.33751221898,29951.9567507817,29951.14713150034
2024-10-01 09:30:29.300,BTC-USD,Gemini,29951.01114558132,29952.461634731197,29951.736390156257
2024-10-01 09:30:29.400,BTC-USD,Gemini,29948.250959884783,29949.699399365734,29948.97517962526
2024-10-01 09:30:29.400,BTC-USD,Coinbase,29948.737658501766,29949.353941280842,29949.045799891304
2024-10-01 09:30:29.500,BTC-USD,Coinbase,29953.244895944117,29955.11041714662,29954.17765654537
2024-10-01 09:30:29.500,BTC-USD,Gemini,29952.822696220155,29954.273174853166,29953.547935536662
2024-10-01 09:30:29.600,BTC-USD,Gemini,29963.384723032064,29963.58262299821,29963.483673015136
2024-10-01 09:30:29.600,BTC-USD,Coinbase,29962.732513311774,29964.000743700944,29963.36662850636
2024-10-01 09:30:29.700,BTC-USD,Coinbase,29962.43921671735,29964.378296295035,29963.408756506193
2024-10-01 09:30:29.700,BTC-USD,Gemini,29962.045595464264,29964.644496940273,29963.345046202267
2024-10-01 09:30:29.800,BTC-USD,Gemini,29970.699466040776,29973.476119924395,29972.087792982587
2024-10-01 09:30:29.800,BTC-USD,Coinbase,29971.08004176788,29972.532665320516,29971.806353544198
2024-10-01 09:30:29.900,BTC-USD,Coinbase,29968.092577823765,29969.495023115196,29968.79380046948
2024-10-01 09:30:29.900,BTC-USD,Gemini,29967.745332899744,29970.293042223908,29969.019187561826
2024-10-01 09:30:30.000,BTC-USD,Gemini,29969.144510327344,29971.082561649804,29970.113535988574
2024-10-01 09:30:30.000,BTC-USD,Coinbase,29970.067503944712,29970.817595475524,29970.44254971012
2024-10-01 09:30:30.100,BTC-USD,Gemini,29967.98807542968,29970.733379417776,29969.36072742373
2024-10-01 09:30:30.100,BTC-USD,Coinbase,29968.84936893331,29970.297494656763,29969.573431795037
2024-10-01 09:30:30.200,BTC-USD,Gemini,29960.924484948468,29962.14702359787,29961.53575427317
2024-10-01 09:30:30.200,BTC-USD,Coinbase,29960.816744388678,29962.447634637487,29961.632189513082
2024-10-01 09:30:30.300,BTC-USD,Coinbase,29962.214270300272,29963.62983707632,29962.922053688297
2024-10-01 09:30:30.300,BTC-USD,Gemini,29962.587199377314,29963.43036830121,29963.008783839265
2024-10-01 09:30:30.400,BTC-USD,Coinbase,29966.818845159265,29968.352759148518,29967.58580215389
2024-10-01 09:30:30.400,BTC-USD,Gemini,29967.592047967413,29969.027726965447,29968.30988746643
2024-10-01 09:30:30.500,BTC-USD,Gemini,29966.276788950818,29967.765908215344,29967.021348583083
2024-10-01 09:30:30.500,BTC-USD,Coinbase,29965.93134698047,29967.7575870879,29966.844467034185
2024-10-01 09:30:30.600,BTC-USD,Coinbase,29965.719657805304,29967.2647250105,29966.492191407902
2024-10-01 09:30:30.600,BTC-USD,Gemini,29965.420610744837,29966.698603886263,29966.05960731555
2024-10-01 09:30:30.700,BTC-USD,Gemini,29972.055585983137,29975.087955854295,29973.571770918716
2024-10-01 09:30:30.700,BTC-USD,Coinbase,29972.724841966603,29974.188814018493,29973.456827992548
2024-10-01 09:30:30.800,BTC-USD,Coinbase,29966.562609782213,29967.85391050088,29967.208260141546
2024-10-01 09:30:30.800,BTC-USD,Gemini,29967.268773398213,29968.162469615592,29967.715621506904
2024-10-01 09:30:30.900,BTC-USD,Coinbase,29959.12878372393,29960.311853374893,29959.72031854941
2024-10-01 09:30:30.900,BTC-USD,Gemini,29959.08861334059,29960.768923444837,29959.928768392714
2024-10-01 09:30:31.000,BTC-USD,Gemini,29956.352214768263,29956.588588423576,29956.47040159592
2024-10-01 09:30:31.000,BTC-USD,Coinbase,29955.66554780264,29957.23469785038,29956.45012282651
2024-10-01 09:30:31.100,BTC-USD,Coinbase,29949.59596932546,29951.33804846685,29950.467008896154
2024-10-01 09:30:31.100,BTC-USD,Gemini,29948.847258121288,29951.387362121943,29950.117310121615
2024-10-01 09:30:31.200,BTC-USD,Gemini,29955.57672455548,29957.51725105456,29956.54698780502
2024-10-01 09:30:31.200,BTC-USD,Coinbase,29956.402107515183,29957.99480304172,29957.198455278452
2024-10-01 09:30:31.300,BTC-USD,Gemini,29959.252322425105,29958.62255403229,29958.9374382287
2024-10-01 09:30:31.300,BTC-USD,Coinbase,29958.421790311502,29959.072011420747,29958.746900866125
2024-10-01 09:30:31.400,BTC-USD,Gemini,29954.823494710876,29954.190138288068,29954.506816499474
2024-10-01 09:30:31.400,BTC-USD,Coinbase,29953.984208463145,29954.86866222736,29954.426435345253
2024-10-01 09:30:31.500,BTC-USD,Gemini,29949.972939579173,29952.529246399314,29951.251092989245
2024-10-01 09:30:31.500,BTC-USD,Coinbase,29950.64368614826,29952.06439290744,29951.35403952785
2024-10-01 09:30:31.600,BTC-USD,Gemini,29965.10948121638,29965.80963652278,29965.45955886958
2024-10-01 09:30:31.600,BTC-USD,Coinbase,29964.983874972913,29966.334875990015,29965.659375481464
2024-10-01 09:30:31.700,BTC-USD,Coinbase,29961.670741978105,29963.547108523893,29962.608925251
2024-10-01 09:30:31.700,BTC-USD,Gemini,29961.948462573997,29963.05300963509,29962.500736104543
2024-10-01 09:30:31.800,BTC-USD,Gemini,29956.844476758783,29960.743999463106,29958.794238110946
2024-10-01 09:30:31.800,BTC-USD,Coinbase,29957.81129365781,29959.786310168674,29958.798801913243
2024-10-01 09:30:31.900,BTC-USD,Coinbase,29959.39847176351,29961.24220376226,29960.320337762885
2024-10-01 09:30:31.900,BTC-USD,Gemini,29958.58545827948,29961.291097673628,29959.93827797655
2024-10-01 09:30:32.000,BTC-USD,Gemini,29963.32599195372,29963.884982198244,29963.605487075984
2024-10-01 09:30:32.000,BTC-USD,Coinbase,29962.807233890515,29964.215966232,29963.511600061258
2024-10-01 09:30:32.100,BTC-USD,Coinbase,29963.830439907608,29965.40957860066,29964.620009254133
2024-10-01 09:30:32.100,BTC-USD,Gemini,29964.30747988374,29965.175402902118,29964.74144139293
2024-10-01 09:30:32.200,BTC-USD,Gemini,29958.341587465577,29960.154758258806,29959.248172862193
2024-10-01 09:30:32.200,BTC-USD,Coinbase,29959.190356960826,29960.963402882706,29960.076879921766
2024-10-01 09:30:32.300,BTC-USD,Coinbase,29953.921222818448,29954.64066632444,29954.280944571445
2024-10-01 09:30:32.300,BTC-USD,Gemini,29953.059550236285,29955.154040180616,29954.10679520845
2024-10-01 09:30:32.400,BTC-USD,Coinbase,29956.777054590577,29957.746240084798,29957.261647337687
2024-10-01 09:30:32.400,BTC-USD,Gemini,29956.89470383121,29957.40396117653,29957.14933250387
2024-10-01 09:30:32.500,BTC-USD,Gemini,29956.884525036712,29957.01457942219,29956.949552229453
2024-10-01 09:30:32.500,BTC-USD,Coinbase,29956.72192894787,29957.259463867278,29956.990696407574
2024-10-01 09:30:32.600,BTC-USD,Coinbase,29948.065534109952,29949.501529002806,29948.78353155638
2024-10-01 09:30:32.600,BTC-USD,Gemini,29947.49872838134,29949.491575606222,29948.495151993782
2024-10-01 09:30:32.700,BTC-USD,Gemini,29954.439576334087,29955.110788442,29954.775182388046
2024-10-01 09:30:32.700,BTC-USD,Coinbase,29953.69904232865,29955.578030717454,29954.638536523053
2024-10-01 09:30:32.800,BTC-USD,Gemini,29958.639393195004,29959.09104933867,29958.86522126684
2024-10-01 09:30:32.800,BTC-USD,Coinbase,29958.261606497726,29958.76875665348,29958.515181575603
2024-10-01 09:30:32.900,BTC-USD,Gemini,29957.806977881308,29957.30922727658,29957.558102578943
2024-10-01 09:30:32.900,BTC-USD,Coinbase,29956.96570437746,29957.655116612692,29957.310410495076
2024-10-01 09:30:33.000,BTC-USD,Gemini,29956.294647279563,29956.465091839505,29956.379869559532
2024-10-01 09:30:33.000,BTC-USD,Coinbase,29955.609014570593,29956.409167192785,29956.00909088169
2024-10-01 09:30:33.100,BTC-USD,Gemini,29957.05579468142,29958.290928801485,29957.67336174145
2024-10-01 09:30:33.100,BTC-USD,Coinbase,29956.33194762869,29958.00083201862,29957.166389823655
2024-10-01 09:30:33.200,BTC-USD,Coinbase,29953.203889708035,29954.25879750537,29953.7313436067
2024-10-01 09:30:33.200,BTC-USD,Gemini,29953.548418504393,29954.803060711787,29954.17573960809
2024-10-01 09:30:33.300,BTC-USD,Coinbase,29946.59124830999,29947.388314301817,29946.989781305903
2024-10-01 09:30:33.300,BTC-USD,Gemini,29946.083552560674,29947.258637359344,29946.67109496001
2024-10-01 09:30:33.400,BTC-USD,Gemini,29947.213221375092,29948.35728059519,29947.785250985144
2024-10-01 09:30:33.400,BTC-USD,Coinbase,29948.073086720276,29949.131653458116,29948.602370089196
2024-10-01 09:30:33.500,BTC-USD,Gemini,29941.574559242443,29942.461417270526,29942.017988256484
2024-10-01 09:30:33.500,BTC-USD,Coinbase,29940.96471264809,29941.84916181817,29941.40693723313
2024-10-01 09:30:33.600,BTC-USD,Gemini,29943.56813681553,29943.042129767513,29943.30513329152
2024-10-01 09:30:33.600,BTC-USD,Coinbase,29942.92272261947,29943.798419879677,29943.360571249574
2024-10-01 09:30:33.700,BTC-USD,Coinbase,29935.480153480206,29936.828914330432,29936.15453390532
2024-10-01 09:30:33.700,BTC-USD,Gemini,29935.386177355304,29937.659837924035,29936.52300763967
2024-10-01 09:30:33.800,BTC-USD,Gemini,29934.568813708807,29935.431745839946,29935.000279774376
2024-10-01 09:30:33.800,BTC-USD,Coinbase,29934.905688234918,29936.411287272793,29935.658487753855
2024-10-01 09:30:33.900,BTC-USD,Coinbase,29934.54324340527,29935.41728671689,29934.98026506108
2024-10-01 09:30:33.900,BTC-USD,Gemini,29933.997044998323,29935.48042453653,29934.738734767427
2024-10-01 09:30:34.000,BTC-USD,Gemini,29943.148960719733,29944.717149377757,29943.933055048743
2024-10-01 09:30:34.000,BTC-USD,Coinbase,29943.230983162583,29944.555839555993,29943.893411359288
2024-10-01 09:30:34.100,BTC-USD,Coinbase,29938.299156236662,29938.843833386072,29938.571494811367
2024-10-01 09:30:34.100,BTC-USD,Gemini,29937.50836876433,29938.140025546647,29937.82419715549
2024-10-01 09:30:34.200,BTC-USD,Gemini,29931.186910329285,29933.240972834665,29932.213941581977
2024-10-01 09:30:34.200,BTC-USD,Coinbase,29930.51745928233,29932.47607215283,29931.49676571758
2024-10-01 09:30:34.300,BTC-USD,Gemini,29928.00740989461,29929.46071741435,29928.73406365448
2024-10-01 09:30:34.300,BTC-USD,Coinbase,29927.93900266522,29928.59275571221,29928.265879188715
2024-10-01 09:30:34.400,BTC-USD,Gemini,29922.710965801896,29922.639488400782,29922.67522710134
2024-10-01 09:30:34.400,BTC-USD,Coinbase,29921.97803227578,29923.31640183711,29922.647217056445
2024-10-01 09:30:34.500,BTC-USD,Gemini,29917.738169813605,29921.261831424374,29919.500000618988
2024-10-01 09:30:34.500,BTC-USD,Coinbase,29918.700625849848,29920.69618360222,29919.698404726034
2024-10-01 09:30:34.600,BTC-USD,Coinbase,29921.31102636742,29922.293792872395,29921.802409619908
2024-10-01 09:30:34.600,BTC-USD,Gemini,29920.337276249873,29922.564517674728,29921.4508969623
2024-10-01 09:30:34.700,BTC-USD,Gemini,29924.945919739588,29925.457929512613,29925.2019246261
2024-10-01 09:30:34.700,BTC-USD,Coinbase,29925.19695268931,29926.12764084053,29925.66229676492
2024-10-01 09:30:34.800,BTC-USD,Coinbase,29933.15634369451,29934.763862594995,29933.960103144753
2024-10-01 09:30:34.800,BTC-USD,Gemini,29932.536792530518,29934.499406690145,29933.51809961033
2024-10-01 09:30:34.900,BTC-USD,Gemini,29929.53784459028,29930.39020541819,29929.964025004236
2024-10-01 09:30:34.900,BTC-USD,Coinbase,29929.677440074694,29930.87602449902,29930.276732286857
2024-10-01 09:30:35.000,BTC-USD,Gemini,29942.104659292978,29942.943302825286,29942.52398105913
2024-10-01 09:30:35.000,BTC-USD,Coinbase,29943.019498582205,29943.919354011512,29943.46942629686
2024-10-01 09:30:35.100,BTC-USD,Gemini,29952.156531638455,29954.62382253698,29953.39017708772
2024-10-01 09:30:35.100,BTC-USD,Coinbase,29952.700705723477,29954.060000175083,29953.38035294928
2024-10-01 09:30:35.200,BTC-USD,Coinbase,29951.492407488175,29953.233030409883,29952.36271894903
2024-10-01 09:30:35.200,BTC-USD,Gemini,29951.450458543313,29953.309230539937,29952.379844541625
2024-10-01 09:30:35.300,BTC-USD,Gemini,29940.220527780915,29942.620232796882,29941.4203802889
2024-10-01 09:30:35.300,BTC-USD,Coinbase,29940.15374821387,29941.65748989324,29940.905619053556
2024-10-01 09:30:35.400,BTC-USD,Coinbase,29940.05998969955,29940.920125348715,29940.490057524134
2024-10-01 09:30:35.400,BTC-USD,Gemini,29939.660166660968,29940.13801859687,29939.89909262892
2024-10-01 09:30:35.500,BTC-USD,Coinbase,29940.101737714696,29941.603454169915,29940.852595942306
2024-10-01 09:30:35.500,BTC-USD,Gemini,29940.80279543775,29940.816074865983,29940.809435151867
2024-10-01 09:30:35.600,BTC-USD,Coinbase,29928.408940482623,29930.303762622898,29929.35635155276
2024-10-01 09:30:35.600,BTC-USD,Gemini,29928.57004314942,29929.798468047273,29929.184255598346
2024-10-01 09:30:35.700,BTC-USD,Coinbase,29929.327658069087,29930.123363612183,29929.725510840635
2024-10-01 09:30:35.700,BTC-USD,Gemini,29930.159440387033,29930.700212376636,29930.429826381835
2024-10-01 09:30:35.800,BTC-USD,Coinbase,29927.98590919358,29929.46356985943,29928.724739526504
2024-10-01 09:30:35.800,BTC-USD,Gemini,29928.178654751006,29929.0834218047,29928.631038277854
2024-10-01 09:30:35.900,BTC-USD,Coinbase,29924.171498249278,29925.420867959234,29924.796183104256
2024-10-01 09:30:35.900,BTC-USD,Gemini,29923.345307848314,29925.400734636267,29924.37302124229
2024-10-01 09:30:36.000,BTC-USD,Coinbase,29927.181817874425,29928.67684031239,29927.929329093407
2024-10-01 09:30:36.000,BTC-USD,Gemini,29927.172713134274,29928.73551565242,29927.954114393346
2024-10-01 09:30:36.100,BTC-USD,Coinbase,29932.60277922999,29933.309362758093,29932.95607099404
2024-10-01 09:30:36.100,BTC-USD,Gemini,29932.13963457347,29933.43394436723,29932.78678947035
2024-10-01 09:30:36.200,BTC-USD,Coinbase,29930.100549236635,29930.949820500795,29930.525184868715
2024-10-01 09:30:36.200,BTC-USD,Gemini,29930.92140332665,29931.91868302267,29931.42004317466
2024-10-01 09:30:36.300,BTC-USD,Coinbase,29931.161868283383,29932.183299059503,29931.672583671443
2024-10-01 09:30:36.300,BTC-USD,Gemini,29932.071601444746,29932.859881790133,29932.465741617438
2024-10-01 09:30:36.400,BTC-USD,Gemini,29928.091894156667,29930.183496782298,29929.137695469482
2024-10-01 09:30:36.400,BTC-USD,Coinbase,29927.51892229654,29929.278326375552,29928.398624336045
2024-10-01 09:30:36.500,BTC-USD,Coinbase,29923.92734880921,29925.003844630988,29924.4655967201
2024-10-01 09:30:36.500,BTC-USD,Gemini,29923.330664002682,29924.544928030442,29923.937796016562
2024-10-01 09:30:36.600,BTC-USD,Coinbase,29924.360010544082,29925.366150101818,29924.86308032295
2024-10-01 09:30:36.600,BTC-USD,Gemini,29924.92355582956,29924.5462378869,29924.73489685823
2024-10-01 09:30:36.700,BTC-USD,Coinbase,29926.673974318703,29928.2864019179,29927.4801881183
2024-10-01 09:30:36.700,BTC-USD,Gemini,29927.38338635439,29928.997370137877,29928.190378246134
2024-10-01 09:30:36.800,BTC-USD,Coinbase,29924.30967905627,29925.017768593112,29924.66372382469
2024-10-01 09:30:36.800,BTC-USD,Gemini,29923.840915241617,29924.387364236845,29924.11413973923
2024-10-01 09:30:36.900,BTC-USD,Coinbase,29913.105383486356,29914.085366546547,29913.59537501645
2024-10-01 09:30:36.900,BTC-USD,Gemini,29912.96447751566,29914.69595407075,29913.830215793205
2024-10-01 09:30:37.000,BTC-USD,Coinbase,29915.86118626824,29917.187412191506,29916.524299229874
2024-10-01 09:30:37.000,BTC-USD,Gemini,29916.535684623545,29917.951050611333,29917.24336761744
2024-10-01 09:30:37.100,BTC-USD,Coinbase,29908.031733691074,29909.051286635986,29908.54151016353
2024-10-01 09:30:37.100,BTC-USD,Gemini,29908.015281787735,29909.437264317607,29908.72627305267
2024-10-01 09:30:37.200,BTC-USD,Coinbase,29908.453056629613,29909.849949929787,29909.1515032797
2024-10-01 09:30:37.200,BTC-USD,Gemini,29908.98666824506,29909.24674383619,29909.116706040622
2024-10-01 09:30:37.300,BTC-USD,Coinbase,29917.34550228933,29918.747766582313,29918.04663443582
2024-10-01 09:30:37.300,BTC-USD,Gemini,29917.584368006097,29919.58399658334,29918.58418229472
2024-10-01 09:30:37.400,BTC-USD,Coinbase,29917.606512860624,29918.31846055797,29917.962486709297
2024-10-01 09:30:37.400,BTC-USD,Gemini,29917.55671484878,29918.964676616826,29918.260695732803
2024-10-01 09:30:37.500,BTC-USD,Coinbase,29911.66366830909,29912.363805062916,29912.013736686004
2024-10-01 09:30:37.500,BTC-USD,Gemini,29910.719137284137,29911.714083401712,29911.216610342926
2024-10-01 09:30:37.600,BTC-USD,Coinbase,29903.86963511871,29905.546047787117,29904.707841452913
2024-10-01 09:30:37.600,BTC-USD,Gemini,29904.104222078695,29906.384159951685,29905.24419101519
2024-10-01 09:30:37.700,BTC-USD,Coinbase,29909.997125288664,29911.1231728706,29910.560149079633
2024-10-01 09:30:37.700,BTC-USD,Gemini,29910.695836513565,29910.414965135442,29910.5554008245
2024-10-01 09:30:37.800,BTC-USD,Coinbase,29910.11354836737,29910.837264836773,29910.475406602072
2024-10-01 09:30:37.800,BTC-USD,Gemini,29909.774139316265,29910.055110380887,29909.914624848578
2024-10-01 09:30:37.900,BTC-USD,Coinbase,29912.86679359022,29913.481404533348,29913.174099061784
2024-10-01 09:30:37.900,BTC-USD,Gemini,29912.17324120503,29913.269828615317,29912.721534910175
2024-10-01 09:30:38.000,BTC-USD,Coinbase,29917.24142446688,29918.369791636116,29917.805608051498
2024-10-01 09:30:38.000,BTC-USD,Gemini,29916.597449710673,29918.7419632303,29917.669706470486
2024-10-01 09:30:38.100,BTC-USD,Gemini,29917.168491185792,29918.207802331366,29917.688146758577
2024-10-01 09:30:38.100,BTC-USD,Coinbase,29916.678993306723,29918.442199857887,29917.560596582305
2024-10-01 09:30:38.200,BTC-USD,Coinbase,29915.613739480857,29916.421411297375,29916.017575389116
2024-10-01 09:30:38.200,BTC-USD,Gemini,29914.814014449028,29915.990118227,29915.402066338014
2024-10-01 09:30:38.300,BTC-USD,Coinbase,29910.28456805879,29912.27710574761,29911.2808369032
2024-10-01 09:30:38.300,BTC-USD,Gemini,29911.01621742246,29912.99248763492,29912.00435252869
2024-10-01 09:30:38.400,BTC-USD,Coinbase,29895.602660604676,29896.133965544544,29895.86831307461
2024-10-01 09:30:38.400,BTC-USD,Gemini,29896.333307017885,29896.973162217066,29896.653234617475
2024-10-01 09:30:38.500,BTC-USD,Coinbase,29887.583153945783,29888.973467263826,29888.278310604805
2024-10-01 09:30:38.500,BTC-USD,Gemini,29887.061946098653,29889.164456060073,29888.113201079363
2024-10-01 09:30:38.600,BTC-USD,Coinbase,29887.15599940425,29888.70468673779,29887.93034307102
2024-10-01 09:30:38.600,BTC-USD,Gemini,29886.727071964327,29888.568704536832,29887.64788825058
2024-10-01 09:30:38.700,BTC-USD,Coinbase,29886.404828579485,29887.70323739959,29887.054032989538
2024-10-01 09:30:38.700,BTC-USD,Gemini,29886.36259176434,29886.801293428805,29886.581942596575
2024-10-01 09:30:38.800,BTC-USD,Gemini,29888.229742345666,29888.82132069837,29888.52553152202
2024-10-01 09:30:38.800,BTC-USD,Coinbase,29888.627457973926,29889.5162067357,29889.071832354814
2024-10-01 09:30:38.900,BTC-USD,Gemini,29888.38079474672,29888.571953328235,29888.476374037476
2024-10-01 09:30:38.900,BTC-USD,Coinbase,29887.951062825694,29888.925733501852,29888.438398163773
2024-10-01 09:30:39.000,BTC-USD,Coinbase,29888.569782999075,29889.90058845326,29889.235185726167
2024-10-01 09:30:39.000,BTC-USD,Gemini,29887.686070146385,29889.196623984426,29888.441347065404
2024-10-01 09:30:39.100,BTC-USD,Coinbase,29892.252669787595,29894.095689581147,29893.17417968437
2024-10-01 09:30:39.100,BTC-USD,Gemini,29892.44828948471,29894.34778420138,29893.398036843046
2024-10-01 09:30:39.200,BTC-USD,Coinbase,29888.184154335657,29889.313755647287,29888.74895499147
2024-10-01 09:30:39.200,BTC-USD,Gemini,29887.640777482397,29888.511579084436,29888.076178283416
2024-10-01 09:30:39.300,BTC-USD,Coinbase,29886.804541120782,29887.821789870624,29887.313165495703
2024-10-01 09:30:39.300,BTC-USD,Gemini,29886.03159878671,29887.270330194817,29886.650964490764
2024-10-01 09:30:39.400,BTC-USD,Coinbase,29878.72681944572,29879.82738322756,29879.27710133664
2024-10-01 09:30:39.400,BTC-USD,Gemini,29878.70662910323,29880.176450132585,29879.44153961791
2024-10-01 09:30:39.500,BTC-USD,Gemini,29884.136177141427,29884.91483483183,29884.52550598663
2024-10-01 09:30:39.500,BTC-USD,Coinbase,29883.142068192803,29885.141062360406,29884.141565276605
2024-10-01 09:30:39.600,BTC-USD,Gemini,29883.34022582754,29885.000549252392,29884.170387539965
2024-10-01 09:30:39.600,BTC-USD,Coinbase,29883.883791370157,29884.783518392403,29884.33365488128
2024-10-01 09:30:39.700,BTC-USD,Coinbase,29886.404231205226,29887.16129992865,29886.78276556694
2024-10-01 09:30:39.700,BTC-USD,Gemini,29885.500091282043,29887.475114194094,29886.487602738067
2024-10-01 09:30:39.800,BTC-USD,Coinbase,29893.57553131204,29895.41483132453,29894.495181318285
2024-10-01 09:30:39.800,BTC-USD,Gemini,29894.12641686834,29894.52075912321,29894.323587995776
2024-10-01 09:30:39.900,BTC-USD,Gemini,29898.58013521785,29899.733797636607,29899.15696642723
2024-10-01 09:30:39.900,BTC-USD,Coinbase,29899.548809480544,29900.237011610563,29899.892910545554
2024-10-01 09:30:40.000,BTC-USD,Coinbase,29898.713325764802,29900.47248089612,29899.59290333046
2024-10-01 09:30:40.000,BTC-USD,Gemini,29899.6031963931,29900.348767187472,29899.975981790285
2024-10-01 09:30:40.100,BTC-USD,Coinbase,29902.812388860504,29904.25027121655,29903.531330038528
2024-10-01 09:30:40.100,BTC-USD,Gemini,29902.353821425608,29903.42936261591,29902.89159202076
2024-10-01 09:30:40.200,BTC-USD,Coinbase,29895.404337533982,29897.341281396875,29896.37280946543
2024-10-01 09:30:40.200,BTC-USD,Gemini,29894.57471273495,29896.498769307553,29895.53674102125
2024-10-01 09:30:40.300,BTC-USD,Coinbase,29898.054025257894,29899.030688136358,29898.542356697126
2024-10-01 09:30:40.300,BTC-USD,Gemini,29897.14074193323,29899.818031996234,29898.479386964733
2024-10-01 09:30:40.400,BTC-USD,Coinbase,29898.34516236114,29900.12865178277,29899.236907071954
2024-10-01 09:30:40.400,BTC-USD,Gemini,29899.273509048817,29900.924752284718,29900.099130666767
2024-10-01 09:30:40.500,BTC-USD,Gemini,29889.9752247618,29890.53784252826,29890.25653364503
2024-10-01 09:30:40.500,BTC-USD,Coinbase,29890.82994328736,29891.461180764592,29891.145562025977
2024-10-01 09:30:40.600,BTC-USD,Coinbase,29896.99540678341,29898.66891754792,29897.832162165665
2024-10-01 09:30:40.600,BTC-USD,Gemini,29896.516640623184,29899.305975299507,29897.911307961345
2024-10-01 09:30:40.700,BTC-USD,Coinbase,29893.816397302806,29894.807155265953,29894.31177628438
2024-10-01 09:30:40.700,BTC-USD,Gemini,29893.110345764228,29895.144205043118,29894.127275403673
2024-10-01 09:30:40.800,BTC-USD,Coinbase,29897.132486184088,29898.323353581898,29897.727919882993
2024-10-01 09:30:40.800,BTC-USD,Gemini,29896.961467369903,29898.23684556338,29897.59915646664
2024-10-01 09:30:40.900,BTC-USD,Coinbase,29894.7804514021,29896.476039047982,29895.62824522504
2024-10-01 09:30:40.900,BTC-USD,Gemini,29895.327767068848,29896.95962830473,29896.143697686788
2024-10-01 09:30:41.000,BTC-USD,Coinbase,29899.86978244477,29901.32213690477,29900.59595967477
2024-10-01 09:30:41.000,BTC-USD,Gemini,29899.55970115472,29900.358955146876,29899.9593281508
2024-10-01 09:30:41.100,BTC-USD,Coinbase,29906.563584422394,29907.750952562143,29907.15726849227
2024-10-01 09:30:41.100,BTC-USD,Gemini,29906.11006587938,29907.79106915943,29906.950567519405
2024-10-01 09:30:41.200,BTC-USD,Coinbase,29902.537570681226,29903.476471522605,29903.007021101916
2024-10-01 09:30:41.200,BTC-USD,Gemini,29902.98316983691,29903.23467837589,29903.1089241064
2024-10-01 09:30:41.300,BTC-USD,Coinbase,29894.538459738833,29896.171595526204,29895.35502763252
2024-10-01 09:30:41.300,BTC-USD,Gemini,29894.486897506493,29895.409144280064,29894.94802089328
2024-10-01 09:30:41.400,BTC-USD,Coinbase,29894.09860781687,29895.297346952037,29894.697977384454
2024-10-01 09:30:41.400,BTC-USD,Gemini,29893.480622118987,29895.47164552326,29894.476133821125
2024-10-01 09:30:41.500,BTC-USD,Coinbase,29898.50907457979,29899.37604655939,29898.94256056959
2024-10-01 09:30:41.500,BTC-USD,Gemini,29897.957022597297,29898.7839426424,29898.37048261985
2024-10-01 09:30:41.600,BTC-USD,Coinbase,29896.54192376455,29897.630075748548,29897.08599975655
2024-10-01 09:30:41.600,BTC-USD,Gemini,29896.806140443252,29896.658954442166,29896.73254744271
2024-10-01 09:30:41.700,BTC-USD,Coinbase,29893.171413401353,29894.86535027218,29894.018381836766
2024-10-01 09:30:41.700,BTC-USD,Gemini,29892.766134045687,29894.321373616076,29893.543753830883
2024-10-01 09:30:41.800,BTC-USD,Coinbase,29896.165825219334,29896.753761015356,29896.459793117345
2024-10-01 09:30:41.800,BTC-USD,Gemini,29895.403514515165,29896.601066612828,29896.002290563996
2024-10-01 09:30:41.900,BTC-USD,Coinbase,29882.16052726361,29883.143884290377,29882.652205776994
2024-10-01 09:30:41.900,BTC-USD,Gemini,29881.449771367763,29882.612286778094,29882.03102907293
2024-10-01 09:30:42.000,BTC-USD,Coinbase,29878.533084810166,29880.12417100898,29879.328627909574
2024-10-01 09:30:42.000,BTC-USD,Gemini,29879.377722697416,29881.05598694987,29880.216854823644
2024-10-01 09:30:42.100,BTC-USD,Coinbase,29871.700146627187,29873.119146176923,29872.409646402055
2024-10-01 09:30:42.100,BTC-USD,Gemini,29872.072890472522,29872.233993056343,29872.153441764433
2024-10-01 09:30:42.200,BTC-USD,Coinbase,29873.304112980364,29874.4633168622,29873.88371492128
2024-10-01 09:30:42.200,BTC-USD,Gemini,29873.782052865932,29874.156705525264,29873.969379195598
2024-10-01 09:30:42.300,BTC-USD,Coinbase,29869.835681153407,29870.569255781116,29870.20246846726
2024-10-01 09:30:42.300,BTC-USD,Gemini,29869.9104341642,29871.444100262295,29870.67726721325
2024-10-01 09:30:42.400,BTC-USD,Coinbase,29864.340934126263,29864.912326227048,29864.626630176655
2024-10-01 09:30:42.400,BTC-USD,Gemini,29864.954077573035,29865.022824264855,29864.988450918943
2024-10-01 09:30:42.500,BTC-USD,Gemini,29862.974663586272,29863.215800873648,29863.09523222996
2024-10-01 09:30:42.500,BTC-USD,Coinbase,29862.30667091511,29863.408277699084,29862.857474307097
2024-10-01 09:30:42.600,BTC-USD,Coinbase,29854.749208611865,29856.28165578138,29855.515432196622
2024-10-01 09:30:42.600,BTC-USD,Gemini,29854.233988868276,29856.78564687466,29855.50981787147
2024-10-01 09:30:42.700,BTC-USD,Coinbase,29854.998915423635,29855.90071153566,29855.44981347965
2024-10-01 09:30:42.700,BTC-USD,Gemini,29855.12215403027,29856.622337557972,29855.87224579412
2024-10-01 09:30:42.800,BTC-USD,Coinbase,29851.111407723864,29852.964495729128,29852.037951726496
2024-10-01 09:30:42.800,BTC-USD,Gemini,29851.613507876988,29852.611417404067,29852.11246264053
2024-10-01 09:30:42.900,BTC-USD,Gemini,29850.14079472439,29849.938697995643,29850.039746360017
2024-10-01 09:30:42.900,BTC-USD,Coinbase,29849.436227546033,29850.865485539198,29850.150856542616
2024-10-01 09:30:43.000,BTC-USD,Coinbase,29845.973736307435,29847.15659581409,29846.565166060762
2024-10-01 09:30:43.000,BTC-USD,Gemini,29846.28822584494,29847.202480397864,29846.7453531214
2024-10-01 09:30:43.100,BTC-USD,Gemini,29849.69778325604,29851.51575667406,29850.606769965052
2024-10-01 09:30:43.100,BTC-USD,Coinbase,29850.310450029643,29851.942511100406,29851.126480565024
2024-10-01 09:30:43.200,BTC-USD,Coinbase,29850.107455017383,29851.056969294204,29850.582212155794
2024-10-01 09:30:43.200,BTC-USD,Gemini,29849.8717029047,29851.56884876964,29850.72027583717
2024-10-01 09:30:43.300,BTC-USD,Gemini,29851.645649189035,29853.450749470147,29852.54819932959
2024-10-01 09:30:43.300,BTC-USD,Coinbase,29852.284299508105,29854.12524313007,29853.204771319088
2024-10-01 09:30:43.400,BTC-USD,Coinbase,29855.078081987012,29856.12931412628,29855.603698056646
2024-10-01 09:30:43.400,BTC-USD,Gemini,29854.487182940997,29855.148390805578,29854.81778687329
2024-10-01 09:30:43.500,BTC-USD,Coinbase,29851.318991766642,29851.826894811285,29851.572943288964
2024-10-01 09:30:43.500,BTC-USD,Gemini,29850.335897940207,29851.51255186427,29850.92422490224
2024-10-01 09:30:43.600,BTC-USD,Coinbase,29853.438898929282,29855.40672113319,29854.422810031236
2024-10-01 09:30:43.600,BTC-USD,Gemini,29854.367573571293,29855.507153242914,29854.9373634071
2024-10-01 09:30:43.700,BTC-USD,Coinbase,29855.546290591643,29856.790414213254,29856.16835240245
2024-10-01 09:30:43.700,BTC-USD,Gemini,29855.134432349576,29857.52446005945,29856.329446204512
2024-10-01 09:30:43.800,BTC-USD,Coinbase,29856.80890074156,29858.664289745106,29857.736595243332
2024-10-01 09:30:43.800,BTC-USD,Gemini,29857.40859331273,29857.8341972966,29857.621395304668
2024-10-01 09:30:43.900,BTC-USD,Gemini,29855.944478117297,29856.379341143536,29856.161909630417
2024-10-01 09:30:43.900,BTC-USD,Coinbase,29855.411354630753,29856.07490303987,29855.74312883531
2024-10-01 09:30:44.000,BTC-USD,Coinbase,29853.20897924985,29854.008837513644,29853.608908381746
2024-10-01 09:30:44.000,BTC-USD,Gemini,29854.051087663658,29853.291568343695,29853.67132800368
2024-10-01 09:30:44.100,BTC-USD,Coinbase,29856.923879332524,29858.149457246345,29857.536668289435
2024-10-01 09:30:44.100,BTC-USD,Gemini,29856.41115457049,29859.08703713528,29857.749095852887
2024-10-01 09:30:44.200,BTC-USD,Coinbase,29867.524904087113,29869.368028163743,29868.446466125428
2024-10-01 09:30:44.200,BTC-USD,Gemini,29868.434820274928,29869.57275723681,29869.00378875587
2024-10-01 09:30:44.300,BTC-USD,Gemini,29863.84714246128,29864.01987537608,29863.93350891868
2024-10-01 09:30:44.300,BTC-USD,Coinbase,29863.976808496678,29864.614852184677,29864.295830340678
2024-10-01 09:30:44.400,BTC-USD,Coinbase,29866.314204823815,29867.621937934782,29866.9680713793
2024-10-01 09:30:44.400,BTC-USD,Gemini,29866.94634757108,29868.326701160786,29867.63652436593
2024-10-01 09:30:44.500,BTC-USD,Coinbase,29864.318226078125,29865.95539139804,29865.136808738083
2024-10-01 09:30:44.500,BTC-USD,Gemini,29863.786777566307,29866.827134147206,29865.30695585676
2024-10-01 09:30:44.600,BTC-USD,Coinbase,29868.518283858106,29869.603899611076,29869.06109173459
2024-10-01 09:30:44.600,BTC-USD,Gemini,29868.870547133694,29870.007073192573,29869.438810163134
2024-10-01 09:30:44.700,BTC-USD,Coinbase,29870.668666588568,29871.836649954097,29871.252658271333
2024-10-01 09:30:44.700,BTC-USD,Gemini,29871.53693749345,29871.40652971338,29871.471733603415
2024-10-01 09:30:44.800,BTC-USD,Coinbase,29875.602977600953,29877.50359443591,29876.553286018432
2024-10-01 09:30:44.800,BTC-USD,Gemini,29874.732626499783,29877.689795593866,29876.211211046822
2024-10-01 09:30:44.900,BTC-USD,Coinbase,29861.926586705104,29863.23213771421,29862.579362209657
2024-10-01 09:30:44.900,BTC-USD,Gemini,29862.456868351102,29863.011469986934,29862.734169169016
2024-10-01 09:30:45.000,BTC-USD,Coinbase,29858.80643332171,29860.341464314442,29859.573948818077
2024-10-01 09:30:45.000,BTC-USD,Gemini,29858.974008467474,29859.947184431334,29859.460596449404
2024-10-01 09:30:45.100,BTC-USD,Coinbase,29853.878300487824,29855.387744965683,29854.633022726754
2024-10-01 09:30:45.100,BTC-USD,Gemini,29854.518273914848,29856.225439617047,29855.371856765945
2024-10-01 09:30:45.200,BTC-USD,Coinbase,29853.170147101566,29855.016021638647,29854.093084370106
2024-10-01 09:30:45.200,BTC-USD,Gemini,29853.756612523954,29855.68910141896,29854.722856971457
2024-10-01 09:30:45.300,BTC-USD,Coinbase,29849.96766096187,29850.97984996782,29850.473755464845
2024-10-01 09:30:45.300,BTC-USD,Gemini,29850.05704030266,29851.20632519365,29850.631682748157
2024-10-01 09:30:45.400,BTC-USD,Gemini,29847.515508205044,29848.506851156788,29848.011179680914
2024-10-01 09:30:45.400,BTC-USD,Coinbase,29846.608494802094,29847.9292605522,29847.268877677147
2024-10-01 09:30:45.500,BTC-USD,Coinbase,29850.267978800683,29851.088374754527,29850.678176777605
2024-10-01 09:30:45.500,BTC-USD,Gemini,29851.24967327872,29850.692867657017,29850.971270467868
2024-10-01 09:30:45.600,BTC-USD,Coinbase,29859.688212769706,29860.687422229505,29860.187817499605
2024-10-01 09:30:45.600,BTC-USD,Gemini,29859.508637809984,29861.093082065046,29860.300859937517
2024-10-01 09:30:45.700,BTC-USD,Gemini,29845.467952866074,29846.67259450861,29846.070273687343
2024-10-01 09:30:45.700,BTC-USD,Coinbase,29845.202276908498,29846.935052427096,29846.068664667797
2024-10-01 09:30:45.800,BTC-USD,Coinbase,29843.54362413583,29845.489205133697,29844.516414634763
2024-10-01 09:30:45.800,BTC-USD,Gemini,29842.63674665748,29845.073773462747,29843.855260060114
2024-10-01 09:30:45.900,BTC-USD,Gemini,29844.66043108307,29846.050608603473,29845.355519843273
2024-10-01 09:30:45.900,BTC-USD,Coinbase,29845.58073816003,29846.572629028524,29846.076683594278
2024-10-01 09:30:46.000,BTC-USD,Coinbase,29845.27907092287,29846.92162726123,29846.10034909205
2024-10-01 09:30:46.000,BTC-USD,Gemini,29846.264038525973,29846.26580843321,29846.26492347959
2024-10-01 09:30:46.100,BTC-USD,Gemini,29843.500745948164,29844.704726379063,29844.102736163615
2024-10-01 09:30:46.100,BTC-USD,Coinbase,29843.721457914195,29845.027889417397,29844.374673665796
2024-10-01 09:30:46.200,BTC-USD,Coinbase,29836.837892574305,29838.376779218215,29837.60733589626
2024-10-01 09:30:46.200,BTC-USD,Gemini,29837.314050918696,29838.68056107249,29837.997305995596
2024-10-01 09:30:46.300,BTC-USD,Gemini,29833.21940341002,29834.35841165737,29833.788907533693
2024-10-01 09:30:46.300,BTC-USD,Coinbase,29832.36918470175,29833.418763524347,29832.89397411305
2024-10-01 09:30:46.400,BTC-USD,Coinbase,29836.003843663904,29837.03392429424,29836.51888397907
2024-10-01 09:30:46.400,BTC-USD,Gemini,29835.537680246427,29837.418405694305,29836.478042970368
2024-10-01 09:30:46.500,BTC-USD,Coinbase,29841.493017506265,29842.302375054944,29841.897696280605
2024-10-01 09:30:46.500,BTC-USD,Gemini,29841.688371829012,29841.888509949604,29841.788440889308
2024-10-01 09:30:46.600,BTC-USD,Coinbase,29841.75498007301,29843.00715831984,29842.381069196425
2024-10-01 09:30:46.600,BTC-USD,Gemini,29842.20464100767,29842.057925471818,29842.131283239745
2024-10-01 09:30:46.700,BTC-USD,Coinbase,29837.90836631279,29838.49204837958,29838.200207346184
2024-10-01 09:30:46.700,BTC-USD,Gemini,29837.964875901045,29839.42112063214,29838.692998266593
2024-10-01 09:30:46.800,BTC-USD,Coinbase,29837.783520816716,29839.574003571317,29838.678762194017
2024-10-01 09:30:46.800,BTC-USD,Gemini,29838.46121396957,29840.189746605458,29839.325480287516
2024-10-01 09:30:46.900,BTC-USD,Coinbase,29837.045552202795,29837.91157440501,29837.478563303903
2024-10-01 09:30:46.900,BTC-USD,Gemini,29836.726468669367,29838.65792954749,29837.69219910843
2024-10-01 09:30:47.000,BTC-USD,Coinbase,29839.481268848296,29840.93190396018,29840.206586404238
2024-10-01 09:30:47.000,BTC-USD,Gemini,29839.810590827223,29841.67348748537,29840.742039156296
2024-10-01 09:30:47.100,BTC-USD,Coinbase,29840.168658465158,29841.42750552017,29840.798081992663
2024-10-01 09:30:47.100,BTC-USD,Gemini,29839.272916733265,29842.044269712518,29840.65859322289
2024-10-01 09:30:47.200,BTC-USD,Coinbase,29837.178570333017,29838.199698494333,29837.689134413675
2024-10-01 09:30:47.200,BTC-USD,Gemini,29836.95444489353,29838.20398082275,29837.579212858138
2024-10-01 09:30:47.300,BTC-USD,Coinbase,29837.684629058964,29839.600370421173,29838.642499740068
2024-10-01 09:30:47.300,BTC-USD,Gemini,29837.071140864606,29839.837524417286,29838.454332640948
2024-10-01 09:30:47.400,BTC-USD,Coinbase,29831.858759499337,29833.632193143872,29832.745476321605
2024-10-01 09:30:47.400,BTC-USD,Gemini,29830.955954817593,29832.694783212293,29831.825369014943
2024-10-01 09:30:47.500,BTC-USD,Coinbase,29836.044018353863,29837.647053477926,29836.845535915894
2024-10-01 09:30:47.500,BTC-USD,Gemini,29836.866389713443,29838.60906627795,29837.737727995696
2024-10-01 09:30:47.600,BTC-USD,Coinbase,29842.41845328243,29843.095970817652,29842.75721205004
2024-10-01 09:30:47.600,BTC-USD,Gemini,29841.842066718567,29842.412558335134,29842.12731252685
2024-10-01 09:30:47.700,BTC-USD,Coinbase,29836.267925026445,29837.461458385416,29836.86469170593
2024-10-01 09:30:47.700,BTC-USD,Gemini,29836.42947716716,29837.321949166908,29836.875713167035
2024-10-01 09:30:47.800,BTC-USD,Coinbase,29838.231619132082,29839.7082339293,29838.96992653069
2024-10-01 09:30:47.800,BTC-USD,Gemini,29838.263079460132,29840.215573543723,29839.239326501927
2024-10-01 09:30:47.900,BTC-USD,Coinbase,29833.692077835192,29834.335152642132,29834.013615238662
2024-10-01 09:30:47.900,BTC-USD,Gemini,29833.535652695897,29833.72244676225,29833.629049729076
2024-10-01 09:30:48.000,BTC-USD,Coinbase,29838.600184562805,29840.14388952231,29839.372037042558
2024-10-01 09:30:48.000,BTC-USD,Gemini,29838.364073232915,29839.242969261257,29838.803521247086
2024-10-01 09:30:48.100,BTC-USD,Coinbase,29843.030305902223,29844.754954363238,29843.89263013273
2024-10-01 09:30:48.100,BTC-USD,Gemini,29842.336656992033,29845.7404925343,29844.038574763166
2024-10-01 09:30:48.200,BTC-USD,Coinbase,29841.779840202205,29843.703638613802,29842.741739408004
2024-10-01 09:30:48.200,BTC-USD,Gemini,29842.398947241734,29842.76911526458,29842.584031253158
2024-10-01 09:30:48.300,BTC-USD,Coinbase,29847.089870290933,29848.342945619508,29847.71640795522
2024-10-01 09:30:48.300,BTC-USD,Gemini,29846.87004093114,29849.22416749555,29848.047104213343
2024-10-01 09:30:48.400,BTC-USD,Coinbase,29845.289409094567,29845.832495255465,29845.560952175016
2024-10-01 09:30:48.400,BTC-USD,Gemini,29844.886443951145,29846.57800734239,29845.732225646767
2024-10-01 09:30:48.500,BTC-USD,Coinbase,29841.93987900185,29842.751927033165,29842.345903017507
2024-10-01 09:30:48.500,BTC-USD,Gemini,29842.219963063428,29842.988183076443,29842.604073069935
2024-10-01 09:30:48.600,BTC-USD,Gemini,29839.398050391796,29841.099048410724,29840.248549401258
2024-10-01 09:30:48.600,BTC-USD,Coinbase,29838.648357454458,29840.35624963466,29839.50230354456
2024-10-01 09:30:48.700,BTC-USD,Coinbase,29838.436768621672,29839.15933043861,29838.79804953014
2024-10-01 09:30:48.700,BTC-USD,Gemini,29837.629072145606,29839.61672612621,29838.62289913591
2024-10-01 09:30:48.800,BTC-USD,Gemini,29837.359402769765,29837.666449045693,29837.51292590773
2024-10-01 09:30:48.800,BTC-USD,Coinbase,29836.464266112675,29837.89771671117,29837.180991411922
2024-10-01 09:30:48.900,BTC-USD,Coinbase,29837.21281335528,29838.692619332836,29837.952716344058
2024-10-01 09:30:48.900,BTC-USD,Gemini,29836.966595388163,29837.98088280486,29837.47373909651
2024-10-01 09:30:49.000,BTC-USD,Gemini,29834.114064059977,29835.99048974847,29835.05227690422
2024-10-01 09:30:49.000,BTC-USD,Coinbase,29834.29401822555,29835.460829020547,29834.87742362305
2024-10-01 09:30:49.100,BTC-USD,Coinbase,29837.862017533585,29839.539790762956,29838.70090414827
2024-10-01 09:30:49.100,BTC-USD,Gemini,29837.597060485154,29838.82159725123,29838.209328868194
2024-10-01 09:30:49.200,BTC-USD,Gemini,29842.58634207485,29843.278944957176,29842.93264351601
2024-10-01 09:30:49.200,BTC-USD,Coinbase,29843.46360102863,29844.147899775944,29843.805750402287
2024-10-01 09:30:49.300,BTC-USD,Coinbase,29840.611377989724,29842.04150352871,29841.326440759218
2024-10-01 09:30:49.300,BTC-USD,Gemini,29839.672833856923,29842.39916146231,29841.035997659616
2024-10-01 09:30:49.400,BTC-USD,Coinbase,29833.655205091833,29834.72592882363,29834.19056695773
2024-10-01 09:30:49.400,BTC-USD,Gemini,29834.212604337103,29834.324376515837,29834.268490426468
2024-10-01 09:30:49.500,BTC-USD,Coinbase,29836.91678250545,29838.703083762008,29837.80993313373
2024-10-01 09:30:49.500,BTC-USD,Gemini,29836.497848339466,29839.39823884021,29837.948043589837
2024-10-01 09:30:49.600,BTC-USD,Gemini,29842.363404951848,29844.509872161907,29843.43663855688
2024-10-01 09:30:49.600,BTC-USD,Coinbase,29842.955503303154,29844.049929107623,29843.50271620539
2024-10-01 09:30:49.700,BTC-USD,Coinbase,29842.294830565377,29843.078117903548,29842.686474234462
2024-10-01 09:30:49.700,BTC-USD,Gemini,29842.298903239363,29842.454046327577,29842.376474783472
2024-10-01 09:30:49.800,BTC-USD,Gemini,29835.347118987072,29837.6542247578,29836.500671872436
2024-10-01 09:30:49.800,BTC-USD,Coinbase,29835.74553418777,29836.762243706737,29836.253888947253
2024-10-01 09:30:49.900,BTC-USD,Coinbase,29836.943965216535,29838.2314218551,29837.587693535817
2024-10-01 09:30:49.900,BTC-USD,Gemini,29837.898259430967,29837.695776580516,29837.797018005742
2024-10-01 09:30:50.000,BTC-USD,Coinbase,29844.900916401082,29845.521151960635,29845.21103418086
2024-10-01 09:30:50.000,BTC-USD,Gemini,29845.024682894193,29844.559817797726,29844.79225034596
2024-10-01 09:30:50.100,BTC-USD,Coinbase,29834.93158050749,29836.727221893914,29835.829401200703
2024-10-01 09:30:50.100,BTC-USD,Gemini,29835.08990341326,29836.230836175877,29835.66036979457
2024-10-01 09:30:50.200,BTC-USD,Coinbase,29837.48061745247,29838.957441905528,29838.219029679
2024-10-01 09:30:50.200,BTC-USD,Gemini,29836.953460270932,29838.347212762234,29837.650336516585
2024-10-01 09:30:50.300,BTC-USD,Coinbase,29836.166299600718,29837.135414370936,29836.650856985827
2024-10-01 09:30:50.300,BTC-USD,Gemini,29836.597424787167,29838.05462556905,29837.32602517811
2024-10-01 09:30:50.400,BTC-USD,Coinbase,29831.666416532742,29833.0785595951,29832.37248806392
2024-10-01 09:30:50.400,BTC-USD,Gemini,29830.827218697577,29833.906876816818,29832.367047757198
2024-10-01 09:30:50.500,BTC-USD,Gemini,29833.463948135002,29835.887901527785,29834.675924831394
2024-10-01 09:30:50.500,BTC-USD,Coinbase,29833.875697764015,29835.851273807246,29834.86348578563
2024-10-01 09:30:50.600,BTC-USD,Gemini,29827.19778141563,29828.943510390898,29828.070645903266
2024-10-01 09:30:50.600,BTC-USD,Coinbase,29827.667231846808,29829.07144088487,29828.36933636584
2024-10-01 09:30:50.700,BTC-USD,Gemini,29828.430355792007,29829.91076768886,29829.170561740433
2024-10-01 09:30:50.700,BTC-USD,Coinbase,29829.299364650564,29830.408755174845,29829.854059912705
2024-10-01 09:30:50.800,BTC-USD,Coinbase,29835.659270719658,29837.181438595846,29836.420354657752
2024-10-01 09:30:50.800,BTC-USD,Gemini,29835.631218630315,29837.64134630426,29836.636282467287
2024-10-01 09:30:50.900,BTC-USD,Gemini,29836.477206337076,29839.06648701205,29837.771846674565
2024-10-01 09:30:50.900,BTC-USD,Coinbase,29836.486604920734,29838.120997880134,29837.303801400434
2024-10-01 09:30:51.000,BTC-USD,Gemini,29833.132776701772,29833.855818219166,29833.49429746047
2024-10-01 09:30:51.000,BTC-USD,Coinbase,29832.15719870977,29833.687179805973,29832.92218925787
2024-10-01 09:30:51.100,BTC-USD,Gemini,29824.443072279744,29823.698601525444,29824.070836902596
2024-10-01 09:30:51.100,BTC-USD,Coinbase,29823.61733833866,29824.43395303519,29824.025645686925
2024-10-01 09:30:51.200,BTC-USD,Coinbase,29817.350158753266,29817.881550797516,29817.61585477539
2024-10-01 09:30:51.200,BTC-USD,Gemini,29816.766092329315,29817.986266951055,29817.376179640185
2024-10-01 09:30:51.300,BTC-USD,Gemini,29807.71170654797,29809.713805687847,29808.712756117908
2024-10-01 09:30:51.300,BTC-USD,Coinbase,29807.922079617958,29808.89740863387,29808.409744125915
2024-10-01 09:30:51.400,BTC-USD,Gemini,29815.34008178006,29816.71786137037,29816.028971575215
2024-10-01 09:30:51.400,BTC-USD,Coinbase,29815.831876845186,29816.983935705946,29816.407906275566
2024-10-01 09:30:51.500,BTC-USD,Gemini,29814.41886340848,29815.808475170106,29815.11366928929
2024-10-01 09:30:51.500,BTC-USD,Coinbase,29814.2869897768,29816.033977765026,29815.160483770913
2024-10-01 09:30:51.600,BTC-USD,Coinbase,29809.618404586694,29810.250922661176,29809.934663623935
2024-10-01 09:30:51.600,BTC-USD,Gemini,29810.300885312932,29810.2818743677,29810.291379840317
2024-10-01 09:30:51.700,BTC-USD,Gemini,29803.339578400373,29803.45665582593,29803.398117113153
2024-10-01 09:30:51.700,BTC-USD,Coinbase,29802.56089417163,29804.326345969454,29803.443620070542
2024-10-01 09:30:51.800,BTC-USD,Gemini,29796.946543571874,29797.54008192571,29797.24331274879
2024-10-01 09:30:51.800,BTC-USD,Coinbase,29797.81278169484,29798.402005300624,29798.107393497732
2024-10-01 09:30:51.900,BTC-USD,Gemini,29795.466500861414,29797.86443911989,29796.66546999065
2024-10-01 09:30:51.900,BTC-USD,Coinbase,29795.942741407755,29796.913616869675,29796.428179138715
2024-10-01 09:30:52.000,BTC-USD,Coinbase,29789.462099519227,29790.56815261429,29790.01512606676
2024-10-01 09:30:52.000,BTC-USD,Gemini,29790.17403578276,29789.88045228506,29790.02724403391
2024-10-01 09:30:52.100,BTC-USD,Gemini,29797.873562202527,29799.093543991774,29798.48355309715
2024-10-01 09:30:52.100,BTC-USD,Coinbase,29797.447889109702,29799.345438966717,29798.39666403821
2024-10-01 09:30:52.200,BTC-USD,Coinbase,29793.697927032794,29795.621507133714,29794.659717083254
2024-10-01 09:30:52.200,BTC-USD,Gemini,29794.349148606256,29795.201037477284,29794.775093041768
2024-10-01 09:30:52.300,BTC-USD,Gemini,29790.826763229463,29791.518111043282,29791.172437136374
2024-10-01 09:30:52.300,BTC-USD,Coinbase,29790.466288917592,29791.0273163119,29790.746802614747
2024-10-01 09:30:52.400,BTC-USD,Coinbase,29791.888633563292,29792.682553362756,29792.285593463024
2024-10-01 09:30:52.400,BTC-USD,Gemini,29791.651107426507,29792.03789669414,29791.844502060325
2024-10-01 09:30:52.500,BTC-USD,Gemini,29799.116077927793,29799.155629167104,29799.13585354745
2024-10-01 09:30:52.500,BTC-USD,Coinbase,29798.952352198972,29800.124678289056,29799.538515244014
2024-10-01 09:30:52.600,BTC-USD,Gemini,29805.034383563878,29806.35398657912,29805.6941850715
2024-10-01 09:30:52.600,BTC-USD,Coinbase,29805.704089442523,29806.612701529426,29806.158395485974
2024-10-01 09:30:52.700,BTC-USD,Gemini,29803.636410317198,29805.48250475175,29804.559457534473
2024-10-01 09:30:52.700,BTC-USD,Coinbase,29802.75427666104,29804.684321040888,29803.719298850963
2024-10-01 09:30:52.800,BTC-USD,Coinbase,29804.287311146196,29805.70556678022,29804.996438963208
2024-10-01 09:30:52.800,BTC-USD,Gemini,29805.21838245346,29805.39062662278,29805.30450453812
2024-10-01 09:30:52.900,BTC-USD,Gemini,29804.67248024304,29805.434400679354,29805.053440461197
2024-10-01 09:30:52.900,BTC-USD,Coinbase,29805.247999351614,29806.23783306965,29805.74291621063
2024-10-01 09:30:53.000,BTC-USD,Coinbase,29807.692603767133,29809.0921735692,29808.392388668166
2024-10-01 09:30:53.000,BTC-USD,Gemini,29807.01665703463,29808.425550706714,29807.721103870674
2024-10-01 09:30:53.100,BTC-USD,Gemini,29808.60594481482,29810.372253998827,29809.489099406823
2024-10-01 09:30:53.100,BTC-USD,Coinbase,29808.915081386793,29810.426742289765,29809.67091183828
2024-10-01 09:30:53.200,BTC-USD,Coinbase,29804.05930522208,29805.844234626835,29804.951769924457
2024-10-01 09:30:53.200,BTC-USD,Gemini,29804.598975478977,29806.45864139412,29805.52880843655
2024-10-01 09:30:53.300,BTC-USD,Gemini,29797.536304654604,29800.27705974366,29798.906682199133
2024-10-01 09:30:53.300,BTC-USD,Coinbase,29797.73517311972,29799.566465518685,29798.650819319202
2024-10-01 09:30:53.400,BTC-USD,Coinbase,29798.963171025473,29800.095023084028,29799.52909705475
2024-10-01 09:30:53.400,BTC-USD,Gemini,29799.790019640644,29799.920990522092,29799.855505081367
2024-10-01 09:30:53.500,BTC-USD,Gemini,29792.748481817736,29795.224634192004,29793.98655800487
2024-10-01 09:30:53.500,BTC-USD,Coinbase,29792.792630262516,29794.430182677886,29793.6114064702
2024-10-01 09:30:53.600,BTC-USD,Coinbase,29799.447399686833,29801.407647139233,29800.427523413033
2024-10-01 09:30:53.600,BTC-USD,Gemini,29799.554657950815,29801.513807304837,29800.534232627826
2024-10-01 09:30:53.700,BTC-USD,Gemini,29800.826066481543,29800.415783354703,29800.620924918123
2024-10-01 09:30:53.700,BTC-USD,Coinbase,29799.9768376297,29801.277507313076,29800.627172471388
2024-10-01 09:30:53.800,BTC-USD,Gemini,29794.19336380031,29796.20002535439,29795.19669457735
2024-10-01 09:30:53.800,BTC-USD,Coinbase,29794.698072212163,29796.29549710349,29795.496784657826
2024-10-01 09:30:53.900,BTC-USD,Gemini,29792.42104189151,29794.902837318645,29793.661939605077
2024-10-01 09:30:53.900,BTC-USD,Coinbase,29793.271964086547,29794.50525670887,29793.88861039771
2024-10-01 09:30:54.000,BTC-USD,Coinbase,29790.815088025938,29791.889059873636,29791.352073949787
2024-10-01 09:30:54.000,BTC-USD,Gemini,29791.555774331966,29792.49799686225,29792.026885597108
2024-10-01 09:30:54.100,BTC-USD,Coinbase,29790.293338890788,29791.098410802148,29790.695874846468
2024-10-01 09:30:54.100,BTC-USD,Gemini,29789.55176484603,29790.630822412804,29790.09129362942
2024-10-01 09:30:54.200,BTC-USD,Gemini,29795.9769621875,29796.588494850945,29796.28272851922
2024-10-01 09:30:54.200,BTC-USD,Coinbase,29795.10672407959,29795.74351410984,29795.425119094714
2024-10-01 09:30:54.300,BTC-USD,Gemini,29787.265871515745,29789.431017151805,29788.348444333773
2024-10-01 09:30:54.300,BTC-USD,Coinbase,29787.70960600958,29788.696352855623,29788.2029794326
2024-10-01 09:30:54.400,BTC-USD,Gemini,29777.67497422599,29779.18208556957,29778.428529897777
2024-10-01 09:30:54.400,BTC-USD,Coinbase,29778.349059109296,29779.381132403392,29778.865095756344
2024-10-01 09:30:54.500,BTC-USD,Gemini,29779.854084863713,29782.201164766946,29781.02762481533
2024-10-01 09:30:54.500,BTC-USD,Coinbase,29779.877863492155,29781.23283755072,29780.555350521438
2024-10-01 09:30:54.600,BTC-USD,Gemini,29778.294785686023,29781.164691998565,29779.729738842296
2024-10-01 09:30:54.600,BTC-USD,Coinbase,29778.916045956626,29780.421826413003,29779.668936184815
2024-10-01 09:30:54.700,BTC-USD,Gemini,29778.833528722378,29780.451680547823,29779.6426046351
2024-10-01 09:30:54.700,BTC-USD,Coinbase,29779.701975651882,29781.268147098624,29780.485061375253
2024-10-01 09:30:54.800,BTC-USD,Coinbase,29781.88092911755,29783.534658997494,29782.707794057522
2024-10-01 09:30:54.800,BTC-USD,Gemini,29781.77986231386,29783.23604851466,29782.507955414258
2024-10-01 09:30:54.900,BTC-USD,Coinbase,29781.123347218654,29782.481757122292,29781.802552170473
2024-10-01 09:30:54.900,BTC-USD,Gemini,29780.927078597084,29783.285979622913,29782.10652911
2024-10-01 09:30:55.000,BTC-USD,Coinbase,29785.16688609327,29786.435115617605,29785.801000855437
2024-10-01 09:30:55.000,BTC-USD,Gemini,29784.321799783756,29785.821518990935,29785.071659387344
2024-10-01 09:30:55.100,BTC-USD,Coinbase,29780.6272122699,29782.04477424144,29781.33599325567
2024-10-01 09:30:55.100,BTC-USD,Gemini,29781.06101929783,29781.2312964383,29781.14615786807
2024-10-01 09:30:55.200,BTC-USD,Coinbase,29780.8809836957,29782.43477875826,29781.65788122698
2024-10-01 09:30:55.200,BTC-USD,Gemini,29780.43819574821,29783.16557855122,29781.801887149715
2024-10-01 09:30:55.300,BTC-USD,Gemini,29776.196870757216,29778.325339383202,29777.26110507021
2024-10-01 09:30:55.300,BTC-USD,Coinbase,29776.61989939008,29778.388242969875,29777.504071179977
2024-10-01 09:30:55.400,BTC-USD,Gemini,29771.08471723218,29772.338051905295,29771.711384568738
2024-10-01 09:30:55.400,BTC-USD,Coinbase,29771.415634211746,29772.293451463953,29771.85454283785
2024-10-01 09:30:55.500,BTC-USD,Gemini,29773.711404109024,29775.959579644335,29774.835491876678
2024-10-01 09:30:55.500,BTC-USD,Coinbase,29774.037511121118,29775.826063647582,29774.93178738435
2024-10-01 09:30:55.600,BTC-USD,Gemini,29777.88428439441,29777.889509534823,29777.886896964617
2024-10-01 09:30:55.600,BTC-USD,Coinbase,29777.37857432404,29778.175531864214,29777.777053094127
2024-10-01 09:30:55.700,BTC-USD,Gemini,29767.010511251803,29767.994052241796,29767.502281746798
2024-10-01 09:30:55.700,BTC-USD,Coinbase,29767.80409966012,29768.33020572018,29768.06715269015
2024-10-01 09:30:55.800,BTC-USD,Gemini,29761.366129428177,29764.02369364712,29762.69491153765
2024-10-01 09:30:55.800,BTC-USD,Coinbase,29761.609648150497,29763.304664813917,29762.457156482207
2024-10-01 09:30:55.900,BTC-USD,Gemini,29763.83723709718,29764.550002236796,29764.19361966699
2024-10-01 09:30:55.900,BTC-USD,Coinbase,29763.494021577815,29764.340134686772,29763.917078132294
2024-10-01 09:30:56.000,BTC-USD,Coinbase,29768.38933810708,29770.14713860343,29769.268238355256
2024-10-01 09:30:56.000,BTC-USD,Gemini,29769.000075437296,29769.9105459518,29769.455310694546
2024-10-01 09:30:56.100,BTC-USD,Gemini,29764.967954887445,29765.96907935827,29765.468517122856
2024-10-01 09:30:56.100,BTC-USD,Coinbase,29765.42088133271,29766.455992160587,29765.93843674665
2024-10-01 09:30:56.200,BTC-USD,Gemini,29765.46581213525,29765.279644269685,29765.37272820247
2024-10-01 09:30:56.200,BTC-USD,Coinbase,29764.50474720801,29765.53402508149,29765.01938614475
2024-10-01 09:30:56.300,BTC-USD,Gemini,29756.98874070642,29758.683626819286,29757.836183762854
2024-10-01 09:30:56.300,BTC-USD,Coinbase,29757.050360366677,29758.854945701594,29757.952653034135
2024-10-01 09:30:56.400,BTC-USD,Coinbase,29769.687559892216,29771.325860007095,29770.506709949655
2024-10-01 09:30:56.400,BTC-USD,Gemini,29770.276879363904,29771.13401199039,29770.705445677148
2024-10-01 09:30:56.500,BTC-USD,Gemini,29771.759161764396,29772.243670503947,29772.00141613417
2024-10-01 09:30:56.500,BTC-USD,Coinbase,29772.588568469608,29773.176063231087,29772.882315850347
2024-10-01 09:30:56.600,BTC-USD,Coinbase,29776.39716051373,29778.313602261496,29777.355381387613
2024-10-01 09:30:56.600,BTC-USD,Gemini,29775.963537953445,29778.14545694885,29777.054497451147
2024-10-01 09:30:56.700,BTC-USD,Gemini,29780.345787362792,29781.905165343636,29781.125476353212
2024-10-01 09:30:56.700,BTC-USD,Coinbase,29780.239206197606,29781.051765287986,29780.645485742796
2024-10-01 09:30:56.800,BTC-USD,Coinbase,29784.561765903116,29786.06164215606,29785.311704029587
2024-10-01 09:30:56.800,BTC-USD,Gemini,29784.340682412694,29785.61511714459,29784.97789977864
2024-10-01 09:30:56.900,BTC-USD,Gemini,29787.42858369715,29789.717259344063,29788.57292152061
2024-10-01 09:30:56.900,BTC-USD,Coinbase,29787.396715448845,29789.307521638428,29788.352118543637
2024-10-01 09:30:57.000,BTC-USD,Gemini,29786.65909138946,29786.777398709495,29786.71824504948
2024-10-01 09:30:57.000,BTC-USD,Coinbase,29785.79440714927,29787.557954519038,29786.676180834154
2024-10-01 09:30:57.100,BTC-USD,Gemini,29789.9354579271,29791.87893796354,29790.90719794532
2024-10-01 09:30:57.100,BTC-USD,Coinbase,29789.7800303447,29791.01246367889,29790.396247011795
2024-10-01 09:30:57.200,BTC-USD,Coinbase,29789.83159731554,29791.752296060768,29790.791946688154
2024-10-01 09:30:57.200,BTC-USD,Gemini,29789.597866023603,29791.20959094908,29790.403728486344
2024-10-01 09:30:57.300,BTC-USD,Gemini,29796.497305173856,29798.113101794974,29797.305203484415
2024-10-01 09:30:57.300,BTC-USD,Coinbase,29796.510526992937,29798.03912699728,29797.274826995108
2024-10-01 09:30:57.400,BTC-USD,Gemini,29792.265199677127,29793.29407887562,29792.779639276374
2024-10-01 09:30:57.400,BTC-USD,Coinbase,29793.159628897443,29794.03454667175,29793.597087784598
2024-10-01 09:30:57.500,BTC-USD,Gemini,29790.17583718052,29792.425014459102,29791.300425819813
2024-10-01 09:30:57.500,BTC-USD,Coinbase,29789.917591275673,29791.863978570076,29790.890784922874
2024-10-01 09:30:57.600,BTC-USD,Coinbase,29793.521138234217,29794.871973755537,29794.196555994877
2024-10-01 09:30:57.600,BTC-USD,Gemini,29793.455748083157,29794.330682868393,29793.893215475775
2024-10-01 09:30:57.700,BTC-USD,Gemini,29800.353086489693,29801.563189366552,29800.958137928123
2024-10-01 09:30:57.700,BTC-USD,Coinbase,29800.103035197517,29801.086531135672,29800.594783166594
2024-10-01 09:30:57.800,BTC-USD,Gemini,29799.9761628885,29801.413287747866,29800.694725318182
2024-10-01 09:30:57.800,BTC-USD,Coinbase,29800.744687387472,29801.8964922585,29801.320589822986
2024-10-01 09:30:57.900,BTC-USD,Gemini,29796.53369726013,29798.45670018802,29797.495198724075
2024-10-01 09:30:57.900,BTC-USD,Coinbase,29797.36247297598,29798.153429197282,29797.75795108663
2024-10-01 09:30:58.000,BTC-USD,Coinbase,29796.483023477365,29797.843319974785,29797.163171726075
2024-10-01 09:30:58.000,BTC-USD,Gemini,29796.535667933018,29798.245189158075,29797.390428545546
2024-10-01 09:30:58.100,BTC-USD,Gemini,29794.62024771761,29795.225743068193,29794.922995392903
2024-10-01 09:30:58.100,BTC-USD,Coinbase,29793.99704593093,29795.34705673058,29794.672051330755
2024-10-01 09:30:58.200,BTC-USD,Gemini,29803.898845436146,29804.41605068359,29804.15744805987
2024-10-01 09:30:58.200,BTC-USD,Coinbase,29803.78651703247,29804.52596142972,29804.156239231095
2024-10-01 09:30:58.300,BTC-USD,Gemini,29807.478224188435,29809.83054458114,29808.654384384787
2024-10-01 09:30:58.300,BTC-USD,Coinbase,29808.088668790355,29809.210901168277,29808.649784979316
2024-10-01 09:30:58.400,BTC-USD,Coinbase,29814.522282056554,29815.42171790813,29814.971999982343
2024-10-01 09:30:58.400,BTC-USD,Gemini,29814.78173289945,29815.03476453996,29814.908248719705
2024-10-01 09:30:58.500,BTC-USD,Gemini,29814.72878910977,29817.41157990684,29816.070184508302
2024-10-01 09:30:58.500,BTC-USD,Coinbase,29815.558051014086,29817.401396381276,29816.47972369768
2024-10-01 09:30:58.600,BTC-USD,Gemini,29812.70032713166,29814.28656092089,29813.493444026273
2024-10-01 09:30:58.600,BTC-USD,Coinbase,29813.307979217472,29814.100237885334,29813.704108551403
2024-10-01 09:30:58.700,BTC-USD,Gemini,29819.5995699245,29821.079892270012,29820.339731097258
2024-10-01 09:30:58.700,BTC-USD,Coinbase,29818.864158874134,29820.276694674092,29819.570426774113
2024-10-01 09:30:58.800,BTC-USD,Gemini,29827.043629130196,29827.577850788533,29827.310739959365
2024-10-01 09:30:58.800,BTC-USD,Coinbase,29827.1100676848,29828.57028119942,29827.84017444211
2024-10-01 09:30:58.900,BTC-USD,Gemini,29829.306026160386,29830.880934273904,29830.093480217147
2024-10-01 09:30:58.900,BTC-USD,Coinbase,29830.047202516387,29831.45273933603,29830.74997092621
2024-10-01 09:30:59.000,BTC-USD,Gemini,29829.229727738122,29831.8659512423,29830.54783949021
2024-10-01 09:30:59.000,BTC-USD,Coinbase,29830.098881688282,29831.158536975687,29830.628709331984
2024-10-01 09:30:59.100,BTC-USD,Gemini,29836.3728970105,29835.640622923605,29836.00675996705
2024-10-01 09:30:59.100,BTC-USD,Coinbase,29835.600118624854,29836.467037841066,29836.03357823296
2024-10-01 09:30:59.200,BTC-USD,Gemini,29834.717123780832,29833.44752247187,29834.08232312635
2024-10-01 09:30:59.200,BTC-USD,Coinbase,29833.921809793126,29834.43419816077,29834.178003976947
2024-10-01 09:30:59.300,BTC-USD,Gemini,29837.61371058945,29838.39115717681,29838.002433883128
2024-10-01 09:30:59.300,BTC-USD,Coinbase,29837.597195125727,29838.40421870026,29838.000706912993
2024-10-01 09:30:59.400,BTC-USD,Gemini,29833.545475414216,29835.3266602949,29834.436067854556
2024-10-01 09:30:59.400,BTC-USD,Coinbase,29833.58222987058,29835.30334179237,29834.442785831474
2024-10-01 09:30:59.500,BTC-USD,Gemini,29829.621527282652,29829.558976362783,29829.590251822716
2024-10-01 09:30:59.500,BTC-USD,Coinbase,29829.132455909476,29830.04945686382,29829.590956386648
2024-10-01 09:30:59.600,BTC-USD,Gemini,29830.97040449382,29832.85914332762,29831.91477391072
2024-10-01 09:30:59.600,BTC-USD,Coinbase,29831.7726982129,29833.073663359482,29832.42318078619
2024-10-01 09:30:59.700,BTC-USD,Gemini,29834.192315370627,29834.80121273882,29834.496764054726
2024-10-01 09:30:59.700,BTC-USD,Coinbase,29833.639687927738,29834.585975728878,29834.112831828308
2024-10-01 09:30:59.800,BTC-USD,Gemini,29842.93471926928,29844.477831212735,29843.706275241006
2024-10-01 09:30:59.800,BTC-USD,Coinbase,29843.336182095278,29843.932545304764,29843.63436370002
2024-10-01 09:30:59.900,BTC-USD,Gemini,29841.15838518673,29842.64101040496,29841.899697795845
2024-10-01 09:30:59.900,BTC-USD,Coinbase,29841.66773430444,29842.799922450784,29842.23382837761
2024-10-01 09:31:00.000,BTC-USD,Gemini,29842.296647596446,29842.368797767525,29842.332722681986
2024-10-01 09:31:00.000,BTC-USD,Coinbase,29841.35680168079,29843.345330622462,29842.351066151627
2024-10-01 09:31:00.100,BTC-USD,Gemini,29837.001097677683,29836.387431263385,29836.694264470534
2024-10-01 09:31:00.100,BTC-USD,Coinbase,29836.100081853932,29837.202657296235,29836.651369575084
2024-10-01 09:31:00.200,BTC-USD,Gemini,29826.581585782667,29828.172011764294,29827.376798773483
2024-10-01 09:31:00.200,BTC-USD,Coinbase,29826.80477395659,29827.80516280355,29827.30496838007
2024-10-01 09:31:00.300,BTC-USD,Gemini,29818.501168681705,29819.882837024168,29819.192002852935
2024-10-01 09:31:00.300,BTC-USD,Coinbase,29817.721156208318,29819.08063004048,29818.4008931244
2024-10-01 09:31:00.400,BTC-USD,Gemini,29820.847386434187,29820.395915234254,29820.62165083422
2024-10-01 09:31:00.400,BTC-USD,Coinbase,29820.197511057126,29821.235354033666,29820.716432545396
2024-10-01 09:31:00.500,BTC-USD,Gemini,29813.69133447598,29815.119634231574,29814.405484353778
2024-10-01 09:31:00.500,BTC-USD,Coinbase,29814.406200297635,29815.260273894288,29814.83323709596
2024-10-01 09:31:00.600,BTC-USD,Gemini,29820.011623381648,29821.848995779117,29820.930309580384
2024-10-01 09:31:00.600,BTC-USD,Coinbase,29819.93088654202,29821.00345727932,29820.46717191067
2024-10-01 09:31:00.700,BTC-USD,Gemini,29826.878731044835,29828.88416458807,29827.881447816453
2024-10-01 09:31:00.700,BTC-USD,Coinbase,29826.653333452403,29828.503678293124,29827.578505872763
2024-10-01 09:31:00.800,BTC-USD,Gemini,29824.934464561742,29825.841343712626,29825.387904137184
2024-10-01 09:31:00.800,BTC-USD,Coinbase,29825.794462685382,29826.5085140231,29826.15148835424
2024-10-01 09:31:00.900,BTC-USD,Gemini,29834.212432485954,29835.643283620913,29834.927858053434
2024-10-01 09:31:00.900,BTC-USD,Coinbase,29834.095305107978,29834.791919433228,29834.443612270603
2024-10-01 09:31:01.000,BTC-USD,Gemini,29835.345166562107,29836.524483351113,29835.93482495661
2024-10-01 09:31:01.000,BTC-USD,Coinbase,29834.76401435182,29836.395206955418,29835.579610653618
2024-10-01 09:31:01.100,BTC-USD,Gemini,29840.946692053447,29842.38192142079,29841.66430673712
2024-10-01 09:31:01.100,BTC-USD,Coinbase,29840.813651387616,29841.595115742355,29841.204383564986
2024-10-01 09:31:01.200,BTC-USD,Gemini,29839.75121604548,29839.62507348916,29839.68814476732
2024-10-01 09:31:01.200,BTC-USD,Coinbase,29839.727695171037,29840.42400854805,29840.075851859543
2024-10-01 09:31:01.300,BTC-USD,Gemini,29843.80491366848,29846.122950095523,29844.963931882
2024-10-01 09:31:01.300,BTC-USD,Coinbase,29844.439156565346,29845.304255349478,29844.871705957412
2024-10-01 09:31:01.400,BTC-USD,Gemini,29838.587890912255,29840.134583158953,29839.361237035606
2024-10-01 09:31:01.400,BTC-USD,Coinbase,29839.243128244045,29841.067111842305,29840.155120043175
2024-10-01 09:31:01.500,BTC-USD,Gemini,29842.908819485117,29844.063036571966,29843.485928028542
2024-10-01 09:31:01.500,BTC-USD,Coinbase,29842.31331733986,29844.223747649157,29843.26853249451
2024-10-01 09:31:01.600,BTC-USD,Gemini,29840.147705467225,29842.026311952664,29841.087008709947
2024-10-01 09:31:01.600,BTC-USD,Coinbase,29840.022909307623,29841.921985215176,29840.9724472614
2024-10-01 09:31:01.700,BTC-USD,Gemini,29838.95270192863,29841.060270358998,29840.006486143815
2024-10-01 09:31:01.700,BTC-USD,Coinbase,29839.83425055776,29840.805045994864,29840.319648276312
2024-10-01 09:31:01.800,BTC-USD,Gemini,29843.13445082515,29843.949473782155,29843.54196230365
2024-10-01 09:31:01.800,BTC-USD,Coinbase,29842.54891678461,29844.407565441317,29843.478241112964
2024-10-01 09:31:01.900,BTC-USD,Gemini,29844.64465396726,29844.50876420734,29844.5767090873
2024-10-01 09:31:01.900,BTC-USD,Coinbase,29844.04429800838,29844.639301227257,29844.341799617818
2024-10-01 09:31:02.000,BTC-USD,Gemini,29843.52948047351,29844.802537382027,29844.16600892777
2024-10-01 09:31:02.000,BTC-USD,Coinbase,29843.358533626968,29844.58131593679,29843.96992478188
2024-10-01 09:31:02.100,BTC-USD,Gemini,29846.106705714916,29848.184029394706,29847.14536755481
2024-10-01 09:31:02.100,BTC-USD,Coinbase,29846.944707029812,29848.272934109475,29847.608820569643
2024-10-01 09:31:02.200,BTC-USD,Gemini,29851.40017255429,29852.104072992734,29851.752122773512
2024-10-01 09:31:02.200,BTC-USD,Coinbase,29851.037851695157,29852.211851889555,29851.624851792356
2024-10-01 09:31:02.300,BTC-USD,Gemini,29843.626546388085,29846.0484557616,29844.837501074842
2024-10-01 09:31:02.300,BTC-USD,Coinbase,29843.71595122461,29845.683681828796,29844.699816526703
2024-10-01 09:31:02.400,BTC-USD,Gemini,29847.233441480003,29847.496198797948,29847.364820138973
2024-10-01 09:31:02.400,BTC-USD,Coinbase,29846.678909626015,29848.310167084845,29847.49453835543
2024-10-01 09:31:02.500,BTC-USD,Gemini,29850.948083948766,29850.87959776122,29850.91384085499
2024-10-01 09:31:02.500,BTC-USD,Coinbase,29850.24142153753,29851.457665727543,29850.849543632536
2024-10-01 09:31:02.600,BTC-USD,Gemini,29846.637899105175,29848.031780654757,29847.334839879964
2024-10-01 09:31:02.600,BTC-USD,Coinbase,29846.291444861174,29847.890447957656,29847.090946409415
2024-10-01 09:31:02.700,BTC-USD,Gemini,29848.285145791782,29849.57652689968,29848.93083634573
2024-10-01 09:31:02.700,BTC-USD,Coinbase,29848.198065251217,29849.84183569464,29849.019950472928
2024-10-01 09:31:02.800,BTC-USD,Gemini,29841.565844718327,29842.666364291657,29842.116104504992
2024-10-01 09:31:02.800,BTC-USD,Coinbase,29842.064624482522,29842.732942657432,29842.398783569977
2024-10-01 09:31:02.900,BTC-USD,Gemini,29849.255910122512,29849.388644343988,29849.322277233252
2024-10-01 09:31:02.900,BTC-USD,Coinbase,29849.10362071183,29850.087187454417,29849.595404083124
2024-10-01 09:31:03.000,BTC-USD,Gemini,29847.328773102163,29849.217452626963,29848.27311286456
2024-10-01 09:31:03.000,BTC-USD,Coinbase,29847.91148542251,29848.902780008597,29848.407132715554
2024-10-01 09:31:03.100,BTC-USD,Gemini,29846.21550028148,29849.06024812259,29847.637874202035
2024-10-01 09:31:03.100,BTC-USD,Coinbase,29847.056885758324,29848.971776872484,29848.014331315404
2024-10-01 09:31:03.200,BTC-USD,Gemini,29853.923759628015,29854.563594004383,29854.2436768162
2024-10-01 09:31:03.200,BTC-USD,Coinbase,29853.11113640092,29854.891445842346,29854.001291121633
2024-10-01 09:31:03.300,BTC-USD,Gemini,29852.405325948614,29854.0143056337,29853.209815791157
2024-10-01 09:31:03.300,BTC-USD,Coinbase,29852.812158659246,29853.76301290904,29853.287585784143
2024-10-01 09:31:03.400,BTC-USD,Gemini,29855.765890791936,29856.425964276154,29856.095927534043
2024-10-01 09:31:03.400,BTC-USD,Coinbase,29855.290913314173,29857.27313607771,29856.28202469594
2024-10-01 09:31:03.500,BTC-USD,Gemini,29850.99694971502,29851.249581069467,29851.12326539224
2024-10-01 09:31:03.500,BTC-USD,Coinbase,29850.74062457855,29851.349421717987,29851.04502314827
2024-10-01 09:31:03.600,BTC-USD,Gemini,29848.511569800645,29848.926750930823,29848.719160365734
2024-10-01 09:31:03.600,BTC-USD,Coinbase,29847.695742719265,29848.69675533442,29848.19624902684
2024-10-01 09:31:03.700,BTC-USD,Gemini,29840.63411134481,29840.748454272813,29840.69128280881
2024-10-01 09:31:03.700,BTC-USD,Coinbase,29840.833034346557,29841.63488987585,29841.233962111204
2024-10-01 09:31:03.800,BTC-USD,Gemini,29838.840909154358,29840.54034840199,29839.690628778175
2024-10-01 09:31:03.800,BTC-USD,Coinbase,29839.55251706621,29840.833560775845,29840.19303892103
2024-10-01 09:31:03.900,BTC-USD,Gemini,29844.773500298874,29845.50849331269,29845.14099680578
2024-10-01 09:31:03.900,BTC-USD,Coinbase,29844.419571823408,29846.276860299997,29845.348216061702
2024-10-01 09:31:04.000,BTC-USD,Gemini,29845.221559973506,29848.149048816314,29846.68530439491
2024-10-01 09:31:04.000,BTC-USD,Coinbase,29845.62536014737,29847.307153820086,29846.466256983727
2024-10-01 09:31:04.100,BTC-USD,Gemini,29849.982176841437,29851.64522005609,29850.813698448765
2024-10-01 09:31:04.100,BTC-USD,Coinbase,29850.609693650295,29851.165596628052,29850.887645139173
2024-10-01 09:31:04.200,BTC-USD,Gemini,29845.469952948053,29845.869795538176,29845.669874243114
2024-10-01 09:31:04.200,BTC-USD,Coinbase,29845.320311334646,29846.1929022825,29845.756606808573
2024-10-01 09:31:04.300,BTC-USD,Gemini,29840.929814205374,29842.97571052975,29841.95276236756
2024-10-01 09:31:04.300,BTC-USD,Coinbase,29840.50725665451,29842.173683123783,29841.340469889146
2024-10-01 09:31:04.400,BTC-USD,Gemini,29839.289233917745,29838.74571769311,29839.017475805427
2024-10-01 09:31:04.400,BTC-USD,Coinbase,29838.552616077126,29839.47289199452,29839.012754035823
2024-10-01 09:31:04.500,BTC-USD,Coinbase,29841.012108594154,29842.739128750454,29841.875618672304
2024-10-01 09:31:04.500,BTC-USD,Gemini,29840.158489706402,29842.858019539977,29841.50825462319
2024-10-01 09:31:04.600,BTC-USD,Coinbase,29842.940800598943,29844.37472304029,29843.657761819617
2024-10-01 09:31:04.600,BTC-USD,Gemini,29843.303953603623,29843.40125097503,29843.352602289327
2024-10-01 09:31:04.700,BTC-USD,Coinbase,29842.808421126017,29844.354211076363,29843.58131610119
2024-10-01 09:31:04.700,BTC-USD,Gemini,29842.467703580667,29843.985591327913,29843.226647454292
2024-10-01 09:31:04.800,BTC-USD,Coinbase,29845.908795366093,29847.48013028002,29846.694462823056
2024-10-01 09:31:04.800,BTC-USD,Gemini,29845.94419154481,29848.241720282054,29847.09295591343
2024-10-01 09:31:04.900,BTC-USD,Coinbase,29845.25483799938,29846.620103335594,29845.937470667486
2024-10-01 09:31:04.900,BTC-USD,Gemini,29844.56628577342,29846.877355993063,29845.721820883242
2024-10-01 09:31:05.000,BTC-USD,Coinbase,29845.441519407283,29846.218177233506,29845.829848320394
2024-10-01 09:31:05.000,BTC-USD,Gemini,29845.785357702393,29846.073784887754,29845.929571295073
2024-10-01 09:31:05.100,BTC-USD,Coinbase,29851.49526285882,29853.212782074872,29852.354022466847
2024-10-01 09:31:05.100,BTC-USD,Gemini,29850.803720110027,29853.564302220344,29852.184011165184
2024-10-01 09:31:05.200,BTC-USD,Coinbase,29848.74986859113,29850.09548936169,29849.42267897641
2024-10-01 09:31:05.200,BTC-USD,Gemini,29847.926249586584,29850.771222132662,29849.348735859625
2024-10-01 09:31:05.300,BTC-USD,Coinbase,29849.544842779047,29851.12732653958,29850.336084659313
2024-10-01 09:31:05.300,BTC-USD,Gemini,29848.86152380864,29850.345568271925,29849.60354604028
2024-10-01 09:31:05.400,BTC-USD,Coinbase,29858.126143072783,29858.6654743349,29858.39580870384
2024-10-01 09:31:05.400,BTC-USD,Gemini,29858.473848111884,29858.668148536737,29858.57099832431
2024-10-01 09:31:05.500,BTC-USD,Coinbase,29858.51913579375,29859.291528635622,29858.905332214686
2024-10-01 09:31:05.500,BTC-USD,Gemini,29858.9166732692,29859.0678158661,29858.99224456765
2024-10-01 09:31:05.600,BTC-USD,Coinbase,29861.76410808549,29863.112091119125,29862.438099602306
2024-10-01 09:31:05.600,BTC-USD,Gemini,29861.909055126904,29863.014218926408,29862.461637026656
2024-10-01 09:31:05.700,BTC-USD,Coinbase,29858.553693454356,29860.25568794807,29859.404690701213
2024-10-01 09:31:05.700,BTC-USD,Gemini,29857.985941814506,29860.486942859985,29859.236442337246
2024-10-01 09:31:05.800,BTC-USD,Coinbase,29868.666273885265,29869.70831136095,29869.187292623108
2024-10-01 09:31:05.800,BTC-USD,Gemini,29868.363895250433,29869.127655777804,29868.74577551412
2024-10-01 09:31:05.900,BTC-USD,Coinbase,29857.12568089292,29858.75259216227,29857.939136527595
2024-10-01 09:31:05.900,BTC-USD,Gemini,29857.617636826246,29859.303275280057,29858.46045605315
2024-10-01 09:31:06.000,BTC-USD,Coinbase,29852.016393013335,29852.51865966285,29852.26752633809
2024-10-01 09:31:06.000,BTC-USD,Gemini,29852.083599882273,29851.758159803703,29851.92087984299
2024-10-01 09:31:06.100,BTC-USD,Coinbase,29846.71482667337,29847.28178455167,29846.99830561252
2024-10-01 09:31:06.100,BTC-USD,Gemini,29847.23939353148,29846.890728424714,29847.065060978097
2024-10-01 09:31:06.200,BTC-USD,Coinbase,29854.33093729666,29855.86370926012,29855.09732327839
2024-10-01 09:31:06.200,BTC-USD,Gemini,29853.70912954796,29856.749086067033,29855.229107807496
2024-10-01 09:31:06.300,BTC-USD,Coinbase,29855.869236885133,29857.85022098408,29856.859728934607
2024-10-01 09:31:06.300,BTC-USD,Gemini,29855.134468099073,29857.431869536493,29856.283168817783
2024-10-01 09:31:06.400,BTC-USD,Coinbase,29855.061281702718,29856.034906342942,29855.54809402283
2024-10-01 09:31:06.400,BTC-USD,Gemini,29855.373105149014,29856.22596177628,29855.799533462647
2024-10-01 09:31:06.500,BTC-USD,Coinbase,29848.637184237385,29849.64142460897,29849.139304423177
2024-10-01 09:31:06.500,BTC-USD,Gemini,29847.72907259405,29848.92287190974,29848.325972251896
2024-10-01 09:31:06.600,BTC-USD,Coinbase,29850.45484741031,29851.465051865056,29850.959949637683
2024-10-01 09:31:06.600,BTC-USD,Gemini,29850.43811632312,29851.76202874265,29851.100072532885
2024-10-01 09:31:06.700,BTC-USD,Coinbase,29850.845222725566,29852.215014342804,29851.530118534185
2024-10-01 09:31:06.700,BTC-USD,Gemini,29851.05163503962,29851.626658150184,29851.339146594903
2024-10-01 09:31:06.800,BTC-USD,Coinbase,29847.51941357746,29848.611129459994,29848.065271518728
2024-10-01 09:31:06.800,BTC-USD,Gemini,29848.444963900736,29849.4647871837,29848.95487554222
2024-10-01 09:31:06.900,BTC-USD,Coinbase,29840.084527036557,29841.13074446692,29840.607635751738
2024-10-01 09:31:06.900,BTC-USD,Gemini,29840.417593306483,29840.954165511168,29840.685879408826
2024-10-01 09:31:07.000,BTC-USD,Coinbase,29834.268430206495,29835.919264039614,29835.093847123055
2024-10-01 09:31:07.000,BTC-USD,Gemini,29833.55823568689,29836.68296128255,29835.12059848472
2024-10-01 09:31:07.100,BTC-USD,Coinbase,29835.909488086465,29836.412334071676,29836.16091107907
2024-10-01 09:31:07.100,BTC-USD,Gemini,29835.471394538803,29835.641450942265,29835.556422740534
2024-10-01 09:31:07.200,BTC-USD,Coinbase,29836.81297277837,29838.61895727611,29837.71596502724
2024-10-01 09:31:07.200,BTC-USD,Gemini,29835.955517114584,29839.044263817537,29837.49989046606
2024-10-01 09:31:07.300,BTC-USD,Coinbase,29837.275881584686,29838.887484407922,29838.081682996304
2024-10-01 09:31:07.300,BTC-USD,Gemini,29838.214434555615,29838.29601143217,29838.255222993892
2024-10-01 09:31:07.400,BTC-USD,Coinbase,29836.35620374105,29838.29131115261,29837.32375744683
2024-10-01 09:31:07.400,BTC-USD,Gemini,29835.77587411661,29837.76980708816,29836.772840602385
2024-10-01 09:31:07.500,BTC-USD,Coinbase,29827.599213618283,29829.36093166314,29828.480072640712
2024-10-01 09:31:07.500,BTC-USD,Gemini,29827.531504782648,29829.808205940997,29828.669855361823
2024-10-01 09:31:07.600,BTC-USD,Coinbase,29827.87863442658,29829.569212396,29828.72392341129
2024-10-01 09:31:07.600,BTC-USD,Gemini,29826.991513111218,29829.801017447357,29828.396265279287
2024-10-01 09:31:07.700,BTC-USD,Coinbase,29823.0915930167,29824.030904422467,29823.561248719583
2024-10-01 09:31:07.700,BTC-USD,Gemini,29822.58113654403,29823.088013552257,29822.834575048146
2024-10-01 09:31:07.800,BTC-USD,Coinbase,29822.934608075124,29824.605787355777,29823.77019771545
2024-10-01 09:31:07.800,BTC-USD,Gemini,29822.89985560345,29824.644339845065,29823.772097724257
2024-10-01 09:31:07.900,BTC-USD,Coinbase,29825.397453729784,29826.793447626536,29826.09545067816
2024-10-01 09:31:07.900,BTC-USD,Gemini,29825.089319730556,29827.58291561454,29826.33611767255
2024-10-01 09:31:08.000,BTC-USD,Coinbase,29822.204496128536,29823.22865021955,29822.716573174042
2024-10-01 09:31:08.000,BTC-USD,Gemini,29821.27946384362,29822.48570193568,29821.88258288965
2024-10-01 09:31:08.100,BTC-USD,Gemini,29817.570547960673,29818.013055716245,29817.79180183846
2024-10-01 09:31:08.100,BTC-USD,Coinbase,29816.743776711814,29818.458663870257,29817.601220291035
2024-10-01 09:31:08.200,BTC-USD,Gemini,29822.54212517732,29822.70613857171,29822.624131874516
2024-10-01 09:31:08.200,BTC-USD,Coinbase,29821.95213466521,29823.186417400517,29822.569276032864
2024-10-01 09:31:08.300,BTC-USD,Gemini,29823.512709182385,29826.000047856447,29824.756378519414
2024-10-01 09:31:08.300,BTC-USD,Coinbase,29823.340009097978,29825.316514842,29824.32826196999
2024-10-01 09:31:08.400,BTC-USD,Gemini,29820.743919465687,29821.923382956455,29821.33365121107
2024-10-01 09:31:08.400,BTC-USD,Coinbase,29820.353869349652,29821.936398476035,29821.145133912843
2024-10-01 09:31:08.500,BTC-USD,Gemini,29805.11957189769,29807.475317995388,29806.29744494654
2024-10-01 09:31:08.500,BTC-USD,Coinbase,29805.23369182374,29807.053414573173,29806.143553198457
2024-10-01 09:31:08.600,BTC-USD,Gemini,29804.769165812257,29806.378920562987,29805.574043187622
2024-10-01 09:31:08.600,BTC-USD,Coinbase,29804.97188086532,29806.823970992933,29805.897925929126
2024-10-01 09:31:08.700,BTC-USD,Gemini,29807.998514421753,29810.305870002572,29809.15219221216
2024-10-01 09:31:08.700,BTC-USD,Coinbase,29808.35487986924,29809.73235384691,29809.043616858075
2024-10-01 09:31:08.800,BTC-USD,Gemini,29814.712385425835,29814.673641600188,29814.69301351301
2024-10-01 09:31:08.800,BTC-USD,Coinbase,29813.731924992553,29815.570877696857,29814.651401344705
2024-10-01 09:31:08.900,BTC-USD,Gemini,29809.830442266706,29812.50163329651,29811.166037781608
2024-10-01 09:31:08.900,BTC-USD,Coinbase,29810.564012054125,29811.96019708709,29811.262104570607
2024-10-01 09:31:09.000,BTC-USD,Gemini,29808.030824787944,29808.412443919176,29808.221634353562
2024-10-01 09:31:09.000,BTC-USD,Coinbase,29807.41332950588,29808.68057196163,29808.046950733755
2024-10-01 09:31:09.100,BTC-USD,Gemini,29805.660478963462,29806.879482246644,29806.26998060505
2024-10-01 09:31:09.100,BTC-USD,Coinbase,29804.836122378973,29806.828711821876,29805.832417100424
2024-10-01 09:31:09.200,BTC-USD,Gemini,29808.62923488293,29809.915254150867,29809.2722445169
2024-10-01 09:31:09.200,BTC-USD,Coinbase,29809.249971726265,29810.7940808062,29810.022026266233
2024-10-01 09:31:09.300,BTC-USD,Gemini,29803.936103254975,29804.50284309915,29804.219473177065
2024-10-01 09:31:09.300,BTC-USD,Coinbase,29803.380482040455,29804.916390228274,29804.148436134365
2024-10-01 09:31:09.400,BTC-USD,Gemini,29803.048975718597,29804.67115418764,29803.860064953118
2024-10-01 09:31:09.400,BTC-USD,Coinbase,29802.59281355693,29804.57528972031,29803.58405163862
2024-10-01 09:31:09.500,BTC-USD,Gemini,29798.597646561033,29799.83366619119,29799.21565637611
2024-10-01 09:31:09.500,BTC-USD,Coinbase,29798.233538722972,29799.677119141594,29798.955328932283
2024-10-01 09:31:09.600,BTC-USD,Gemini,29800.594712883605,29800.946526610758,29800.77061974718
2024-10-01 09:31:09.600,BTC-USD,Coinbase,29800.045938419706,29800.55020434602,29800.298071382862
2024-10-01 09:31:09.700,BTC-USD,Gemini,29791.395942657353,29792.70404308988,29792.049992873617
2024-10-01 09:31:09.700,BTC-USD,Coinbase,29791.76745191248,29793.281843962443,29792.524647937462
2024-10-01 09:31:09.800,BTC-USD,Gemini,29794.325811294104,29795.490601882888,29794.908206588494
2024-10-01 09:31:09.800,BTC-USD,Coinbase,29793.683844982697,29795.127052876254,29794.405448929476
2024-10-01 09:31:09.900,BTC-USD,Gemini,29790.382610480505,29792.166408705998,29791.27450959325
2024-10-01 09:31:09.900,BTC-USD,Coinbase,29791.12639692948,29792.718031797733,29791.922214363607
2024-10-01 09:31:10.000,BTC-USD,Gemini,29789.724809261537,29792.41654583163,29791.070677546584
2024-10-01 09:31:10.000,BTC-USD,Coinbase,29789.820987461895,29791.78305820729,29790.802022834592
2024-10-01 09:31:10.100,BTC-USD,Gemini,29792.084618749104,29793.77256218016,29792.92859046463
2024-10-01 09:31:10.100,BTC-USD,Coinbase,29792.62799246945,29794.23359537087,29793.43079392016
2024-10-01 09:31:10.200,BTC-USD,Gemini,29797.33332528787,29799.415839988633,29798.37458263825
2024-10-01 09:31:10.200,BTC-USD,Coinbase,29798.15403366378,29800.145688952,29799.14986130789
2024-10-01 09:31:10.300,BTC-USD,Gemini,29789.000414403552,29791.040408106313,29790.020411254933
2024-10-01 09:31:10.300,BTC-USD,Coinbase,29789.823955291115,29791.50589731443,29790.664926302772
2024-10-01 09:31:10.400,BTC-USD,Gemini,29794.476555251676,29797.138316699195,29795.807435975436
2024-10-01 09:31:10.400,BTC-USD,Coinbase,29794.69771669985,29796.667686617486,29795.68270165867
2024-10-01 09:31:10.500,BTC-USD,Gemini,29797.483555142633,29798.499381525817,29797.991468334225
2024-10-01 09:31:10.500,BTC-USD,Coinbase,29797.897047157603,29799.049916189295,29798.47348167345
2024-10-01 09:31:10.600,BTC-USD,Gemini,29797.052287028,29797.20056385822,29797.126425443108
2024-10-01 09:31:10.600,BTC-USD,Coinbase,29796.565357412223,29797.434686971817,29797.00002219202
2024-10-01 09:31:10.700,BTC-USD,Gemini,29803.683401002527,29805.254676291694,29804.469038647112
2024-10-01 09:31:10.700,BTC-USD,Coinbase,29803.356566022918,29804.68347348987,29804.020019756394
2024-10-01 09:31:10.800,BTC-USD,Gemini,29804.0489193003,29805.028128680588,29804.538523990443
2024-10-01 09:31:10.800,BTC-USD,Coinbase,29804.046998288417,29805.87954348413,29804.963270886274
2024-10-01 09:31:10.900,BTC-USD,Gemini,29810.848072342902,29812.054835869065,29811.451454105983
2024-10-01 09:31:10.900,BTC-USD,Coinbase,29810.5357249237,29812.325184889705,29811.430454906702
2024-10-01 09:31:11.000,BTC-USD,Gemini,29807.746908682,29808.90434522948,29808.32562695574
2024-10-01 09:31:11.000,BTC-USD,Coinbase,29807.714047304995,29809.218966280445,29808.46650679272
2024-10-01 09:31:11.100,BTC-USD,Gemini,29803.687152761675,29805.214097177635,29804.450624969657
2024-10-01 09:31:11.100,BTC-USD,Coinbase,29803.58021739896,29804.68559853992,29804.13290796944
2024-10-01 09:31:11.200,BTC-USD,Gemini,29809.8516316502,29811.44909391778,29810.650362783992
2024-10-01 09:31:11.200,BTC-USD,Coinbase,29809.79981338561,29810.71257368427,29810.25619353494
2024-10-01 09:31:11.300,BTC-USD,Gemini,29820.998454695953,29821.472273319705,29821.23536400783
2024-10-01 09:31:11.300,BTC-USD,Coinbase,29820.808704017207,29821.346403686122,29821.077553851665
2024-10-01 09:31:11.400,BTC-USD,Gemini,29824.274586384916,29824.11728648013,29824.195936432523
2024-10-01 09:31:11.400,BTC-USD,Coinbase,29823.683366224675,29824.809594082097,29824.246480153386
2024-10-01 09:31:11.500,BTC-USD,Gemini,29827.65696307525,29829.689191461424,29828.673077268337
2024-10-01 09:31:11.500,BTC-USD,Coinbase,29828.074981971193,29829.329825950386,29828.70240396079
2024-10-01 09:31:11.600,BTC-USD,Gemini,29825.897378267135,29826.74544261003,29826.321410438584
2024-10-01 09:31:11.600,BTC-USD,Coinbase,29825.346347503575,29827.319477299745,29826.33291240166
2024-10-01 09:31:11.700,BTC-USD,Gemini,29819.68551828352,29821.322876211158,29820.50419724734
2024-10-01 09:31:11.700,BTC-USD,Coinbase,29819.031442750696,29820.382705975142,29819.70707436292
2024-10-01 09:31:11.800,BTC-USD,Gemini,29818.43679487736,29818.607712153393,29818.522253515377
2024-10-01 09:31:11.800,BTC-USD,Coinbase,29817.893301123542,29819.261157035697,29818.57722907962
2024-10-01 09:31:11.900,BTC-USD,Gemini,29825.402911661997,29825.934293581944,29825.66860262197
2024-10-01 09:31:11.900,BTC-USD,Coinbase,29825.479547416653,29826.678098684242,29826.078823050448
2024-10-01 09:31:12.000,BTC-USD,Gemini,29817.45572161674,29817.982941806684,29817.719331711713
2024-10-01 09:31:12.000,BTC-USD,Coinbase,29816.51562230575,29817.037435227983,29816.776528766866
2024-10-01 09:31:12.100,BTC-USD,Gemini,29813.514981583783,29814.5929316068,29814.053956595293
2024-10-01 09:31:12.100,BTC-USD,Coinbase,29813.834888238798,29814.7648969885,29814.29989261365
2024-10-01 09:31:12.200,BTC-USD,Gemini,29804.37558920768,29805.46094796601,29804.918268586844
2024-10-01 09:31:12.200,BTC-USD,Coinbase,29803.984113675277,29805.470269112146,29804.72719139371
2024-10-01 09:31:12.300,BTC-USD,Gemini,29804.897795938814,29805.347630947523,29805.12271344317
2024-10-01 09:31:12.300,BTC-USD,Coinbase,29804.487403846615,29806.049671049266,29805.26853744794
2024-10-01 09:31:12.400,BTC-USD,Gemini,29808.35571632579,29810.8597601744,29809.607738250095
2024-10-01 09:31:12.400,BTC-USD,Coinbase,29808.676907852376,29810.602611785816,29809.639759819096
2024-10-01 09:31:12.500,BTC-USD,Gemini,29802.25902909231,29804.295334509978,29803.277181801146
2024-10-01 09:31:12.500,BTC-USD,Coinbase,29802.814909640627,29804.037289576998,29803.426099608812
2024-10-01 09:31:12.600,BTC-USD,Gemini,29801.344170273605,29802.655063640846,29801.999616957226
2024-10-01 09:31:12.600,BTC-USD,Coinbase,29800.61292335207,29802.145359598362,29801.379141475216
2024-10-01 09:31:12.700,BTC-USD,Gemini,29806.858087025674,29809.590432791756,29808.224259908715
2024-10-01 09:31:12.700,BTC-USD,Coinbase,29807.16039120783,29808.855360953607,29808.00787608072
2024-10-01 09:31:12.800,BTC-USD,Gemini,29807.71831553259,29808.549476772587,29808.13389615259
2024-10-01 09:31:12.800,BTC-USD,Coinbase,29806.746763944233,29808.38432153609,29807.56554274016
2024-10-01 09:31:12.900,BTC-USD,Gemini,29800.039505575816,29801.667842859093,29800.853674217455
2024-10-01 09:31:12.900,BTC-USD,Coinbase,29801.02499635344,29801.713618762176,29801.36930755781
2024-10-01 09:31:13.000,BTC-USD,Gemini,29794.448563663733,29795.179385507134,29794.813974585435
2024-10-01 09:31:13.000,BTC-USD,Coinbase,29793.870146421734,29795.705862253035,29794.788004337384
2024-10-01 09:31:13.100,BTC-USD,Gemini,29784.071975301234,29785.18890640073,29784.630440850982
2024-10-01 09:31:13.100,BTC-USD,Coinbase,29783.899972908785,29785.529560769934,29784.71476683936
2024-10-01 09:31:13.200,BTC-USD,Gemini,29787.943028048943,29788.727024176012,29788.33502611248
2024-10-01 09:31:13.200,BTC-USD,Coinbase,29787.829161836376,29789.33331859358,29788.58124021498
2024-10-01 09:31:13.300,BTC-USD,Gemini,29784.88161315101,29785.44268768672,29785.162150418866
2024-10-01 09:31:13.300,BTC-USD,Coinbase,29784.49260125516,29785.20865995754,29784.85063060635
2024-10-01 09:31:13.400,BTC-USD,Gemini,29788.45306584563,29790.385647060342,29789.419356452985
2024-10-01 09:31:13.400,BTC-USD,Coinbase,29789.146588639913,29791.061478319574,29790.104033479744
2024-10-01 09:31:13.500,BTC-USD,Gemini,29792.69158715342,29796.00032111179,29794.345954132605
2024-10-01 09:31:13.500,BTC-USD,Coinbase,29793.679229382404,29795.199126932683,29794.439178157543
2024-10-01 09:31:13.600,BTC-USD,Gemini,29791.405329369274,29790.772999978108,29791.089164673693
2024-10-01 09:31:13.600,BTC-USD,Coinbase,29790.74620389957,29791.53185489595,29791.13902939776
2024-10-01 09:31:13.700,BTC-USD,Gemini,29788.576371150106,29789.869802640285,29789.223086895196
2024-10-01 09:31:13.700,BTC-USD,Coinbase,29787.810218894145,29789.188301532933,29788.49926021354
2024-10-01 09:31:13.800,BTC-USD,Gemini,29792.550997813825,29792.99404974874,29792.772523781285
2024-10-01 09:31:13.800,BTC-USD,Coinbase,29792.03127334993,29792.753589172942,29792.392431261436
2024-10-01 09:31:13.900,BTC-USD,Gemini,29793.110969299796,29794.41742900549,29793.764199152643
2024-10-01 09:31:13.900,BTC-USD,Coinbase,29792.848326825475,29793.430812660383,29793.13956974293
2024-10-01 09:31:14.000,BTC-USD,Gemini,29794.694365307565,29795.47512328447,29795.084744296015
2024-10-01 09:31:14.000,BTC-USD,Coinbase,29793.694962927075,29795.26247134724,29794.478717137157
2024-10-01 09:31:14.100,BTC-USD,Gemini,29785.705167369026,29787.90734805711,29786.80625771307
2024-10-01 09:31:14.100,BTC-USD,Coinbase,29785.440297080557,29787.04623374875,29786.243265414654
2024-10-01 09:31:14.200,BTC-USD,Gemini,29789.94777855688,29790.88360670283,29790.415692629856
2024-10-01 09:31:14.200,BTC-USD,Coinbase,29790.095303276732,29791.36834850512,29790.731825890925
2024-10-01 09:31:14.300,BTC-USD,Gemini,29786.62217207705,29786.869153923726,29786.745663000387
2024-10-01 09:31:14.300,BTC-USD,Coinbase,29785.99289669998,29786.717497718222,29786.3551972091
2024-10-01 09:31:14.400,BTC-USD,Gemini,29774.962328002144,29775.128516583594,29775.045422292867
2024-10-01 09:31:14.400,BTC-USD,Coinbase,29774.51248851869,29775.50286228503,29775.00767540186
2024-10-01 09:31:14.500,BTC-USD,Gemini,29771.73972860433,29771.858596308346,29771.799162456336
2024-10-01 09:31:14.500,BTC-USD,Coinbase,29771.594487367456,29772.25161090418,29771.923049135818
2024-10-01 09:31:14.600,BTC-USD,Gemini,29773.725745532684,29774.390673994785,29774.058209763734
2024-10-01 09:31:14.600,BTC-USD,Coinbase,29773.612972275772,29774.45308840423,29774.03303034
2024-10-01 09:31:14.700,BTC-USD,Gemini,29784.09630796686,29785.543609090782,29784.819958528824
2024-10-01 09:31:14.700,BTC-USD,Coinbase,29784.21925026123,29784.818070505535,29784.518660383383
2024-10-01 09:31:14.800,BTC-USD,Gemini,29782.645841356356,29783.862799866532,29783.254320611442
2024-10-01 09:31:14.800,BTC-USD,Coinbase,29781.907139466515,29783.40191705763,29782.654528262072
2024-10-01 09:31:14.900,BTC-USD,Gemini,29775.073602042932,29775.932430970985,29775.50301650696
2024-10-01 09:31:14.900,BTC-USD,Coinbase,29775.171852074585,29776.839388369634,29776.00562022211
2024-10-01 09:31:15.000,BTC-USD,Gemini,29785.599697032998,29787.162419634307,29786.381058333653
2024-10-01 09:31:15.000,BTC-USD,Coinbase,29785.98499096688,29787.26098556518,29786.62298826603
2024-10-01 09:31:15.100,BTC-USD,Gemini,29785.679552084628,29788.888747395984,29787.284149740306
2024-10-01 09:31:15.100,BTC-USD,Coinbase,29786.678729969743,29788.169626042905,29787.424178006324
2024-10-01 09:31:15.200,BTC-USD,Gemini,29785.75540059736,29785.93991216833,29785.847656382844
2024-10-01 09:31:15.200,BTC-USD,Coinbase,29785.755575051997,29786.481054625867,29786.118314838932
2024-10-01 09:31:15.300,BTC-USD,Gemini,29778.8951410932,29781.44834127211,29780.171741182654
2024-10-01 09:31:15.300,BTC-USD,Coinbase,29779.807353349264,29781.66940693491,29780.738380142087
2024-10-01 09:31:15.400,BTC-USD,Gemini,29775.140537686613,29775.57328298616,29775.356910336384
2024-10-01 09:31:15.400,BTC-USD,Coinbase,29775.022862408237,29776.414117955348,29775.718490181793
2024-10-01 09:31:15.500,BTC-USD,Gemini,29781.981001407363,29783.96227477912,29782.971638093244
2024-10-01 09:31:15.500,BTC-USD,Coinbase,29782.76845278742,29783.455254333992,29783.111853560706
2024-10-01 09:31:15.600,BTC-USD,Gemini,29780.657155758796,29783.157118946896,29781.907137352846
2024-10-01 09:31:15.600,BTC-USD,Coinbase,29781.10782369709,29782.408975422204,29781.758399559647
2024-10-01 09:31:15.700,BTC-USD,Gemini,29778.747363826977,29779.75967207053,29779.253517948753
2024-10-01 09:31:15.700,BTC-USD,Coinbase,29778.47533517418,29779.66337592751,29779.069355550844
2024-10-01 09:31:15.800,BTC-USD,Gemini,29776.50592005968,29777.948047557096,29777.22698380839
2024-10-01 09:31:15.800,BTC-USD,Coinbase,29775.618749162328,29777.420834115415,29776.51979163887
2024-10-01 09:31:15.900,BTC-USD,Gemini,29783.95434102646,29784.239946865564,29784.09714394601
2024-10-01 09:31:15.900,BTC-USD,Coinbase,29783.546844659006,29785.171396749687,29784.359120704346
2024-10-01 09:31:16.000,BTC-USD,Gemini,29781.899304898576,29781.48180436087,29781.69055462972
2024-10-01 09:31:16.000,BTC-USD,Coinbase,29781.08916993598,29781.734934689073,29781.412052312528
2024-10-01 09:31:16.100,BTC-USD,Gemini,29784.04415131457,29784.32110922301,29784.18263026879
2024-10-01 09:31:16.100,BTC-USD,Coinbase,29783.816816226506,29785.288884380905,29784.552850303706
2024-10-01 09:31:16.200,BTC-USD,Gemini,29785.086126930724,29786.061958997383,29785.574042964054
2024-10-01 09:31:16.200,BTC-USD,Coinbase,29785.59354421958,29786.173575385492,29785.883559802536
2024-10-01 09:31:16.300,BTC-USD,Gemini,29786.369811457836,29787.22446312377,29786.797137290803
2024-10-01 09:31:16.300,BTC-USD,Coinbase,29786.458031862076,29787.7017464102,29787.079889136137
2024-10-01 09:31:16.400,BTC-USD,Gemini,29781.723590811373,29782.694255737293,29782.20892327433
2024-10-01 09:31:16.400,BTC-USD,Coinbase,29781.816751865663,29783.570513636107,29782.693632750885
2024-10-01 09:31:16.500,BTC-USD,Gemini,29785.006866235253,29785.57641425684,29785.291640246047
2024-10-01 09:31:16.500,BTC-USD,Coinbase,29785.595166787243,29786.377641094266,29785.986403940755
2024-10-01 09:31:16.600,BTC-USD,Gemini,29792.66694790623,29793.811579494923,29793.239263700576
2024-10-01 09:31:16.600,BTC-USD,Coinbase,29793.294109435334,29794.765018600283,29794.02956401781
2024-10-01 09:31:16.700,BTC-USD,Gemini,29792.682213988257,29795.04932130541,29793.865767646836
2024-10-01 09:31:16.700,BTC-USD,Coinbase,29793.213937038374,29794.323354743858,29793.768645891116
2024-10-01 09:31:16.800,BTC-USD,Gemini,29788.356286782215,29790.420719702804,29789.38850324251
2024-10-01 09:31:16.800,BTC-USD,Coinbase,29788.83362031459,29789.506213823544,29789.169917069066
2024-10-01 09:31:16.900,BTC-USD,Gemini,29782.03706743549,29784.369830929118,29783.203449182303
2024-10-01 09:31:16.900,BTC-USD,Coinbase,29781.798339794357,29783.627757494676,29782.713048644517
2024-10-01 09:31:17.000,BTC-USD,Gemini,29783.2812938897,29784.203644786696,29783.742469338198
2024-10-01 09:31:17.000,BTC-USD,Coinbase,29782.876848150732,29784.456424238928,29783.66663619483
2024-10-01 09:31:17.100,BTC-USD,Gemini,29781.818496842043,29782.32394291944,29782.07121988074
2024-10-01 09:31:17.100,BTC-USD,Coinbase,29781.856413448033,29782.757018438177,29782.306715943105
2024-10-01 09:31:17.200,BTC-USD,Gemini,29782.017978780696,29782.45487816763,29782.236428474163
2024-10-01 09:31:17.200,BTC-USD,Coinbase,29781.38421061521,29782.18548079159,29781.7848457034
2024-10-01 09:31:17.300,BTC-USD,Gemini,29782.187915825216,29782.915364909306,29782.55164036726
2024-10-01 09:31:17.300,BTC-USD,Coinbase,29781.325895385668,29782.362081216965,29781.843988301316
2024-10-01 09:31:17.400,BTC-USD,Gemini,29774.31796025243,29774.674517629213,29774.49623894082
2024-10-01 09:31:17.400,BTC-USD,Coinbase,29773.679982846385,29775.251867183033,29774.46592501471
2024-10-01 09:31:17.500,BTC-USD,Gemini,29777.08591053789,29778.846008565208,29777.965959551548
2024-10-01 09:31:17.500,BTC-USD,Coinbase,29777.43672288283,29779.309979383917,29778.373351133374
2024-10-01 09:31:17.600,BTC-USD,Gemini,29778.064535483176,29780.168668700047,29779.116602091613
2024-10-01 09:31:17.600,BTC-USD,Coinbase,29778.90849216059,29780.181390658458,29779.544941409524
2024-10-01 09:31:17.700,BTC-USD,Gemini,29778.601539336927,29778.5360824905,29778.56881091371
2024-10-01 09:31:17.700,BTC-USD,Coinbase,29778.91936995971,29779.424351619986,29779.171860789847
2024-10-01 09:31:17.800,BTC-USD,Gemini,29779.631399046804,29781.08215640532,29780.35677772606
2024-10-01 09:31:17.800,BTC-USD,Coinbase,29780.07093573854,29780.59135781285,29780.331146775694
2024-10-01 09:31:17.900,BTC-USD,Gemini,29785.37476484098,29784.96001551105,29785.167390176015
2024-10-01 09:31:17.900,BTC-USD,Coinbase,29784.528209620796,29785.395512809635,29784.961861215215
2024-10-01 09:31:18.000,BTC-USD,Gemini,29784.686773017547,29786.762696294147,29785.724734655847
2024-10-01 09:31:18.000,BTC-USD,Coinbase,29784.391536654468,29786.06643219496,29785.228984424713
2024-10-01 09:31:18.100,BTC-USD,Gemini,29780.34290116525,29781.499765408324,29780.921333286788
2024-10-01 09:31:18.100,BTC-USD,Coinbase,29780.601749811296,29781.35387956523,29780.977814688264
2024-10-01 09:31:18.200,BTC-USD,Gemini,29786.164825783464,29788.361846574506,29787.263336178985
2024-10-01 09:31:18.200,BTC-USD,Coinbase,29786.12679411653,29787.491166719858,29786.808980418195
2024-10-01 09:31:18.300,BTC-USD,Gemini,29784.747326090728,29785.585496893007,29785.166411491868
2024-10-01 09:31:18.300,BTC-USD,Coinbase,29784.370590481645,29784.914131894322,29784.642361187984
2024-10-01 09:31:18.400,BTC-USD,Gemini,29779.656487666653,29781.238124028056,29780.447305847352
2024-10-01 09:31:18.400,BTC-USD,Coinbase,29780.523124504783,29781.50689769531,29781.015011100048
2024-10-01 09:31:18.500,BTC-USD,Gemini,29772.985302889207,29773.244804303526,29773.115053596368
2024-10-01 09:31:18.500,BTC-USD,Coinbase,29772.4598235921,29773.950240155144,29773.205031873622
2024-10-01 09:31:18.600,BTC-USD,Gemini,29772.129563849387,29774.303326599264,29773.216445224323
2024-10-01 09:31:18.600,BTC-USD,Coinbase,29772.484029775373,29774.005184015357,29773.244606895365
2024-10-01 09:31:18.700,BTC-USD,Gemini,29767.799362115107,29767.454233087967,29767.626797601537
2024-10-01 09:31:18.700,BTC-USD,Coinbase,29767.74298250851,29768.269794346965,29768.006388427737
2024-10-01 09:31:18.800,BTC-USD,Gemini,29764.09365211162,29765.844475697562,29764.96906390459
2024-10-01 09:31:18.800,BTC-USD,Coinbase,29765.02886215811,29765.792584676226,29765.410723417168
2024-10-01 09:31:18.900,BTC-USD,Gemini,29768.23020021414,29768.246962742247,29768.238581478196
2024-10-01 09:31:18.900,BTC-USD,Coinbase,29767.234120616016,29768.080200636537,29767.657160626277
2024-10-01 09:31:19.000,BTC-USD,Gemini,29767.042939728457,29767.93048869003,29767.486714209244
2024-10-01 09:31:19.000,BTC-USD,Coinbase,29767.38137771124,29768.265642349183,29767.82351003021
2024-10-01 09:31:19.100,BTC-USD,Gemini,29771.6931927746,29772.488933256045,29772.091063015323
2024-10-01 09:31:19.100,BTC-USD,Coinbase,29772.385940568674,29773.423951768593,29772.904946168634
2024-10-01 09:31:19.200,BTC-USD,Gemini,29773.038169563195,29774.811187890275,29773.924678726733
2024-10-01 09:31:19.200,BTC-USD,Coinbase,29773.591222363768,29775.27004293119,29774.43063264748
2024-10-01 09:31:19.300,BTC-USD,Coinbase,29772.083471696587,29772.738839112975,29772.41115540478
2024-10-01 09:31:19.300,BTC-USD,Gemini,29773.020419417906,29772.362379431648,29772.691399424777
2024-10-01 09:31:19.400,BTC-USD,Coinbase,29770.33979267551,29771.185490687134,29770.762641681322
2024-10-01 09:31:19.400,BTC-USD,Gemini,29770.697741494107,29770.53858835167,29770.61816492289
2024-10-01 09:31:19.500,BTC-USD,Coinbase,29767.612307469673,29768.839236204578,29768.225771837126
2024-10-01 09:31:19.500,BTC-USD,Gemini,29767.644362512492,29769.298527208255,29768.471444860374
2024-10-01 09:31:19.600,BTC-USD,Coinbase,29770.622614770222,29772.292641740674,29771.457628255448
2024-10-01 09:31:19.600,BTC-USD,Gemini,29770.786225127802,29772.13894747563,29771.462586301714
2024-10-01 09:31:19.700,BTC-USD,Coinbase,29770.736908329804,29772.393012088454,29771.56496020913
2024-10-01 09:31:19.700,BTC-USD,Gemini,29771.2985145301,29772.79033186122,29772.044423195657
2024-10-01 09:31:19.800,BTC-USD,Coinbase,29769.178759268118,29769.841956927226,29769.510358097672
2024-10-01 09:31:19.800,BTC-USD,Gemini,29770.095415098778,29769.769941392726,29769.93267824575
2024-10-01 09:31:19.900,BTC-USD,Coinbase,29773.083783213133,29774.38616412559,29773.73497366936
2024-10-01 09:31:19.900,BTC-USD,Gemini,29772.903682202123,29774.687836202018,29773.79575920207
2024-10-01 09:31:20.000,BTC-USD,Coinbase,29773.479492737046,29774.953314732556,29774.2164037348
2024-10-01 09:31:20.000,BTC-USD,Gemini,29772.569677467713,29774.898578914228,29773.73412819097
2024-10-01 09:31:20.100,BTC-USD,Coinbase,29771.31185002174,29772.46560412759,29771.888727074664
2024-10-01 09:31:20.100,BTC-USD,Gemini,29771.276021428886,29772.718169940737,29771.997095684812
2024-10-01 09:31:20.200,BTC-USD,Coinbase,29763.43733397833,29765.216146856455,29764.326740417393
2024-10-01 09:31:20.200,BTC-USD,Gemini,29763.869429896866,29765.27143635186,29764.57043312436
2024-10-01 09:31:20.300,BTC-USD,Coinbase,29766.181548576256,29766.846650711515,29766.514099643886
2024-10-01 09:31:20.300,BTC-USD,Gemini,29766.852345279753,29766.322416482406,29766.58738088108
2024-10-01 09:31:20.400,BTC-USD,Coinbase,29767.037239041318,29768.37804653663,29767.707642788973
2024-10-01 09:31:20.400,BTC-USD,Gemini,29766.145952600404,29767.829863008486,29766.987907804447
2024-10-01 09:31:20.500,BTC-USD,Coinbase,29767.177087163815,29768.751510616836,29767.964298890325
2024-10-01 09:31:20.500,BTC-USD,Gemini,29766.395622097294,29768.404977578382,29767.40029983784
2024-10-01 09:31:20.600,BTC-USD,Coinbase,29764.808173818714,29766.77976330344,29765.793968561076
2024-10-01 09:31:20.600,BTC-USD,Gemini,29765.64004050736,29766.81718777063,29766.228614138992
2024-10-01 09:31:20.700,BTC-USD,Coinbase,29761.369168814705,29761.883912201232,29761.62654050797
2024-10-01 09:31:20.700,BTC-USD,Gemini,29760.721076401405,29761.936086217785,29761.328581309594
2024-10-01 09:31:20.800,BTC-USD,Coinbase,29759.700322847802,29761.28577877545,29760.493050811627
2024-10-01 09:31:20.800,BTC-USD,Gemini,29759.299009099745,29762.02628511661,29760.662647108176
2024-10-01 09:31:20.900,BTC-USD,Coinbase,29761.144529443285,29762.15583296532,29761.650181204302
2024-10-01 09:31:20.900,BTC-USD,Gemini,29761.524874968367,29762.143835192914,29761.83435508064
2024-10-01 09:31:21.000,BTC-USD,Coinbase,29760.202020080244,29761.81983359092,29761.01092683558
2024-10-01 09:31:21.000,BTC-USD,Gemini,29760.13071600304,29761.673551439853,29760.902133721447
2024-10-01 09:31:21.100,BTC-USD,Coinbase,29759.642219287274,29760.932518625606,29760.28736895644
2024-10-01 09:31:21.100,BTC-USD,Gemini,29759.940213273378,29760.954357190778,29760.447285232076
2024-10-01 09:31:21.200,BTC-USD,Coinbase,29757.111454695125,29758.781527470073,29757.9464910826
2024-10-01 09:31:21.200,BTC-USD,Gemini,29757.386408195587,29758.657704091314,29758.02205614345
2024-10-01 09:31:21.300,BTC-USD,Coinbase,29759.26746347979,29760.01456816276,29759.641015821275
2024-10-01 09:31:21.300,BTC-USD,Gemini,29759.18025874128,29759.661403598715,29759.42083117
2024-10-01 09:31:21.400,BTC-USD,Coinbase,29759.87314339853,29761.74514937387,29760.8091463862
2024-10-01 09:31:21.400,BTC-USD,Gemini,29759.25107030598,29761.213651316353,29760.23236081117
2024-10-01 09:31:21.500,BTC-USD,Coinbase,29756.506285844072,29757.587894205957,29757.047090025015
2024-10-01 09:31:21.500,BTC-USD,Gemini,29756.871919883215,29758.22093509119,29757.546427487203
2024-10-01 09:31:21.600,BTC-USD,Coinbase,29759.995792282592,29761.701031607503,29760.848411945048
2024-10-01 09:31:21.600,BTC-USD,Gemini,29760.756029248878,29762.054537478532,29761.405283363703
2024-10-01 09:31:21.700,BTC-USD,Coinbase,29764.335651627767,29765.274739724,29764.805195675883
2024-10-01 09:31:21.700,BTC-USD,Gemini,29763.53800935197,29764.380928893625,29763.959469122798
2024-10-01 09:31:21.800,BTC-USD,Coinbase,29768.52188676386,29769.224460075842,29768.87317341985
2024-10-01 09:31:21.800,BTC-USD,Gemini,29768.910599068207,29770.202650019717,29769.556624543962
2024-10-01 09:31:21.900,BTC-USD,Coinbase,29767.712670913985,29768.727215452484,29768.219943183234
2024-10-01 09:31:21.900,BTC-USD,Gemini,29768.287687109107,29768.207680768424,29768.247683938767
2024-10-01 09:31:22.000,BTC-USD,Coinbase,29766.493091466557,29768.00518175469,29767.249136610622
2024-10-01 09:31:22.000,BTC-USD,Gemini,29765.80973964328,29768.15342894172,29766.9815842925
2024-10-01 09:31:22.100,BTC-USD,Coinbase,29760.513375162453,29762.39318932031,29761.453282241382
2024-10-01 09:31:22.100,BTC-USD,Gemini,29760.593688283985,29762.262271192463,29761.427979738226
2024-10-01 09:31:22.200,BTC-USD,Coinbase,29764.603861213345,29765.8493055975,29765.226583405423
2024-10-01 09:31:22.200,BTC-USD,Gemini,29763.925921104244,29765.970635111535,29764.94827810789
2024-10-01 09:31:22.300,BTC-USD,Coinbase,29754.047333474155,29755.04790421744,29754.547618845798
2024-10-01 09:31:22.300,BTC-USD,Gemini,29753.07034908637,29754.563376302827,29753.8168626946
2024-10-01 09:31:22.400,BTC-USD,Coinbase,29751.643931101804,29753.541715812506,29752.592823457155
2024-10-01 09:31:22.400,BTC-USD,Gemini,29752.313214021233,29753.594399825117,29752.953806923175
2024-10-01 09:31:22.500,BTC-USD,Coinbase,29750.08828363325,29751.698959124074,29750.893621378662
2024-10-01 09:31:22.500,BTC-USD,Gemini,29749.64808099119,29751.066753809915,29750.357417400555
2024-10-01 09:31:22.600,BTC-USD,Coinbase,29754.58556928927,29755.763860548996,29755.174714919132
2024-10-01 09:31:22.600,BTC-USD,Gemini,29754.808107280318,29756.39743544942,29755.60277136487
2024-10-01 09:31:22.700,BTC-USD,Coinbase,29754.432090347756,29755.911207704477,29755.171649026117
2024-10-01 09:31:22.700,BTC-USD,Gemini,29754.63619989465,29756.45057056202,29755.543385228335
2024-10-01 09:31:22.800,BTC-USD,Coinbase,29749.908268178988,29750.790338275874,29750.34930322743
2024-10-01 09:31:22.800,BTC-USD,Gemini,29750.177016452366,29750.03409378855,29750.105555120455
2024-10-01 09:31:22.900,BTC-USD,Coinbase,29742.592054376993,29743.83889742626,29743.215475901627
2024-10-01 09:31:22.900,BTC-USD,Gemini,29742.565042073256,29743.273043256955,29742.919042665104
2024-10-01 09:31:23.000,BTC-USD,Coinbase,29739.01964859543,29740.11996632196,29739.569807458694
2024-10-01 09:31:23.000,BTC-USD,Gemini,29738.537691100177,29740.097958269787,29739.317824684982
2024-10-01 09:31:23.100,BTC-USD,Coinbase,29739.668579414494,29740.53712762909,29740.102853521792
2024-10-01 09:31:23.100,BTC-USD,Gemini,29740.354303554406,29740.49567049776,29740.424987026083
2024-10-01 09:31:23.200,BTC-USD,Coinbase,29740.06172705015,29740.69444733365,29740.3780871919
2024-10-01 09:31:23.200,BTC-USD,Gemini,29740.256721100635,29741.389685294584,29740.823203197608
2024-10-01 09:31:23.300,BTC-USD,Coinbase,29738.968795245473,29739.811120337607,29739.38995779154
2024-10-01 09:31:23.300,BTC-USD,Gemini,29739.557317360188,29739.818941730828,29739.68812954551
2024-10-01 09:31:23.400,BTC-USD,Coinbase,29735.11907163989,29736.81755204217,29735.96831184103
2024-10-01 09:31:23.400,BTC-USD,Gemini,29735.83446918857,29735.93008959198,29735.882279390273
2024-10-01 09:31:23.500,BTC-USD,Coinbase,29734.09776588374,29735.73755111732,29734.91765850053
2024-10-01 09:31:23.500,BTC-USD,Gemini,29734.963434721558,29735.553579105574,29735.258506913568
2024-10-01 09:31:23.600,BTC-USD,Coinbase,29739.32783725239,29740.485109168312,29739.90647321035
2024-10-01 09:31:23.600,BTC-USD,Gemini,29738.48652763431,29740.47387970937,29739.48020367184
2024-10-01 09:31:23.700,BTC-USD,Coinbase,29733.49361106449,29735.315050767833,29734.40433091616
2024-10-01 09:31:23.700,BTC-USD,Gemini,29733.78831572153,29735.803308332383,29734.795812026954
2024-10-01 09:31:23.800,BTC-USD,Coinbase,29734.204013786253,29734.94108118933,29734.57254748779
2024-10-01 09:31:23.800,BTC-USD,Gemini,29734.222069853207,29735.129283879764,29734.675676866485
2024-10-01 09:31:23.900,BTC-USD,Coinbase,29741.86467103557,29743.466116135172,29742.665393585372
2024-10-01 09:31:23.900,BTC-USD,Gemini,29742.449750329713,29742.888945508184,29742.66934791895
2024-10-01 09:31:24.000,BTC-USD,Coinbase,29744.614916459595,29746.259153912204,29745.4370351859
2024-10-01 09:31:24.000,BTC-USD,Gemini,29744.681819018795,29746.056920757455,29745.369369888125
2024-10-01 09:31:24.100,BTC-USD,Coinbase,29742.85701141862,29743.457702742195,29743.157357080407
2024-10-01 09:31:24.100,BTC-USD,Gemini,29743.847455420055,29743.859551376292,29743.853503398175
2024-10-01 09:31:24.200,BTC-USD,Coinbase,29745.562897076667,29747.36153650899,29746.46221679283
2024-10-01 09:31:24.200,BTC-USD,Gemini,29745.456638237378,29747.412775514153,29746.434706875763
2024-10-01 09:31:24.300,BTC-USD,Coinbase,29741.871461171726,29743.532730258117,29742.70209571492
2024-10-01 09:31:24.300,BTC-USD,Gemini,29742.330340997836,29743.042485224578,29742.68641311121
2024-10-01 09:31:24.400,BTC-USD,Coinbase,29742.13898554641,29743.335682774505,29742.737334160458
2024-10-01 09:31:24.400,BTC-USD,Gemini,29742.32170456102,29744.206311290563,29743.26400792579
2024-10-01 09:31:24.500,BTC-USD,Coinbase,29749.886666956816,29751.128353328255,29750.507510142535
2024-10-01 09:31:24.500,BTC-USD,Gemini,29750.649699702826,29752.02415270016,29751.336926201493
2024-10-01 09:31:24.600,BTC-USD,Coinbase,29759.29005116077,29760.666330159493,29759.97819066013
2024-10-01 09:31:24.600,BTC-USD,Gemini,29758.845121487902,29759.99742262922,29759.421272058564
2024-10-01 09:31:24.700,BTC-USD,Coinbase,29750.826057305734,29752.04402765292,29751.435042479327
2024-10-01 09:31:24.700,BTC-USD,Gemini,29751.743369153304,29751.931660726783,29751.837514940045
2024-10-01 09:31:24.800,BTC-USD,Coinbase,29754.644406020336,29755.226352574937,29754.935379297636
2024-10-01 09:31:24.800,BTC-USD,Gemini,29755.53801053908,29755.8382543137,29755.68813242639
2024-10-01 09:31:24.900,BTC-USD,Coinbase,29764.10507072266,29765.251813362695,29764.678442042677
2024-10-01 09:31:24.900,BTC-USD,Gemini,29763.359631961343,29764.703277154415,29764.03145455788
2024-10-01 09:31:25.000,BTC-USD,Coinbase,29761.053057074812,29762.850436902245,29761.95174698853
2024-10-01 09:31:25.000,BTC-USD,Gemini,29760.74811753625,29762.97289555197,29761.86050654411
2024-10-01 09:31:25.100,BTC-USD,Coinbase,29762.595872428323,29763.89752783954,29763.246700133932
2024-10-01 09:31:25.100,BTC-USD,Gemini,29762.75688441405,29764.866594336,29763.811739375025
2024-10-01 09:31:25.200,BTC-USD,Coinbase,29770.349402979602,29771.216402682872,29770.782902831237
2024-10-01 09:31:25.200,BTC-USD,Gemini,29769.99156603311,29770.53640149779,29770.26398376545
2024-10-01 09:31:25.300,BTC-USD,Coinbase,29767.389322382358,29769.251274810744,29768.32029859655
2024-10-01 09:31:25.300,BTC-USD,Gemini,29767.39947830562,29769.22474956914,29768.31211393738
2024-10-01 09:31:25.400,BTC-USD,Coinbase,29770.0105581187,29771.150280145004,29770.580419131853
2024-10-01 09:31:25.400,BTC-USD,Gemini,29770.40295882455,29770.845023905018,29770.623991364784
2024-10-01 09:31:25.500,BTC-USD,Coinbase,29769.896375304128,29770.672397896746,29770.284386600437
2024-10-01 09:31:25.500,BTC-USD,Gemini,29770.639240556593,29771.34792152514,29770.993581040864
2024-10-01 09:31:25.600,BTC-USD,Coinbase,29759.960945539817,29761.354160807932,29760.657553173874
2024-10-01 09:31:25.600,BTC-USD,Gemini,29760.157559108764,29761.696248569413,29760.92690383909
2024-10-01 09:31:25.700,BTC-USD,Coinbase,29762.0075371583,29762.768782842497,29762.3881600004
2024-10-01 09:31:25.700,BTC-USD,Gemini,29761.44738915146,29762.786607414044,29762.116998282752
2024-10-01 09:31:25.800,BTC-USD,Coinbase,29760.749623930693,29762.185497816645,29761.46756087367
2024-10-01 09:31:25.800,BTC-USD,Gemini,29761.51546571798,29761.986761009917,29761.75111336395
2024-10-01 09:31:25.900,BTC-USD,Coinbase,29765.35020437877,29766.86623014227,29766.10821726052
2024-10-01 09:31:25.900,BTC-USD,Gemini,29766.225481612713,29766.04438932246,29766.134935467584
2024-10-01 09:31:26.000,BTC-USD,Coinbase,29776.180773431486,29776.969533055097,29776.57515324329
2024-10-01 09:31:26.000,BTC-USD,Gemini,29775.474557531958,29777.218573129958,29776.346565330958
2024-10-01 09:31:26.100,BTC-USD,Coinbase,29779.508698575642,29780.48052284387,29779.994610709757
2024-10-01 09:31:26.100,BTC-USD,Gemini,29779.284192154017,29780.659384555227,29779.971788354622
2024-10-01 09:31:26.200,BTC-USD,Coinbase,29777.466636829035,29778.84861097401,29778.157623901523
2024-10-01 09:31:26.200,BTC-USD,Gemini,29778.157300447954,29778.53976179907,29778.348531123513
2024-10-01 09:31:26.300,BTC-USD,Coinbase,29779.993381129054,29780.823376460386,29780.40837879472
2024-10-01 09:31:26.300,BTC-USD,Gemini,29780.415758501455,29780.646707264434,29780.531232882946
2024-10-01 09:31:26.400,BTC-USD,Coinbase,29780.55108219094,29782.283491222224,29781.417286706583
2024-10-01 09:31:26.400,BTC-USD,Gemini,29779.816432493528,29783.064700267412,29781.440566380472
2024-10-01 09:31:26.500,BTC-USD,Coinbase,29785.73366782221,29787.330708644145,29786.532188233177
2024-10-01 09:31:26.500,BTC-USD,Gemini,29786.02269631938,29786.72749110624,29786.375093712813
2024-10-01 09:31:26.600,BTC-USD,Coinbase,29778.956720077258,29779.719778450708,29779.338249263983
2024-10-01 09:31:26.600,BTC-USD,Gemini,29778.29385139444,29778.995763833507,29778.64480761397
2024-10-01 09:31:26.700,BTC-USD,Coinbase,29772.81478930401,29774.19843435255,29773.50661182828
2024-10-01 09:31:26.700,BTC-USD,Gemini,29772.634722775365,29774.901291259477,29773.76800701742
2024-10-01 09:31:26.800,BTC-USD,Coinbase,29762.6011866987,29763.96021166095,29763.280699179824
2024-10-01 09:31:26.800,BTC-USD,Gemini,29763.350572876832,29764.442396328177,29763.896484602505
2024-10-01 09:31:26.900,BTC-USD,Coinbase,29765.7860525368,29766.84619126872,29766.31612190276
2024-10-01 09:31:26.900,BTC-USD,Gemini,29766.261767575757,29766.237733926424,29766.249750751093
2024-10-01 09:31:27.000,BTC-USD,Coinbase,29765.478315475975,29766.9638616416,29766.22108855879
2024-10-01 09:31:27.000,BTC-USD,Gemini,29765.682896753497,29766.307393175997,29765.99514496475
2024-10-01 09:31:27.100,BTC-USD,Gemini,29763.07154656908,29763.905598470556,29763.48857251982
2024-10-01 09:31:27.100,BTC-USD,Coinbase,29762.448211731087,29763.592586627336,29763.02039917921
2024-10-01 09:31:27.200,BTC-USD,Coinbase,29758.81095532579,29759.97737352534,29759.394164425565
2024-10-01 09:31:27.200,BTC-USD,Gemini,29758.007498062987,29759.607040879913,29758.80726947145
2024-10-01 09:31:27.300,BTC-USD,Coinbase,29755.987575865845,29757.078840658556,29756.5332082622
2024-10-01 09:31:27.300,BTC-USD,Gemini,29755.295751833597,29757.419435182845,29756.35759350822
2024-10-01 09:31:27.400,BTC-USD,Gemini,29750.623495638556,29751.992263785643,29751.307879712098
2024-10-01 09:31:27.400,BTC-USD,Coinbase,29751.213646012173,29752.574613410903,29751.894129711538
2024-10-01 09:31:27.500,BTC-USD,Gemini,29749.152840151153,29750.3900569879,29749.771448569525
2024-10-01 09:31:27.500,BTC-USD,Coinbase,29750.0362970549,29750.53794631393,29750.287121684414
2024-10-01 09:31:27.600,BTC-USD,Gemini,29747.38485942942,29748.358730468335,29747.87179494888
2024-10-01 09:31:27.600,BTC-USD,Coinbase,29747.115340434906,29748.516744843135,29747.81604263902
2024-10-01 09:31:27.700,BTC-USD,Gemini,29755.258180149176,29755.31864689427,29755.288413521725
2024-10-01 09:31:27.700,BTC-USD,Coinbase,29754.426156341815,29755.10567143217,29754.765913886993
2024-10-01 09:31:27.800,BTC-USD,Gemini,29755.1994364027,29755.919728506564,29755.559582454633
2024-10-01 09:31:27.800,BTC-USD,Coinbase,29755.962031407857,29756.802869850057,29756.382450628957
2024-10-01 09:31:27.900,BTC-USD,Gemini,29750.77995920337,29753.214737846825,29751.997348525096
2024-10-01 09:31:27.900,BTC-USD,Coinbase,29751.429929475387,29753.149746286872,29752.28983788113
2024-10-01 09:31:28.000,BTC-USD,Gemini,29749.3467488661,29750.591526656517,29749.96913776131
2024-10-01 09:31:28.000,BTC-USD,Coinbase,29748.950066592362,29749.790747957675,29749.37040727502
2024-10-01 09:31:28.100,BTC-USD,Coinbase,29754.649775214537,29756.080441935534,29755.365108575035
2024-10-01 09:31:28.100,BTC-USD,Gemini,29755.155551981807,29756.932101017068,29756.043826499437
2024-10-01 09:31:28.200,BTC-USD,Coinbase,29757.187345070623,29758.067145559155,29757.62724531489
2024-10-01 09:31:28.200,BTC-USD,Gemini,29756.471284155625,29758.591117751344,29757.531200953483
2024-10-01 09:31:28.300,BTC-USD,Gemini,29758.453470433724,29760.51138158451,29759.48242600912
2024-10-01 09:31:28.300,BTC-USD,Coinbase,29758.10649758571,29760.099818983956,29759.103158284834
2024-10-01 09:31:28.400,BTC-USD,Gemini,29762.43309428677,29763.43585463299,29762.93447445988
2024-10-01 09:31:28.400,BTC-USD,Coinbase,29761.719966584104,29763.692817078874,29762.70639183149
2024-10-01 09:31:28.500,BTC-USD,Coinbase,29770.13799298807,29771.135923143003,29770.636958065537
2024-10-01 09:31:28.500,BTC-USD,Gemini,29770.599422012852,29770.551087597712,29770.575254805284
2024-10-01 09:31:28.600,BTC-USD,Coinbase,29763.616664374807,29765.484059230082,29764.550361802445
2024-10-01 09:31:28.600,BTC-USD,Gemini,29763.173945712773,29764.87176501777,29764.02285536527
2024-10-01 09:31:28.700,BTC-USD,Gemini,29759.560456463503,29761.253432851154,29760.406944657327
2024-10-01 09:31:28.700,BTC-USD,Coinbase,29759.888984435125,29761.75499397125,29760.82198920319
2024-10-01 09:31:28.800,BTC-USD,Coinbase,29751.715799559144,29752.52198223495,29752.118890897047
2024-10-01 09:31:28.800,BTC-USD,Gemini,29752.33629910355,29753.460660936435,29752.89848001999
2024-10-01 09:31:28.900,BTC-USD,Coinbase,29754.061584982865,29755.125006535603,29754.593295759234
2024-10-01 09:31:28.900,BTC-USD,Gemini,29754.753337602055,29756.090927826004,29755.42213271403
2024-10-01 09:31:29.000,BTC-USD,Coinbase,29752.307910277686,29753.090497328983,29752.699203803335
2024-10-01 09:31:29.000,BTC-USD,Gemini,29752.439392871056,29753.534188282945,29752.986790577
2024-10-01 09:31:29.100,BTC-USD,Coinbase,29748.918492729026,29749.761404266188,29749.339948497607
2024-10-01 09:31:29.100,BTC-USD,Gemini,29749.07010742794,29749.570696416416,29749.320401922178
2024-10-01 09:31:29.200,BTC-USD,Coinbase,29744.883990589165,29746.173618635417,29745.52880461229
2024-10-01 09:31:29.200,BTC-USD,Gemini,29745.7980343398,29746.894130039545,29746.346082189673
2024-10-01 09:31:29.300,BTC-USD,Coinbase,29748.358935298562,29749.612238928854,29748.985587113708
2024-10-01 09:31:29.300,BTC-USD,Gemini,29749.171982196895,29750.24780262863,29749.709892412764
2024-10-01 09:31:29.400,BTC-USD,Coinbase,29747.686378018007,29748.863994090614,29748.27518605431
2024-10-01 09:31:29.400,BTC-USD,Gemini,29747.03133627198,29748.753771076576,29747.892553674275
2024-10-01 09:31:29.500,BTC-USD,Coinbase,29745.223442687944,29746.021706491832,29745.62257458989
2024-10-01 09:31:29.500,BTC-USD,Gemini,29745.30126876771,29745.858260151228,29745.57976445947
2024-10-01 09:31:29.600,BTC-USD,Coinbase,29751.24929213334,29752.54946264592,29751.89937738963
2024-10-01 09:31:29.600,BTC-USD,Gemini,29752.246398084473,29752.968502402215,29752.607450243344
2024-10-01 09:31:29.700,BTC-USD,Coinbase,29745.709120609205,29747.628904842593,29746.6690127259
2024-10-01 09:31:29.700,BTC-USD,Gemini,29745.157536185066,29747.871500732093,29746.514518458578
2024-10-01 09:31:29.800,BTC-USD,Gemini,29739.669272547566,29740.379267878947,29740.024270213256
2024-10-01 09:31:29.800,BTC-USD,Coinbase,29739.82722459309,29740.867009458056,29740.347117025573
2024-10-01 09:31:29.900,BTC-USD,Coinbase,29752.554712644414,29754.085975534683,29753.32034408955
2024-10-01 09:31:29.900,BTC-USD,Gemini,29752.172980336698,29753.488785996913,29752.830883166804
2024-10-01 09:31:30.000,BTC-USD,Gemini,29750.55494498782,29752.163002152658,29751.35897357024
2024-10-01 09:31:30.000,BTC-USD,Coinbase,29751.058746850344,29751.90462414649,29751.481685498416
2024-10-01 09:31:30.100,BTC-USD,Gemini,29748.671037675518,29749.24182866089,29748.956433168205
2024-10-01 09:31:30.100,BTC-USD,Coinbase,29747.95001243225,29749.57864583336,29748.764329132806
2024-10-01 09:31:30.200,BTC-USD,Gemini,29744.507195706377,29745.743544506677,29745.12537010653
2024-10-01 09:31:30.200,BTC-USD,Coinbase,29744.44517684643,29745.80927788449,29745.12722736546
2024-10-01 09:31:30.300,BTC-USD,Gemini,29744.037257660773,29744.936631710694,29744.486944685734
2024-10-01 09:31:30.300,BTC-USD,Coinbase,29743.50454369369,29745.380961249215,29744.442752471452
2024-10-01 09:31:30.400,BTC-USD,Coinbase,29748.047989599898,29748.664955168035,29748.356472383966
2024-10-01 09:31:30.400,BTC-USD,Gemini,29748.097785088965,29748.51701019532,29748.307397642144
2024-10-01 09:31:30.500,BTC-USD,Coinbase,29751.38136550399,29752.866209714626,29752.123787609307
2024-10-01 09:31:30.500,BTC-USD,Gemini,29752.041049548607,29752.28383788652,29752.162443717563
2024-10-01 09:31:30.600,BTC-USD,Coinbase,29754.277996706827,29755.410156180274,29754.84407644355
2024-10-01 09:31:30.600,BTC-USD,Gemini,29753.492804141883,29756.16581012161,29754.829307131746
2024-10-01 09:31:30.700,BTC-USD,Coinbase,29752.923950974342,29753.978178503137,29753.45106473874
2024-10-01 09:31:30.700,BTC-USD,Gemini,29752.261017921428,29754.345050429485,29753.303034175457
2024-10-01 09:31:30.800,BTC-USD,Coinbase,29745.50086438356,29746.500527215838,29746.0006957997
2024-10-01 09:31:30.800,BTC-USD,Gemini,29745.316749247202,29745.729631970884,29745.52319060904
2024-10-01 09:31:30.900,BTC-USD,Coinbase,29746.48864859067,29748.342301604494,29747.415475097583
2024-10-01 09:31:30.900,BTC-USD,Gemini,29746.370372285754,29749.274582619102,29747.822477452428
2024-10-01 09:31:31.000,BTC-USD,Coinbase,29754.57001233363,29755.448909774408,29755.009461054018
2024-10-01 09:31:31.000,BTC-USD,Gemini,29753.660430490592,29755.487757497882,29754.574093994237
2024-10-01 09:31:31.100,BTC-USD,Coinbase,29759.632187950043,29761.07952040582,29760.35585417793
2024-10-01 09:31:31.100,BTC-USD,Gemini,29759.28061365807,29761.06194574765,29760.17127970286
2024-10-01 09:31:31.200,BTC-USD,Coinbase,29759.244893685875,29759.784232030524,29759.5145628582
2024-10-01 09:31:31.200,BTC-USD,Gemini,29759.403439725287,29759.45134875707,29759.42739424118
2024-10-01 09:31:31.300,BTC-USD,Coinbase,29762.55471353902,29764.49978812289,29763.527250830954
2024-10-01 09:31:31.300,BTC-USD,Gemini,29762.924612170536,29763.990819242656,29763.457715706594
2024-10-01 09:31:31.400,BTC-USD,Coinbase,29760.748284143225,29762.45129751226,29761.599790827742
2024-10-01 09:31:31.400,BTC-USD,Gemini,29760.475273132157,29761.472517066075,29760.973895099116
2024-10-01 09:31:31.500,BTC-USD,Coinbase,29760.556912284042,29762.091188698305,29761.324050491174
2024-10-01 09:31:31.500,BTC-USD,Gemini,29760.191958515636,29762.428836473446,29761.31039749454
2024-10-01 09:31:31.600,BTC-USD,Coinbase,29754.513107082243,29755.79134469687,29755.152225889557
2024-10-01 09:31:31.600,BTC-USD,Gemini,29753.868396575177,29755.194638029767,29754.531517302472
2024-10-01 09:31:31.700,BTC-USD,Coinbase,29753.05507248126,29754.095099584953,29753.575086033106
2024-10-01 09:31:31.700,BTC-USD,Gemini,29752.128128262182,29754.549310063936,29753.33871916306
2024-10-01 09:31:31.800,BTC-USD,Coinbase,29753.701147435557,29754.854679202774,29754.277913319165
2024-10-01 09:31:31.800,BTC-USD,Gemini,29753.336379843484,29755.51909409089,29754.427736967187
2024-10-01 09:31:31.900,BTC-USD,Gemini,29751.92310733506,29754.213367748733,29753.0682375419
2024-10-01 09:31:31.900,BTC-USD,Coinbase,29752.688278070906,29754.177127987525,29753.432703029215
2024-10-01 09:31:32.000,BTC-USD,Gemini,29756.7699185299,29758.874705024577,29757.822311777236
2024-10-01 09:31:32.000,BTC-USD,Coinbase,29756.650966375575,29757.914070915762,29757.28251864567
2024-10-01 09:31:32.100,BTC-USD,Gemini,29765.260991743013,29767.223097975788,29766.2420448594
2024-10-01 09:31:32.100,BTC-USD,Coinbase,29765.780718290178,29767.62106001624,29766.70088915321
2024-10-01 09:31:32.200,BTC-USD,Gemini,29773.631249371803,29772.970723659033,29773.300986515416
2024-10-01 09:31:32.200,BTC-USD,Coinbase,29772.815472392045,29773.802682397407,29773.309077394726
2024-10-01 09:31:32.300,BTC-USD,Gemini,29770.255915805872,29772.983302860306,29771.619609333087
2024-10-01 09:31:32.300,BTC-USD,Coinbase,29770.886916298517,29772.6817110441,29771.78431367131
2024-10-01 09:31:32.400,BTC-USD,Gemini,29768.430537849537,29769.468129165674,29768.949333507604
2024-10-01 09:31:32.400,BTC-USD,Coinbase,29767.65272935855,29768.60406781532,29768.128398586934
2024-10-01 09:31:32.500,BTC-USD,Gemini,29765.203887240117,29765.106942751678,29765.155414995897
2024-10-01 09:31:32.500,BTC-USD,Coinbase,29764.50634422278,29765.223856389082,29764.86510030593
2024-10-01 09:31:32.600,BTC-USD,Gemini,29759.475191894937,29759.78179977875,29759.62849583684
2024-10-01 09:31:32.600,BTC-USD,Coinbase,29759.630674795942,29760.321536023865,29759.976105409904
2024-10-01 09:31:32.700,BTC-USD,Gemini,29759.713448386006,29760.09337565481,29759.90341202041
2024-10-01 09:31:32.700,BTC-USD,Coinbase,29759.696894034107,29760.595450478122,29760.146172256114
2024-10-01 09:31:32.800,BTC-USD,Gemini,29761.047223181802,29763.058483863657,29762.052853522728
2024-10-01 09:31:32.800,BTC-USD,Coinbase,29761.313952064458,29763.189579129943,29762.2517655972
2024-10-01 09:31:32.900,BTC-USD,Gemini,29763.041104042535,29763.387642606795,29763.214373324663
2024-10-01 09:31:32.900,BTC-USD,Coinbase,29762.316643020993,29764.0172831793,29763.166963100146
2024-10-01 09:31:33.000,BTC-USD,Gemini,29762.78498568823,29765.126051515523,29763.955518601877
2024-10-01 09:31:33.000,BTC-USD,Coinbase,29763.333693754314,29764.936732492235,29764.135213123274
2024-10-01 09:31:33.100,BTC-USD,Gemini,29764.631269896,29764.97329281525,29764.802281355624
2024-10-01 09:31:33.100,BTC-USD,Coinbase,29764.44634746242,29765.406080711815,29764.926214087118
2024-10-01 09:31:33.200,BTC-USD,Gemini,29763.302572645734,29765.229827836665,29764.2662002412
2024-10-01 09:31:33.200,BTC-USD,Coinbase,29763.853530130305,29764.678357036566,29764.265943583436
2024-10-01 09:31:33.300,BTC-USD,Gemini,29759.123953525246,29761.23369788819,29760.178825706716
2024-10-01 09:31:33.300,BTC-USD,Coinbase,29760.032886887497,29761.075437914373,29760.554162400935
2024-10-01 09:31:33.400,BTC-USD,Gemini,29769.140097981355,29769.016371130565,29769.07823455596
2024-10-01 09:31:33.400,BTC-USD,Coinbase,29768.42632743081,29769.92845633335,29769.17739188208
2024-10-01 09:31:33.500,BTC-USD,Gemini,29774.627038324485,29775.19106777421,29774.90905304935
2024-10-01 09:31:33.500,BTC-USD,Coinbase,29774.04332100729,29774.786779328188,29774.41505016774
2024-10-01 09:31:33.600,BTC-USD,Coinbase,29769.22749239064,29770.520049419803,29769.873770905222
2024-10-01 09:31:33.600,BTC-USD,Gemini,29768.493961791348,29771.177578085342,29769.835769938345
2024-10-01 09:31:33.700,BTC-USD,Coinbase,29764.82104943462,29765.874076694912,29765.347563064766
2024-10-01 09:31:33.700,BTC-USD,Gemini,29765.241577553676,29765.875646460787,29765.558612007233
2024-10-01 09:31:33.800,BTC-USD,Coinbase,29761.59639977712,29763.23602309466,29762.41621143589
2024-10-01 09:31:33.800,BTC-USD,Gemini,29761.9213010539,29763.539969257254,29762.730635155574
2024-10-01 09:31:33.900,BTC-USD,Coinbase,29761.84834552821,29763.314364748534,29762.581355138373
2024-10-01 09:31:33.900,BTC-USD,Gemini,29762.074951239734,29763.126663115938,29762.600807177834
2024-10-01 09:31:34.000,BTC-USD,Coinbase,29768.51464673022,29769.238524234934,29768.876585482576
2024-10-01 09:31:34.000,BTC-USD,Gemini,29769.36162141773,29769.31447522081,29769.33804831927
2024-10-01 09:31:34.100,BTC-USD,Coinbase,29773.469098720125,29774.432539534908,29773.950819127516
2024-10-01 09:31:34.100,BTC-USD,Gemini,29773.87467627649,29774.45637754497,29774.16552691073
2024-10-01 09:31:34.200,BTC-USD,Coinbase,29778.4336277143,29780.145514101132,29779.289570907717
2024-10-01 09:31:34.200,BTC-USD,Gemini,29779.074909706393,29779.763782604135,29779.419346155264
2024-10-01 09:31:34.300,BTC-USD,Gemini,29783.17226326175,29785.145680120313,29784.15897169103
2024-10-01 09:31:34.300,BTC-USD,Coinbase,29783.81339025654,29785.644094000876,29784.728742128707
2024-10-01 09:31:34.400,BTC-USD,Coinbase,29789.62744228237,29790.894065365035,29790.260753823703
2024-10-01 09:31:34.400,BTC-USD,Gemini,29789.39770865664,29790.053628589023,29789.725668622832
2024-10-01 09:31:34.500,BTC-USD,Coinbase,29793.073855937793,29794.814547587906,29793.94420176285
2024-10-01 09:31:34.500,BTC-USD,Gemini,29793.919242763117,29795.28176118667,29794.60050197489
2024-10-01 09:31:34.600,BTC-USD,Coinbase,29795.808764867375,29796.624674985076,29796.216719926226
2024-10-01 09:31:34.600,BTC-USD,Gemini,29795.069663106613,29796.94638314648,29796.008023126546
2024-10-01 09:31:34.700,BTC-USD,Gemini,29794.80044894455,29796.54472296165,29795.6725859531
2024-10-01 09:31:34.700,BTC-USD,Coinbase,29795.066909121364,29796.17598848704,29795.621448804202
2024-10-01 09:31:34.800,BTC-USD,Gemini,29786.57224237061,29787.398356526875,29786.985299448745
2024-10-01 09:31:34.800,BTC-USD,Coinbase,29786.170014771644,29787.63520073768,29786.902607754662
2024-10-01 09:31:34.900,BTC-USD,Coinbase,29785.985686924658,29786.527306959266,29786.25649694196
2024-10-01 09:31:34.900,BTC-USD,Gemini,29785.992126598503,29787.246124347952,29786.619125473226
2024-10-01 09:31:35.000,BTC-USD,Gemini,29793.76749017012,29795.520068933045,29794.64377955158
2024-10-01 09:31:35.000,BTC-USD,Coinbase,29794.619212442445,29795.91355872968,29795.266385586063
2024-10-01 09:31:35.100,BTC-USD,Coinbase,29791.676993317633,29793.456114487424,29792.56655390253
2024-10-01 09:31:35.100,BTC-USD,Gemini,29792.60220935644,29794.323994961924,29793.46310215918
2024-10-01 09:31:35.200,BTC-USD,Coinbase,29789.030545614045,29789.845628693172,29789.43808715361
2024-10-01 09:31:35.200,BTC-USD,Gemini,29789.550506435477,29790.202349359388,29789.876427897434
2024-10-01 09:31:35.300,BTC-USD,Coinbase,29794.266329549017,29794.78400000685,29794.525164777933
2024-10-01 09:31:35.300,BTC-USD,Gemini,29795.112398167268,29795.066286913254,29795.08934254026
2024-10-01 09:31:35.400,BTC-USD,Coinbase,29794.192537329654,29795.66404048696,29794.928288908308
2024-10-01 09:31:35.400,BTC-USD,Gemini,29793.32951958763,29795.13828794033,29794.233903763983
2024-10-01 09:31:35.500,BTC-USD,Coinbase,29791.78257305643,29793.2734747106,29792.528023883515
2024-10-01 09:31:35.500,BTC-USD,Gemini,29792.16577077555,29792.503334454337,29792.334552614942
2024-10-01 09:31:35.600,BTC-USD,Gemini,29799.18694755205,29801.448627613318,29800.317787582684
2024-10-01 09:31:35.600,BTC-USD,Coinbase,29799.884343247773,29800.74833591841,29800.316339583092
2024-10-01 09:31:35.700,BTC-USD,Gemini,29803.200455819828,29803.443617099703,29803.322036459766
2024-10-01 09:31:35.700,BTC-USD,Coinbase,29802.942304918633,29803.931932726333,29803.437118822483
2024-10-01 09:31:35.800,BTC-USD,Coinbase,29806.717002121393,29807.733014869988,29807.22500849569
2024-10-01 09:31:35.800,BTC-USD,Gemini,29806.114087450045,29806.914580521396,29806.51433398572
2024-10-01 09:31:35.900,BTC-USD,Gemini,29804.26788327997,29803.99388054972,29804.130881914843
2024-10-01 09:31:35.900,BTC-USD,Coinbase,29804.08963343793,29804.71462946802,29804.402131452975
2024-10-01 09:31:36.000,BTC-USD,Gemini,29806.218188228027,29808.202585564777,29807.210386896404
2024-10-01 09:31:36.000,BTC-USD,Coinbase,29806.079282588846,29807.695497409844,29806.887389999345
2024-10-01 09:31:36.100,BTC-USD,Gemini,29808.427406036473,29809.092304540387,29808.75985528843
2024-10-01 09:31:36.100,BTC-USD,Coinbase,29808.359084901505,29809.180624415127,29808.769854658316
2024-10-01 09:31:36.200,BTC-USD,Coinbase,29811.826332780063,29813.48415663312,29812.65524470659
2024-10-01 09:31:36.200,BTC-USD,Gemini,29811.72071915309,29813.281867647587,29812.50129340034
2024-10-01 09:31:36.300,BTC-USD,Coinbase,29817.662555797164,29819.139630067628,29818.401092932396
2024-10-01 09:31:36.300,BTC-USD,Gemini,29817.703107373065,29819.816927521897,29818.76001744748
2024-10-01 09:31:36.400,BTC-USD,Coinbase,29823.70367386882,29824.359247087712,29824.031460478265
2024-10-01 09:31:36.400,BTC-USD,Gemini,29824.18492537493,29824.778037560347,29824.48148146764
2024-10-01 09:31:36.500,BTC-USD,Coinbase,29824.072942637595,29825.694886467445,29824.88391455252
2024-10-01 09:31:36.500,BTC-USD,Gemini,29824.903114624907,29826.019292131637,29825.461203378272
2024-10-01 09:31:36.600,BTC-USD,Coinbase,29827.973573587005,29828.68924879485,29828.331411190928
2024-10-01 09:31:36.600,BTC-USD,Gemini,29828.84995738812,29828.360021951674,29828.604989669897
2024-10-01 09:31:36.700,BTC-USD,Gemini,29821.55759701318,29823.535604564924,29822.54660078905
2024-10-01 09:31:36.700,BTC-USD,Coinbase,29821.862319726293,29823.34972218838,29822.606020957337
2024-10-01 09:31:36.800,BTC-USD,Coinbase,29825.515879105104,29826.13228395679,29825.824081530947
2024-10-01 09:31:36.800,BTC-USD,Gemini,29824.73187015222,29825.581751570415,29825.156810861317
2024-10-01 09:31:36.900,BTC-USD,Gemini,29827.790000312336,29830.67944017646,29829.2347202444
2024-10-01 09:31:36.900,BTC-USD,Coinbase,29828.560153907853,29829.931158918782,29829.245656413317
2024-10-01 09:31:37.000,BTC-USD,Gemini,29826.527620788118,29827.68150768647,29827.104564237292
2024-10-01 09:31:37.000,BTC-USD,Coinbase,29826.718214537766,29827.88455597162,29827.301385254694
2024-10-01 09:31:37.100,BTC-USD,Gemini,29821.815936986084,29824.08874082861,29822.952338907347
2024-10-01 09:31:37.100,BTC-USD,Coinbase,29822.78953409019,29824.07575795122,29823.432646020705
2024-10-01 09:31:37.200,BTC-USD,Gemini,29822.192652793503,29823.21746283129,29822.705057812396
2024-10-01 09:31:37.200,BTC-USD,Coinbase,29822.327397265446,29823.950321600005,29823.138859432725
2024-10-01 09:31:37.300,BTC-USD,Coinbase,29816.26787549795,29817.875312217664,29817.071593857807
2024-10-01 09:31:37.300,BTC-USD,Gemini,29816.02895182936,29817.937146956396,29816.98304939288
2024-10-01 09:31:37.400,BTC-USD,Gemini,29817.630941529285,29818.74548930374,29818.188215416514
2024-10-01 09:31:37.400,BTC-USD,Coinbase,29818.491875835098,29819.060118778332,29818.775997306715
2024-10-01 09:31:37.500,BTC-USD,Gemini,29819.612685361513,29819.954097435624,29819.783391398567
2024-10-01 09:31:37.500,BTC-USD,Coinbase,29819.877034938734,29820.621971259017,29820.249503098876
2024-10-01 09:31:37.600,BTC-USD,Gemini,29815.12670958841,29816.00960725851,29815.568158423463
2024-10-01 09:31:37.600,BTC-USD,Coinbase,29814.52015543697,29816.493174598945,29815.506665017958
2024-10-01 09:31:37.700,BTC-USD,Gemini,29814.88919146463,29817.245411479817,29816.067301472223
2024-10-01 09:31:37.700,BTC-USD,Coinbase,29815.165011885456,29816.323994179536,29815.744503032496
2024-10-01 09:31:37.800,BTC-USD,Coinbase,29820.216816302258,29821.949316540245,29821.08306642125
2024-10-01 09:31:37.800,BTC-USD,Gemini,29820.593995875326,29822.502325887726,29821.548160881524
2024-10-01 09:31:37.900,BTC-USD,Coinbase,29825.73308778631,29827.059146767835,29826.396117277072
2024-10-01 09:31:37.900,BTC-USD,Gemini,29825.17766452265,29827.044330764093,29826.110997643373
2024-10-01 09:31:38.000,BTC-USD,Coinbase,29830.618882730538,29832.278761821777,29831.448822276157
2024-10-01 09:31:38.000,BTC-USD,Gemini,29830.535241146485,29832.04281495173,29831.289028049105
2024-10-01 09:31:38.100,BTC-USD,Gemini,29829.520125032996,29830.936678526352,29830.228401779674
2024-10-01 09:31:38.100,BTC-USD,Coinbase,29830.393926505065,29831.000118359843,29830.697022432454
2024-10-01 09:31:38.200,BTC-USD,Gemini,29827.92878186193,29829.355807817356,29828.642294839643
2024-10-01 09:31:38.200,BTC-USD,Coinbase,29828.380170889188,29829.63254038463,29829.00635563691
2024-10-01 09:31:38.300,BTC-USD,Coinbase,29826.237766720176,29827.86631569549,29827.052041207833
2024-10-01 09:31:38.300,BTC-USD,Gemini,29825.958830293617,29827.789252276725,29826.87404128517
2024-10-01 09:31:38.400,BTC-USD,Coinbase,29829.453990974704,29830.576888557996,29830.01543976635
2024-10-01 09:31:38.400,BTC-USD,Gemini,29830.163883483765,29830.055561861747,29830.109722672758
2024-10-01 09:31:38.500,BTC-USD,Coinbase,29840.988322326353,29842.561230211446,29841.7747762689
2024-10-01 09:31:38.500,BTC-USD,Gemini,29840.015739785646,29842.148602072477,29841.08217092906
2024-10-01 09:31:38.600,BTC-USD,Coinbase,29847.926525728493,29849.673068880897,29848.799797304695
2024-10-01 09:31:38.600,BTC-USD,Gemini,29848.557756771996,29849.849188206306,29849.20347248915
2024-10-01 09:31:38.700,BTC-USD,Gemini,29855.27440536452,29858.52511530336,29856.899760333938
2024-10-01 09:31:38.700,BTC-USD,Coinbase,29855.86790865878,29857.589414827366,29856.728661743073
2024-10-01 09:31:38.800,BTC-USD,Gemini,29862.355833870773,29863.300449595652,29862.82814173321
2024-10-01 09:31:38.800,BTC-USD,Coinbase,29863.074127360895,29863.882240954445,29863.47818415767
2024-10-01 09:31:38.900,BTC-USD,Coinbase,29854.483890770804,29856.34482840111,29855.414359585957
2024-10-01 09:31:38.900,BTC-USD,Gemini,29855.035699618456,29856.082038600995,29855.558869109725
2024-10-01 09:31:39.000,BTC-USD,Gemini,29854.56862806225,29855.47919782599,29855.023912944118
2024-10-01 09:31:39.000,BTC-USD,Coinbase,29853.724080256798,29855.097446392363,29854.41076332458
2024-10-01 09:31:39.100,BTC-USD,Gemini,29852.714022983724,29852.904872537907,29852.809447760817
2024-10-01 09:31:39.100,BTC-USD,Coinbase,29851.86000652264,29852.635076643917,29852.247541583278
2024-10-01 09:31:39.200,BTC-USD,Gemini,29858.261494963648,29860.039361918167,29859.15042844091
2024-10-01 09:31:39.200,BTC-USD,Coinbase,29857.65094808383,29859.339912217067,29858.495430150448
2024-10-01 09:31:39.300,BTC-USD,Gemini,29867.152527882357,29868.09011122594,29867.62131955415
2024-10-01 09:31:39.300,BTC-USD,Coinbase,29866.4965906546,29867.378127611817,29866.937359133208
2024-10-01 09:31:39.400,BTC-USD,Gemini,29863.820182178595,29863.726220418288,29863.77320129844
2024-10-01 09:31:39.400,BTC-USD,Coinbase,29863.118147174344,29864.11739337933,29863.617770276836
2024-10-01 09:31:39.500,BTC-USD,Gemini,29862.390175222226,29864.258133491963,29863.324154357095
2024-10-01 09:31:39.500,BTC-USD,Coinbase,29863.248853420395,29864.373290655196,29863.811072037795
2024-10-01 09:31:39.600,BTC-USD,Gemini,29866.83557037788,29866.889239822987,29866.862405100434
2024-10-01 09:31:39.600,BTC-USD,Coinbase,29865.96789193134,29867.226017461984,29866.596954696663
2024-10-01 09:31:39.700,BTC-USD,Coinbase,29863.775361379983,29864.533982308098,29864.15467184404
2024-10-01 09:31:39.700,BTC-USD,Gemini,29864.15570988947,29864.623441678137,29864.389575783804
2024-10-01 09:31:39.800,BTC-USD,Gemini,29860.789035798236,29861.7886625558,29861.288849177017
2024-10-01 09:31:39.800,BTC-USD,Coinbase,29860.124555422568,29861.899571244503,29861.012063333535
2024-10-01 09:31:39.900,BTC-USD,Gemini,29856.172179551922,29857.595498395236,29856.88383897358
2024-10-01 09:31:39.900,BTC-USD,Coinbase,29856.759989807233,29858.489744481052,29857.624867144143
2024-10-01 09:31:40.000,BTC-USD,Coinbase,29861.57060482349,29862.528008999874,29862.049306911682
2024-10-01 09:31:40.000,BTC-USD,Gemini,29862.4225981029,29862.348467296255,29862.385532699576
2024-10-01 09:31:40.100,BTC-USD,Coinbase,29856.526010309968,29858.481421045104,29857.503715677536
2024-10-01 09:31:40.100,BTC-USD,Gemini,29856.49672728017,29858.67142324848,29857.584075264327
2024-10-01 09:31:40.200,BTC-USD,Gemini,29862.739823592638,29863.367582900053,29863.053703246347
2024-10-01 09:31:40.200,BTC-USD,Coinbase,29862.8860940776,29863.474511498214,29863.180302787907
2024-10-01 09:31:40.300,BTC-USD,Coinbase,29863.272906491584,29863.956211767407,29863.614559129495
2024-10-01 09:31:40.300,BTC-USD,Gemini,29863.63273008744,29863.590241029913,29863.61148555868
2024-10-01 09:31:40.400,BTC-USD,Coinbase,29866.548376087823,29868.197416661835,29867.37289637483
2024-10-01 09:31:40.400,BTC-USD,Gemini,29866.94288934352,29869.101301514187,29868.022095428852
2024-10-01 09:31:40.500,BTC-USD,Coinbase,29874.666175390557,29875.52999647495,29875.098085932754
2024-10-01 09:31:40.500,BTC-USD,Gemini,29874.029060339253,29876.145353186246,29875.08720676275
2024-10-01 09:31:40.600,BTC-USD,Coinbase,29871.34700223243,29872.159903372656,29871.753452802543
2024-10-01 09:31:40.600,BTC-USD,Gemini,29871.07561312449,29872.65189178896,29871.863752456724
2024-10-01 09:31:40.700,BTC-USD,Gemini,29866.588809770976,29867.20074595617,29866.89477786357
2024-10-01 09:31:40.700,BTC-USD,Coinbase,29867.403265410972,29867.936858264173,29867.670061837573
2024-10-01 09:31:40.800,BTC-USD,Gemini,29870.306745152928,29870.424823340905,29870.36578424692
2024-10-01 09:31:40.800,BTC-USD,Coinbase,29869.306973656803,29870.300493720377,29869.80373368859
2024-10-01 09:31:40.900,BTC-USD,Gemini,29865.24375990138,29865.26284470487,29865.253302303125
2024-10-01 09:31:40.900,BTC-USD,Coinbase,29864.339260298406,29864.951813922886,29864.645537110646
2024-10-01 09:31:41.000,BTC-USD,Gemini,29861.16035399327,29861.976587344878,29861.568470669074
2024-10-01 09:31:41.000,BTC-USD,Coinbase,29860.267102456888,29861.72371324235,29860.99540784962
2024-10-01 09:31:41.100,BTC-USD,Gemini,29859.43144548647,29860.94936316946,29860.190404327965
2024-10-01 09:31:41.100,BTC-USD,Coinbase,29860.173350385372,29860.68271683282,29860.428033609096
2024-10-01 09:31:41.200,BTC-USD,Coinbase,29860.634870845155,29861.789773925273,29861.212322385214
2024-10-01 09:31:41.200,BTC-USD,Gemini,29860.296428396716,29862.225384728008,29861.260906562362
2024-10-01 09:31:41.300,BTC-USD,Coinbase,29854.081298827114,29855.909619578488,29854.9954592028
2024-10-01 09:31:41.300,BTC-USD,Gemini,29854.451507876012,29856.551311804364,29855.501409840188
2024-10-01 09:31:41.400,BTC-USD,Coinbase,29852.41136833668,29853.758329463177,29853.08484889993
2024-10-01 09:31:41.400,BTC-USD,Gemini,29852.430922848966,29852.79500142034,29852.612962134655
2024-10-01 09:31:41.500,BTC-USD,Gemini,29855.844746457795,29857.32626887619,29856.58550766699
2024-10-01 09:31:41.500,BTC-USD,Coinbase,29855.499672651753,29856.49411112162,29855.996891886687
2024-10-01 09:31:41.600,BTC-USD,Gemini,29862.936195040227,29862.50910691404,29862.722650977135
2024-10-01 09:31:41.600,BTC-USD,Coinbase,29862.380580557467,29863.043145580807,29862.711863069137
2024-10-01 09:31:41.700,BTC-USD,Gemini,29851.635033904517,29853.6639369638,29852.649485434158
2024-10-01 09:31:41.700,BTC-USD,Coinbase,29851.949307221697,29853.88077949984,29852.91504336077
2024-10-01 09:31:41.800,BTC-USD,Coinbase,29859.17017201283,29859.697697848354,29859.433934930592
2024-10-01 09:31:41.800,BTC-USD,Gemini,29859.361583203266,29860.456941108183,29859.909262155725
2024-10-01 09:31:41.900,BTC-USD,Coinbase,29863.208825083675,29864.45843133241,29863.83362820804
2024-10-01 09:31:41.900,BTC-USD,Gemini,29862.752097968027,29865.2422395376,29863.997168752816
2024-10-01 09:31:42.000,BTC-USD,Coinbase,29857.89351752641,29858.946368056055,29858.41994279123
2024-10-01 09:31:42.000,BTC-USD,Gemini,29858.03215201967,29858.139704662968,29858.08592834132
2024-10-01 09:31:42.100,BTC-USD,Gemini,29849.58491385938,29852.099743586223,29850.8423287228
2024-10-01 09:31:42.100,BTC-USD,Coinbase,29850.259443464878,29851.912677407134,29851.086060436006
2024-10-01 09:31:42.200,BTC-USD,Coinbase,29852.475360170283,29853.860836051666,29853.168098110975
2024-10-01 09:31:42.200,BTC-USD,Gemini,29851.55789404075,29854.48948622778,29853.023690134265
2024-10-01 09:31:42.300,BTC-USD,Gemini,29849.394660990907,29852.742698085738,29851.068679538323
2024-10-01 09:31:42.300,BTC-USD,Coinbase,29850.122330346258,29852.03004769146,29851.07618901886
2024-10-01 09:31:42.400,BTC-USD,Coinbase,29850.790795071473,29852.718657596037,29851.754726333755
2024-10-01 09:31:42.400,BTC-USD,Gemini,29850.93882534747,29853.47285881409,29852.20584208078
2024-10-01 09:31:42.500,BTC-USD,Gemini,29854.3603048938,29856.39771133272,29855.37900811326
2024-10-01 09:31:42.500,BTC-USD,Coinbase,29855.250294260364,29856.841157148014,29856.04572570419
2024-10-01 09:31:42.600,BTC-USD,Gemini,29853.54533406779,29855.609961558104,29854.57764781295
2024-10-01 09:31:42.600,BTC-USD,Coinbase,29853.583925444364,29854.798668192227,29854.191296818295
2024-10-01 09:31:42.700,BTC-USD,Coinbase,29854.34993565585,29855.65077103183,29855.00035334384
2024-10-01 09:31:42.700,BTC-USD,Gemini,29854.102714523786,29855.20589848383,29854.654306503806
2024-10-01 09:31:42.800,BTC-USD,Gemini,29857.315861229392,29858.754351384625,29858.03510630701
2024-10-01 09:31:42.800,BTC-USD,Coinbase,29856.429032334152,29858.307330028456,29857.368181181304
2024-10-01 09:31:42.900,BTC-USD,Gemini,29860.188346306557,29863.18053497789,29861.684440642224
2024-10-01 09:31:42.900,BTC-USD,Coinbase,29860.99557070143,29862.599593570252,29861.79758213584
2024-10-01 09:31:43.000,BTC-USD,Gemini,29869.363635193626,29871.298805177026,29870.331220185326
2024-10-01 09:31:43.000,BTC-USD,Coinbase,29869.762035470238,29871.385169115252,29870.573602292745
2024-10-01 09:31:43.100,BTC-USD,Gemini,29877.5167190428,29879.477403326644,29878.497061184724
2024-10-01 09:31:43.100,BTC-USD,Coinbase,29878.091258468463,29880.000933116928,29879.046095792695
2024-10-01 09:31:43.200,BTC-USD,Gemini,29880.547224544367,29880.43221269781,29880.489718621087
2024-10-01 09:31:43.200,BTC-USD,Coinbase,29879.717635994588,29880.776788507785,29880.247212251186
2024-10-01 09:31:43.300,BTC-USD,Coinbase,29878.198384650936,29879.943855855,29879.071120252967
2024-10-01 09:31:43.300,BTC-USD,Gemini,29878.923311614522,29880.818364697006,29879.870838155766
2024-10-01 09:31:43.400,BTC-USD,Gemini,29890.932749331037,29892.13000271604,29891.531376023537
2024-10-01 09:31:43.400,BTC-USD,Coinbase,29890.072692673035,29891.70334544484,29890.888019058937
2024-10-01 09:31:43.500,BTC-USD,Gemini,29893.084001988114,29895.30256586223,29894.19328392517
2024-10-01 09:31:43.500,BTC-USD,Coinbase,29893.539433441012,29894.614975781453,29894.077204611232
2024-10-01 09:31:43.600,BTC-USD,Coinbase,29895.388920258454,29897.02149782468,29896.205209041567
2024-10-01 09:31:43.600,BTC-USD,Gemini,29894.67520450756,29897.469846737527,29896.07252562254
2024-10-01 09:31:43.700,BTC-USD,Coinbase,29890.395599963573,29891.055992802547,29890.72579638306
2024-10-01 09:31:43.700,BTC-USD,Gemini,29890.118320438374,29891.15264886823,29890.6354846533
2024-10-01 09:31:43.800,BTC-USD,Gemini,29893.946622453415,29895.665272625898,29894.80594753966
2024-10-01 09:31:43.800,BTC-USD,Coinbase,29894.33849947486,29894.865330516284,29894.601914995572
2024-10-01 09:31:43.900,BTC-USD,Coinbase,29889.831112319505,29891.641968115375,29890.73654021744
2024-10-01 09:31:43.900,BTC-USD,Gemini,29889.16806702219,29890.927085220967,29890.04757612158
2024-10-01 09:31:44.000,BTC-USD,Gemini,29886.615049383254,29888.565480702997,29887.590265043124
2024-10-01 09:31:44.000,BTC-USD,Coinbase,29887.476052700404,29889.44179252431,29888.458922612357
2024-10-01 09:31:44.100,BTC-USD,Gemini,29881.437943072946,29882.747526444295,29882.09273475862
2024-10-01 09:31:44.100,BTC-USD,Coinbase,29881.242131550567,29882.39128789154,29881.816709721053
2024-10-01 09:31:44.200,BTC-USD,Gemini,29878.722833805004,29878.81463639625,29878.768735100628
2024-10-01 09:31:44.200,BTC-USD,Coinbase,29878.694588870832,29879.779228023694,29879.236908447263
2024-10-01 09:31:44.300,BTC-USD,Gemini,29879.90174848842,29880.3201560614,29880.11095227491
2024-10-01 09:31:44.300,BTC-USD,Coinbase,29879.12786504644,29879.967986166124,29879.547925606283
2024-10-01 09:31:44.400,BTC-USD,Gemini,29871.230977413565,29873.539745747566,29872.385361580564
2024-10-01 09:31:44.400,BTC-USD,Coinbase,29871.13286014196,29873.03808809662,29872.08547411929
2024-10-01 09:31:44.500,BTC-USD,Coinbase,29867.189321515085,29868.07995033516,29867.634635925122
2024-10-01 09:31:44.500,BTC-USD,Gemini,29867.479434104072,29867.24293479831,29867.36118445119
2024-10-01 09:31:44.600,BTC-USD,Coinbase,29866.51359855072,29867.982694239032,29867.248146394875
2024-10-01 09:31:44.600,BTC-USD,Gemini,29867.262627146596,29868.371748323443,29867.817187735018
2024-10-01 09:31:44.700,BTC-USD,Coinbase,29860.105256786082,29861.828650687174,29860.966953736628
2024-10-01 09:31:44.700,BTC-USD,Gemini,29860.837347741388,29861.338889297054,29861.08811851922
2024-10-01 09:31:44.800,BTC-USD,Coinbase,29854.149197227463,29855.32861846878,29854.73890784812
2024-10-01 09:31:44.800,BTC-USD,Gemini,29854.743457546316,29854.950684370677,29854.847070958494
2024-10-01 09:31:44.900,BTC-USD,Coinbase,29849.633597210202,29851.57036970568,29850.601983457942
2024-10-01 09:31:44.900,BTC-USD,Gemini,29849.70383423114,29851.139501651713,29850.421667941424
2024-10-01 09:31:45.000,BTC-USD,Coinbase,29843.078117452398,29844.126569355325,29843.60234340386
2024-10-01 09:31:45.000,BTC-USD,Gemini,29842.716234379393,29843.582490354107,29843.14936236675
2024-10-01 09:31:45.100,BTC-USD,Gemini,29846.27556307407,29847.42239985743,29846.84898146575
2024-10-01 09:31:45.100,BTC-USD,Coinbase,29845.82783950942,29847.492658359002,29846.66024893421
2024-10-01 09:31:45.200,BTC-USD,Coinbase,29841.30763057064,29842.128991490077,29841.71831103036
2024-10-01 09:31:45.200,BTC-USD,Gemini,29840.67408033775,29841.890429934603,29841.282255136175
2024-10-01 09:31:45.300,BTC-USD,Gemini,29844.646745042333,29846.957967066748,29845.80235605454
2024-10-01 09:31:45.300,BTC-USD,Coinbase,29844.93713464272,29846.158759488048,29845.547947065385
2024-10-01 09:31:45.400,BTC-USD,Gemini,29849.0699828577,29851.75998359553,29850.414983226616
2024-10-01 09:31:45.400,BTC-USD,Coinbase,29849.37848365266,29850.926549716103,29850.152516684382
2024-10-01 09:31:45.500,BTC-USD,Coinbase,29843.752114556846,29844.631391505696,29844.19175303127
2024-10-01 09:31:45.500,BTC-USD,Gemini,29843.194128691877,29844.796948602034,29843.995538646956
2024-10-01 09:31:45.600,BTC-USD,Gemini,29843.862860436533,29844.373223209852,29844.118041823192
2024-10-01 09:31:45.600,BTC-USD,Coinbase,29843.520669011108,29845.270547221924,29844.395608116516
2024-10-01 09:31:45.700,BTC-USD,Gemini,29840.111429708482,29843.410518630186,29841.760974169334
2024-10-01 09:31:45.700,BTC-USD,Coinbase,29841.05829070683,29842.96857003009,29842.01343036846
2024-10-01 09:31:45.800,BTC-USD,Gemini,29836.75464843459,29837.399558946643,29837.077103690615
2024-10-01 09:31:45.800,BTC-USD,Coinbase,29835.8863445141,29836.820001653356,29836.353173083728
2024-10-01 09:31:45.900,BTC-USD,Gemini,29835.058847738408,29834.4493190863,29834.754083412354
2024-10-01 09:31:45.900,BTC-USD,Coinbase,29834.066748405327,29835.30800961529,29834.68737901031
2024-10-01 09:31:46.000,BTC-USD,Coinbase,29833.223980615832,29833.74924342674,29833.486612021286
2024-10-01 09:31:46.000,BTC-USD,Gemini,29832.929073451174,29834.745540425694,29833.837306938432
2024-10-01 09:31:46.100,BTC-USD,Coinbase,29836.47432084098,29837.580803548004,29837.027562194493
2024-10-01 09:31:46.100,BTC-USD,Gemini,29835.698312949145,29837.411442950935,29836.55487795004
2024-10-01 09:31:46.200,BTC-USD,Gemini,29841.71889560121,29843.799162775656,29842.759029188433
2024-10-01 09:31:46.200,BTC-USD,Coinbase,29841.43757463948,29842.833779915716,29842.135677277598
2024-10-01 09:31:46.300,BTC-USD,Coinbase,29836.284386585594,29837.02718334558,29836.655784965587
2024-10-01 09:31:46.300,BTC-USD,Gemini,29836.043590056976,29837.519057912534,29836.781323984753
2024-10-01 09:31:46.400,BTC-USD,Coinbase,29833.65028795091,29835.616905288134,29834.633596619522
2024-10-01 09:31:46.400,BTC-USD,Gemini,29832.905053770755,29834.90053151495,29833.902792642853
2024-10-01 09:31:46.500,BTC-USD,Gemini,29837.00715703507,29838.2571205062,29837.632138770634
2024-10-01 09:31:46.500,BTC-USD,Coinbase,29836.895079174403,29837.658310916795,29837.2766950456
2024-10-01 09:31:46.600,BTC-USD,Gemini,29842.433807335205,29843.04079083501,29842.737299085107
2024-10-01 09:31:46.600,BTC-USD,Coinbase,29842.516296770722,29843.775201014796,29843.14574889276
2024-10-01 09:31:46.700,BTC-USD,Coinbase,29830.71824515882,29831.232361914965,29830.975303536892
2024-10-01 09:31:46.700,BTC-USD,Gemini,29829.893013234072,29830.766745877147,29830.32987955561
2024-10-01 09:31:46.800,BTC-USD,Coinbase,29836.8749949376,29837.822233800078,29837.34861436884
2024-10-01 09:31:46.800,BTC-USD,Gemini,29836.11158356543,29837.964839006625,29837.038211286028
2024-10-01 09:31:46.900,BTC-USD,Coinbase,29835.659082913233,29837.364520478637,29836.511801695935
2024-10-01 09:31:46.900,BTC-USD,Gemini,29835.93460851929,29838.23987330955,29837.08724091442
2024-10-01 09:31:47.000,BTC-USD,Gemini,29844.323839545268,29845.582437552617,29844.953138548943
2024-10-01 09:31:47.000,BTC-USD,Coinbase,29843.596680159517,29844.708769396257,29844.152724777887
2024-10-01 09:31:47.100,BTC-USD,Coinbase,29841.147537469657,29842.932946788507,29842.040242129082
2024-10-01 09:31:47.100,BTC-USD,Gemini,29841.245504313618,29843.094968444075,29842.170236378846
2024-10-01 09:31:47.200,BTC-USD,Coinbase,29837.032648477758,29838.76181719934,29837.89723283855
2024-10-01 09:31:47.200,BTC-USD,Gemini,29837.230402224704,29839.070677655414,29838.15053994006
2024-10-01 09:31:47.300,BTC-USD,Gemini,29836.893615279827,29838.70040705036,29837.797011165094
2024-10-01 09:31:47.300,BTC-USD,Coinbase,29837.545930844568,29838.697159234947,29838.121545039758
2024-10-01 09:31:47.400,BTC-USD,Gemini,29844.103963277703,29844.583011570703,29844.3434874242
2024-10-01 09:31:47.400,BTC-USD,Coinbase,29843.587530803394,29844.321350834936,29843.954440819165
2024-10-01 09:31:47.500,BTC-USD,Gemini,29843.184352418208,29845.566756166052,29844.375554292128
2024-10-01 09:31:47.500,BTC-USD,Coinbase,29843.25025727708,29844.964720813,29844.10748904504
2024-10-01 09:31:47.600,BTC-USD,Gemini,29830.869975709855,29834.261763962808,29832.565869836333
2024-10-01 09:31:47.600,BTC-USD,Coinbase,29831.407185370917,29833.288533181796,29832.347859276357
2024-10-01 09:31:47.700,BTC-USD,Coinbase,29835.328158383058,29836.193927052165,29835.76104271761
2024-10-01 09:31:47.700,BTC-USD,Gemini,29834.332438642796,29836.443699267154,29835.388068954977
2024-10-01 09:31:47.800,BTC-USD,Gemini,29827.390573327964,29827.298124444816,29827.344348886392
2024-10-01 09:31:47.800,BTC-USD,Coinbase,29827.424741796716,29828.03737239609,29827.731057096404
2024-10-01 09:31:47.900,BTC-USD,Coinbase,29821.965869818116,29823.73247285386,29822.849171335987
2024-10-01 09:31:47.900,BTC-USD,Gemini,29822.150405032957,29824.18834490679,29823.169374969875
2024-10-01 09:31:48.000,BTC-USD,Coinbase,29816.346569542307,29817.758953482837,29817.052761512572
2024-10-01 09:31:48.000,BTC-USD,Gemini,29816.456892195652,29816.91690785001,29816.686900022833
2024-10-01 09:31:48.100,BTC-USD,Coinbase,29807.4355687278,29808.325256899363,29807.88041281358
2024-10-01 09:31:48.100,BTC-USD,Gemini,29807.353603530642,29807.561330378656,29807.45746695465
2024-10-01 09:31:48.200,BTC-USD,Gemini,29800.592120415226,29801.579899319386,29801.086009867307
2024-10-01 09:31:48.200,BTC-USD,Coinbase,29801.249090926434,29802.007615123624,29801.62835302503
2024-10-01 09:31:48.300,BTC-USD,Gemini,29796.63853998353,29797.46818973722,29797.053364860374
2024-10-01 09:31:48.300,BTC-USD,Coinbase,29796.076402834915,29797.321845080973,29796.699123957944
2024-10-01 09:31:48.400,BTC-USD,Gemini,29791.745129344792,29794.398380131828,29793.07175473831
2024-10-01 09:31:48.400,BTC-USD,Coinbase,29792.69762504808,29794.588314679124,29793.642969863602
2024-10-01 09:31:48.500,BTC-USD,Gemini,29792.29174005484,29793.90654327336,29793.099141664097
2024-10-01 09:31:48.500,BTC-USD,Coinbase,29793.001328142986,29793.752067655703,29793.376697899344
2024-10-01 09:31:48.600,BTC-USD,Gemini,29791.539958564583,29792.928477162983,29792.234217863785
2024-10-01 09:31:48.600,BTC-USD,Coinbase,29790.9150931812,29792.49847958967,29791.706786385435
2024-10-01 09:31:48.700,BTC-USD,Coinbase,29783.86496457999,29784.744568564172,29784.30476657208
2024-10-01 09:31:48.700,BTC-USD,Gemini,29784.768502202307,29785.10209974589,29784.9353009741
2024-10-01 09:31:48.800,BTC-USD,Coinbase,29782.702553970987,29784.090076597473,29783.39631528423
2024-10-01 09:31:48.800,BTC-USD,Gemini,29783.6489903928,29784.589225736545,29784.119108064675
2024-10-01 09:31:48.900,BTC-USD,Coinbase,29787.675925827454,29788.844069767787,29788.25999779762
2024-10-01 09:31:48.900,BTC-USD,Gemini,29786.876294058195,29789.439104832018,29788.157699445106
2024-10-01 09:31:49.000,BTC-USD,Coinbase,29792.326239897102,29793.675862996042,29793.001051446572
2024-10-01 09:31:49.000,BTC-USD,Gemini,29793.320014135235,29794.445112077614,29793.882563106425
2024-10-01 09:31:49.100,BTC-USD,Gemini,29793.866090605556,29794.5287389288,29794.19741476718
2024-10-01 09:31:49.100,BTC-USD,Coinbase,29793.32292732122,29794.02569840698,29793.6743128641
2024-10-01 09:31:49.200,BTC-USD,Coinbase,29795.874012497436,29797.66848429807,29796.771248397752
2024-10-01 09:31:49.200,BTC-USD,Gemini,29795.51703215455,29796.953327744224,29796.235179949384
2024-10-01 09:31:49.300,BTC-USD,Gemini,29799.323364955435,29801.810677293506,29800.567021124472
2024-10-01 09:31:49.300,BTC-USD,Coinbase,29800.24404415481,29802.2210466948,29801.232545424806
2024-10-01 09:31:49.400,BTC-USD,Coinbase,29807.41817323829,29808.66344340982,29808.040808324055
2024-10-01 09:31:49.400,BTC-USD,Gemini,29808.21762313318,29807.767141149285,29807.99238214123
2024-10-01 09:31:49.500,BTC-USD,Coinbase,29815.970649119416,29817.075472808734,29816.523060964075
2024-10-01 09:31:49.500,BTC-USD,Gemini,29815.980251050503,29817.96607102868,29816.97316103959
2024-10-01 09:31:49.600,BTC-USD,Coinbase,29814.079071962846,29815.764268179064,29814.921670070955
2024-10-01 09:31:49.600,BTC-USD,Gemini,29813.699651061987,29815.38214798375,29814.540899522868
2024-10-01 09:31:49.700,BTC-USD,Coinbase,29813.187185961735,29813.939582076844,29813.56338401929
2024-10-01 09:31:49.700,BTC-USD,Gemini,29812.75508201137,29814.280652919093,29813.51786746523
2024-10-01 09:31:49.800,BTC-USD,Coinbase,29820.624656092194,29821.230101639725,29820.92737886596
2024-10-01 09:31:49.800,BTC-USD,Gemini,29820.88416483073,29821.320522023754,29821.102343427243
2024-10-01 09:31:49.900,BTC-USD,Coinbase,29827.9455521708,29829.51991473492,29828.73273345286
2024-10-01 09:31:49.900,BTC-USD,Gemini,29827.901732228514,29828.537048612612,29828.219390420563
2024-10-01 09:31:50.000,BTC-USD,Coinbase,29835.776176217983,29837.09585988805,29836.436018053017
2024-10-01 09:31:50.000,BTC-USD,Gemini,29835.03213752833,29837.21171459933,29836.12192606383
2024-10-01 09:31:50.100,BTC-USD,Coinbase,29823.994282677755,29825.44216411376,29824.718223395757
2024-10-01 09:31:50.100,BTC-USD,Gemini,29822.99461058692,29824.611485577254,29823.80304808209
2024-10-01 09:31:50.200,BTC-USD,Coinbase,29823.348132132236,29823.891420749485,29823.61977644086
2024-10-01 09:31:50.200,BTC-USD,Gemini,29823.35843024957,29824.851933650207,29824.10518194989
2024-10-01 09:31:50.300,BTC-USD,Coinbase,29806.444620361934,29808.239780151238,29807.342200256586
2024-10-01 09:31:50.300,BTC-USD,Gemini,29805.95894416802,29807.71327491161,29806.836109539814
2024-10-01 09:31:50.400,BTC-USD,Gemini,29809.893953993604,29812.010783673024,29810.952368833314
2024-10-01 09:31:50.400,BTC-USD,Coinbase,29810.24125309565,29811.742506615774,29810.991879855712
2024-10-01 09:31:50.500,BTC-USD,Coinbase,29810.935897175215,29811.604019378843,29811.26995827703
2024-10-01 09:31:50.500,BTC-USD,Gemini,29810.83844935578,29811.29457068134,29811.066510018558
2024-10-01 09:31:50.600,BTC-USD,Gemini,29810.819268160627,29812.527968716957,29811.673618438792
2024-10-01 09:31:50.600,BTC-USD,Coinbase,29810.78511455397,29812.27659693386,29811.530855743917
2024-10-01 09:31:50.700,BTC-USD,Gemini,29809.216189772724,29811.221308520257,29810.21874914649
2024-10-01 09:31:50.700,BTC-USD,Coinbase,29809.857348256617,29811.82741577559,29810.842382016104
2024-10-01 09:31:50.800,BTC-USD,Coinbase,29816.916263459112,29817.80221458406,29817.359239021585
2024-10-01 09:31:50.800,BTC-USD,Gemini,29816.583962581208,29818.258871113972,29817.42141684759
2024-10-01 09:31:50.900,BTC-USD,Gemini,29814.34937825538,29816.155720801304,29815.25254952834
2024-10-01 09:31:50.900,BTC-USD,Coinbase,29814.93583154362,29816.851579418028,29815.893705480823
2024-10-01 09:31:51.000,BTC-USD,Gemini,29819.8453807672,29821.92297012703,29820.884175447114
2024-10-01 09:31:51.000,BTC-USD,Coinbase,29820.08941887317,29822.029133877535,29821.059276375352
2024-10-01 09:31:51.100,BTC-USD,Gemini,29823.831518614857,29824.231374429073,29824.031446521964
2024-10-01 09:31:51.100,BTC-USD,Coinbase,29822.946103676215,29824.708429257313,29823.827266466764
2024-10-01 09:31:51.200,BTC-USD,Coinbase,29824.99482378879,29826.22786747508,29825.611345631936
2024-10-01 09:31:51.200,BTC-USD,Gemini,29825.16424284082,29826.7663620164,29825.96530242861
2024-10-01 09:31:51.300,BTC-USD,Coinbase,29827.33970283051,29828.508943387766,29827.92432310914
2024-10-01 09:31:51.300,BTC-USD,Gemini,29827.530406496466,29828.14326028164,29827.836833389054
2024-10-01 09:31:51.400,BTC-USD,Gemini,29828.8844379965,29828.915996615742,29828.900217306124
2024-10-01 09:31:51.400,BTC-USD,Coinbase,29827.95643754298,29828.99927354718,29828.47785554508
2024-10-01 09:31:51.500,BTC-USD,Gemini,29821.78300640908,29824.403765694944,29823.093386052013
2024-10-01 09:31:51.500,BTC-USD,Coinbase,29822.16979540411,29823.84866027862,29823.009227841365
2024-10-01 09:31:51.600,BTC-USD,Coinbase,29826.227159054164,29826.95349236502,29826.590325709592
2024-10-01 09:31:51.600,BTC-USD,Gemini,29825.64462214898,29826.897969546055,29826.271295847517
2024-10-01 09:31:51.700,BTC-USD,Coinbase,29829.507213723307,29830.806721606008,29830.156967664658
2024-10-01 09:31:51.700,BTC-USD,Gemini,29829.419652596855,29830.24589763303,29829.83277511494
2024-10-01 09:31:51.800,BTC-USD,Gemini,29828.347918010768,29829.88679425997,29829.11735613537
2024-10-01 09:31:51.800,BTC-USD,Coinbase,29828.777596545428,29830.097495709728,29829.437546127578
2024-10-01 09:31:51.900,BTC-USD,Gemini,29832.47880161495,29834.22449898753,29833.35165030124
2024-10-01 09:31:51.900,BTC-USD,Coinbase,29832.142708401992,29834.03948521185,29833.091096806922
2024-10-01 09:31:52.000,BTC-USD,Coinbase,29836.654319149453,29838.51716420623,29837.58574167784
2024-10-01 09:31:52.000,BTC-USD,Gemini,29836.224827130078,29837.854541140223,29837.03968413515
2024-10-01 09:31:52.100,BTC-USD,Coinbase,29830.566081383677,29831.79009652091,29831.178088952292
2024-10-01 09:31:52.100,BTC-USD,Gemini,29830.524748213174,29832.257762006826,29831.39125511
2024-10-01 09:31:52.200,BTC-USD,Coinbase,29829.768824902294,29831.1659980237,29830.467411462996
2024-10-01 09:31:52.200,BTC-USD,Gemini,29830.681401246402,29831.6499403007,29831.165670773553
2024-10-01 09:31:52.300,BTC-USD,Gemini,29827.041300973255,29829.585807559648,29828.313554266453
2024-10-01 09:31:52.300,BTC-USD,Coinbase,29827.47101644114,29829.031320564307,29828.251168502724
2024-10-01 09:31:52.400,BTC-USD,Gemini,29822.964650821195,29823.652784572936,29823.308717697066
2024-10-01 09:31:52.400,BTC-USD,Coinbase,29823.06792404541,29824.382812085718,29823.725368065563
2024-10-01 09:31:52.500,BTC-USD,Coinbase,29824.87442251289,29825.799457661495,29825.336940087192
2024-10-01 09:31:52.500,BTC-USD,Gemini,29824.885865202603,29826.64941598327,29825.767640592938
2024-10-01 09:31:52.600,BTC-USD,Gemini,29821.124150751664,29821.65663484441,29821.390392798035
2024-10-01 09:31:52.600,BTC-USD,Coinbase,29820.751763808275,29821.490340241555,29821.121052024915
2024-10-01 09:31:52.700,BTC-USD,Gemini,29817.42067593837,29819.603944024442,29818.512309981408
2024-10-01 09:31:52.700,BTC-USD,Coinbase,29818.27704336286,29819.621238658976,29818.94914101092
2024-10-01 09:31:52.800,BTC-USD,Gemini,29820.026717375316,29821.047279004637,29820.53699818998
2024-10-01 09:31:52.800,BTC-USD,Coinbase,29819.59850029022,29820.753770178326,29820.176135234273
2024-10-01 09:31:52.900,BTC-USD,Gemini,29821.405696285343,29823.05178509009,29822.228740687715
2024-10-01 09:31:52.900,BTC-USD,Coinbase,29821.47260751343,29822.378164091795,29821.925385802613
2024-10-01 09:31:53.000,BTC-USD,Gemini,29823.836198333214,29824.50461255442,29824.170405443816
2024-10-01 09:31:53.000,BTC-USD,Coinbase,29823.024694849715,29824.041538681973,29823.533116765844
2024-10-01 09:31:53.100,BTC-USD,Gemini,29835.136035108993,29835.10552135134,29835.120778230164
2024-10-01 09:31:53.100,BTC-USD,Coinbase,29834.420819489766,29834.98449632962,29834.702657909693
2024-10-01 09:31:53.200,BTC-USD,Coinbase,29831.51793148292,29832.85051248298,29832.18422198295
2024-10-01 09:31:53.200,BTC-USD,Gemini,29832.094438247917,29833.022980065758,29832.558709156838
2024-10-01 09:31:53.300,BTC-USD,Coinbase,29833.127948434172,29833.742357204283,29833.435152819227
2024-10-01 09:31:53.300,BTC-USD,Gemini,29832.379208031187,29833.02464157459,29832.70192480289
2024-10-01 09:31:53.400,BTC-USD,Coinbase,29827.07609757388,29827.73576811746,29827.40593284567
2024-10-01 09:31:53.400,BTC-USD,Gemini,29827.52059822901,29828.117911612626,29827.819254920818
2024-10-01 09:31:53.500,BTC-USD,Gemini,29828.188144984877,29830.683552448387,29829.435848716632
2024-10-01 09:31:53.500,BTC-USD,Coinbase,29828.983637309502,29830.641786761727,29829.812712035615
2024-10-01 09:31:53.600,BTC-USD,Coinbase,29835.24846441686,29835.91149583548,29835.57998012617
2024-10-01 09:31:53.600,BTC-USD,Gemini,29835.26953753384,29835.02519079018,29835.14736416201
2024-10-01 09:31:53.700,BTC-USD,Gemini,29840.897367366124,29842.63975043357,29841.768558899847
2024-10-01 09:31:53.700,BTC-USD,Coinbase,29840.875389678593,29842.42317155528,29841.649280616937
2024-10-01 09:31:53.800,BTC-USD,Gemini,29838.3982335173,29838.641088994114,29838.519661255705
2024-10-01 09:31:53.800,BTC-USD,Coinbase,29837.853051953472,29839.087392512967,29838.47022223322
2024-10-01 09:31:53.900,BTC-USD,Gemini,29836.91742900743,29836.84620692293,29836.88181796518
2024-10-01 09:31:53.900,BTC-USD,Coinbase,29836.640499167872,29837.505302878744,29837.072901023308
2024-10-01 09:31:54.000,BTC-USD,Coinbase,29842.70666023264,29844.063024146217,29843.38484218943
2024-10-01 09:31:54.000,BTC-USD,Gemini,29843.176257470146,29844.940562935113,29844.05841020263
2024-10-01 09:31:54.100,BTC-USD,Gemini,29841.87987116964,29843.977852316406,29842.92886174302
2024-10-01 09:31:54.100,BTC-USD,Coinbase,29842.27644650453,29843.559524446933,29842.91798547573
2024-10-01 09:31:54.200,BTC-USD,Gemini,29847.07300856667,29847.743556191384,29847.408282379027
2024-10-01 09:31:54.200,BTC-USD,Coinbase,29846.77849092152,29848.644224092284,29847.7113575069
2024-10-01 09:31:54.300,BTC-USD,Gemini,29840.980474332413,29843.66458663861,29842.32253048551
2024-10-01 09:31:54.300,BTC-USD,Coinbase,29841.875892845124,29843.822600163734,29842.84924650443
2024-10-01 09:31:54.400,BTC-USD,Gemini,29850.08663133345,29851.03117426586,29850.558902799654
2024-10-01 09:31:54.400,BTC-USD,Coinbase,29849.167345517726,29850.36484228922,29849.766093903472
2024-10-01 09:31:54.500,BTC-USD,Gemini,29855.36738904711,29856.110973733867,29855.73918139049
2024-10-01 09:31:54.500,BTC-USD,Coinbase,29854.37878602403,29855.425880578074,29854.902333301052
2024-10-01 09:31:54.600,BTC-USD,Coinbase,29856.532887438494,29857.912234386196,29857.222560912345
2024-10-01 09:31:54.600,BTC-USD,Gemini,29856.497214294843,29858.583338304532,29857.54027629969
2024-10-01 09:31:54.700,BTC-USD,Gemini,29852.356296911712,29852.708779523884,29852.532538217798
2024-10-01 09:31:54.700,BTC-USD,Coinbase,29852.895697527947,29853.564065193637,29853.229881360792
2024-10-01 09:31:54.800,BTC-USD,Gemini,29852.53623726181,29853.780064395858,29853.158150828836
2024-10-01 09:31:54.800,BTC-USD,Coinbase,29851.785492832165,29853.077165104292,29852.43132896823
2024-10-01 09:31:54.900,BTC-USD,Gemini,29852.704715894848,29852.87341556396,29852.789065729405
2024-10-01 09:31:54.900,BTC-USD,Coinbase,29852.862615870068,29853.512651644098,29853.187633757083
2024-10-01 09:31:55.000,BTC-USD,Coinbase,29854.048291982548,29854.961096164665,29854.504694073607
2024-10-01 09:31:55.000,BTC-USD,Gemini,29853.3013017892,29854.690996643443,29853.99614921632
2024-10-01 09:31:55.100,BTC-USD,Gemini,29852.740204897254,29853.84524118393,29853.29272304059
2024-10-01 09:31:55.100,BTC-USD,Coinbase,29853.162226167442,29854.799373145244,29853.980799656343
2024-10-01 09:31:55.200,BTC-USD,Gemini,29851.195157896113,29853.331046674924,29852.26310228552
2024-10-01 09:31:55.200,BTC-USD,Coinbase,29852.060854432497,29853.716367453544,29852.88861094302
2024-10-01 09:31:55.300,BTC-USD,Gemini,29853.374220746013,29854.732083659354,29854.053152202683
2024-10-01 09:31:55.300,BTC-USD,Coinbase,29853.243061859444,29854.458716543668,29853.850889201556
2024-10-01 09:31:55.400,BTC-USD,Gemini,29860.008473843067,29862.460796131738,29861.234634987402
2024-10-01 09:31:55.400,BTC-USD,Coinbase,29859.855821598,29861.80155655434,29860.82868907617
2024-10-01 09:31:55.500,BTC-USD,Gemini,29851.165171679815,29850.227788621167,29850.69648015049
2024-10-01 09:31:55.500,BTC-USD,Coinbase,29850.425480996364,29851.153086214286,29850.789283605325
2024-10-01 09:31:55.600,BTC-USD,Coinbase,29843.44537237828,29844.414468846255,29843.929920612267
2024-10-01 09:31:55.600,BTC-USD,Gemini,29844.003348508508,29845.03354441699,29844.51844646275
2024-10-01 09:31:55.700,BTC-USD,Coinbase,29835.51120273613,29836.89990503527,29836.2055538857
2024-10-01 09:31:55.700,BTC-USD,Gemini,29834.76040980832,29836.533933041952,29835.64717142514
2024-10-01 09:31:55.800,BTC-USD,Coinbase,29832.18627137904,29833.355060210473,29832.770665794756
2024-10-01 09:31:55.800,BTC-USD,Gemini,29831.901046665927,29832.704476190596,29832.302761428262
2024-10-01 09:31:55.900,BTC-USD,Coinbase,29823.33313042417,29824.80559953301,29824.06936497859
2024-10-01 09:31:55.900,BTC-USD,Gemini,29822.790573559014,29823.827403688123,29823.30898862357
2024-10-01 09:31:56.000,BTC-USD,Coinbase,29826.51851560939,29827.1514126257,29826.834964117545
2024-10-01 09:31:56.000,BTC-USD,Gemini,29827.13088874745,29827.49162952867,29827.311259138063
2024-10-01 09:31:56.100,BTC-USD,Gemini,29826.92882984327,29828.71926732262,29827.824048582945
2024-10-01 09:31:56.100,BTC-USD,Coinbase,29826.524158610882,29828.10297421257,29827.313566411725
2024-10-01 09:31:56.200,BTC-USD,Coinbase,29825.67252791802,29826.416832246392,29826.044680082206
2024-10-01 09:31:56.200,BTC-USD,Gemini,29826.550144522633,29826.9794527844,29826.764798653516
2024-10-01 09:31:56.300,BTC-USD,Gemini,29822.18855795173,29823.449467105198,29822.819012528464
2024-10-01 09:31:56.300,BTC-USD,Coinbase,29822.184183802034,29823.0897447651,29822.636964283567
2024-10-01 09:31:56.400,BTC-USD,Coinbase,29823.0365410655,29823.805964785934,29823.421252925717
2024-10-01 09:31:56.400,BTC-USD,Gemini,29823.699516879737,29824.72108107032,29824.210298975027
2024-10-01 09:31:56.500,BTC-USD,Gemini,29823.754575891548,29824.835911391983,29824.295243641765
2024-10-01 09:31:56.500,BTC-USD,Coinbase,29823.52218851779,29825.102813934347,29824.312501226068
2024-10-01 09:31:56.600,BTC-USD,Gemini,29825.494787540774,29825.871889409827,29825.6833384753
2024-10-01 09:31:56.600,BTC-USD,Coinbase,29825.684001623275,29826.243630556142,29825.96381608971
2024-10-01 09:31:56.700,BTC-USD,Coinbase,29821.335932730482,29823.301550807915,29822.3187417692
2024-10-01 09:31:56.700,BTC-USD,Gemini,29820.506368879665,29823.57429696479,29822.040332922228
2024-10-01 09:31:56.800,BTC-USD,Coinbase,29825.03516198524,29826.09545368214,29825.56530783369
2024-10-01 09:31:56.800,BTC-USD,Gemini,29824.264427488277,29825.689158107532,29824.976792797905
2024-10-01 09:31:56.900,BTC-USD,Gemini,29817.51140168409,29819.495293263,29818.503347473546
2024-10-01 09:31:56.900,BTC-USD,Coinbase,29817.798046596377,29818.64703805704,29818.22254232671
2024-10-01 09:31:57.000,BTC-USD,Gemini,29824.91619734882,29825.2331527101,29825.07467502946
2024-10-01 09:31:57.000,BTC-USD,Coinbase,29823.975013997773,29824.964432933037,29824.469723465405
2024-10-01 09:31:57.100,BTC-USD,Gemini,29807.921426337794,29810.02760572875,29808.97451603327
2024-10-01 09:31:57.100,BTC-USD,Coinbase,29808.464343789186,29809.70789449298,29809.086119141084
2024-10-01 09:31:57.200,BTC-USD,Coinbase,29805.695269847623,29806.540450544053,29806.117860195838
2024-10-01 09:31:57.200,BTC-USD,Gemini,29805.690144405075,29807.412922393636,29806.551533399354
2024-10-01 09:31:57.300,BTC-USD,Coinbase,29799.28507118197,29800.92772889822,29800.106400040095
2024-10-01 09:31:57.300,BTC-USD,Gemini,29799.552217360826,29800.269747090904,29799.910982225865
2024-10-01 09:31:57.400,BTC-USD,Gemini,29802.411233009472,29804.504217974463,29803.457725491968
2024-10-01 09:31:57.400,BTC-USD,Coinbase,29803.23862897905,29804.871611459846,29804.055120219447
2024-10-01 09:31:57.500,BTC-USD,Gemini,29796.19305039729,29797.853730545292,29797.02339047129
2024-10-01 09:31:57.500,BTC-USD,Coinbase,29795.907529292148,29797.351182926628,29796.629356109388
2024-10-01 09:31:57.600,BTC-USD,Coinbase,29804.809015964507,29806.668132483333,29805.73857422392
2024-10-01 09:31:57.600,BTC-USD,Gemini,29804.181979564837,29807.110565607814,29805.646272586324
2024-10-01 09:31:57.700,BTC-USD,Coinbase,29797.223982792635,29798.807304190534,29798.015643491584
2024-10-01 09:31:57.700,BTC-USD,Gemini,29796.617866484878,29798.03935278054,29797.328609632707
2024-10-01 09:31:57.800,BTC-USD,Coinbase,29807.78764620983,29808.52824003024,29808.157943120033
2024-10-01 09:31:57.800,BTC-USD,Gemini,29808.010417856305,29808.099986392226,29808.055202124266
2024-10-01 09:31:57.900,BTC-USD,Coinbase,29809.949659289665,29810.846293271843,29810.397976280754
2024-10-01 09:31:57.900,BTC-USD,Gemini,29809.793618285985,29811.692486926902,29810.74305260644
2024-10-01 09:31:58.000,BTC-USD,Coinbase,29809.944185562075,29811.158958630767,29810.55157209642
2024-10-01 09:31:58.000,BTC-USD,Gemini,29809.552388621167,29811.42346909905,29810.487928860108
2024-10-01 09:31:58.100,BTC-USD,Gemini,29812.588079593825,29813.930416150088,29813.259247871956
2024-10-01 09:31:58.100,BTC-USD,Coinbase,29812.248491312876,29813.21251423178,29812.730502772327
2024-10-01 09:31:58.200,BTC-USD,Coinbase,29823.146210574025,29824.240581424365,29823.693395999195
2024-10-01 09:31:58.200,BTC-USD,Gemini,29823.38928054238,29824.74967972242,29824.0694801324
2024-10-01 09:31:58.300,BTC-USD,Gemini,29827.116123043517,29828.349111039086,29827.7326170413
2024-10-01 09:31:58.300,BTC-USD,Coinbase,29827.552884464232,29828.764708053983,29828.158796259107
2024-10-01 09:31:58.400,BTC-USD,Gemini,29815.78664969553,29818.189689878585,29816.98816978706
2024-10-01 09:31:58.400,BTC-USD,Coinbase,29816.154077015468,29817.82970726642,29816.991892140944
2024-10-01 09:31:58.500,BTC-USD,Coinbase,29822.30516828405,29823.620861583822,29822.963014933935
2024-10-01 09:31:58.500,BTC-USD,Gemini,29821.834086111983,29822.77060025943,29822.302343185707
2024-10-01 09:31:58.600,BTC-USD,Gemini,29823.474298356643,29825.857666243224,29824.665982299935
2024-10-01 09:31:58.600,BTC-USD,Coinbase,29823.243602376995,29825.000194433906,29824.12189840545
2024-10-01 09:31:58.700,BTC-USD,Gemini,29815.855816673928,29815.90805851939,29815.88193759666
2024-10-01 09:31:58.700,BTC-USD,Coinbase,29815.330779086835,29816.742791763427,29816.03678542513
2024-10-01 09:31:58.800,BTC-USD,Gemini,29819.758340235443,29821.05058217023,29820.404461202837
2024-10-01 09:31:58.800,BTC-USD,Coinbase,29819.583587043577,29820.094811527088,29819.839199285332
2024-10-01 09:31:58.900,BTC-USD,Coinbase,29812.792889665932,29814.774432987146,29813.78366132654
2024-10-01 09:31:58.900,BTC-USD,Gemini,29811.83897596488,29814.55229168441,29813.195633824645
2024-10-01 09:31:59.000,BTC-USD,Coinbase,29814.32950750549,29815.049746150446,29814.689626827967
2024-10-01 09:31:59.000,BTC-USD,Gemini,29814.20142020387,29814.501213793115,29814.351316998494
2024-10-01 09:31:59.100,BTC-USD,Coinbase,29815.30914631352,29816.40253670345,29815.855841508484
2024-10-01 09:31:59.100,BTC-USD,Gemini,29814.930875809863,29815.867035602812,29815.39895570634
2024-10-01 09:31:59.200,BTC-USD,Coinbase,29812.349323125407,29812.878380741833,29812.61385193362
2024-10-01 09:31:59.200,BTC-USD,Gemini,29812.77540586995,29813.65158642642,29813.213496148186
2024-10-01 09:31:59.300,BTC-USD,Gemini,29814.61329401234,29815.653030712536,29815.133162362436
2024-10-01 09:31:59.300,BTC-USD,Coinbase,29815.207946726427,29816.49540925389,29815.85167799016
2024-10-01 09:31:59.400,BTC-USD,Gemini,29809.166684576267,29811.941338420376,29810.554011498323
2024-10-01 09:31:59.400,BTC-USD,Coinbase,29809.98537994219,29811.501957755638,29810.743668848914
2024-10-01 09:31:59.500,BTC-USD,Gemini,29810.488280118087,29812.058872007754,29811.273576062922
2024-10-01 09:31:59.500,BTC-USD,Coinbase,29811.233695212733,29812.165464278067,29811.6995797454
2024-10-01 09:31:59.600,BTC-USD,Gemini,29808.29470725844,29809.148335263035,29808.721521260737
2024-10-01 09:31:59.600,BTC-USD,Coinbase,29808.01667065171,29809.90933704178,29808.963003846744
2024-10-01 09:31:59.700,BTC-USD,Gemini,29808.25036742251,29808.411828441516,29808.331097932016
2024-10-01 09:31:59.700,BTC-USD,Coinbase,29807.68720897036,29808.412142466426,29808.049675718394
2024-10-01 09:31:59.800,BTC-USD,Gemini,29816.500966219344,29818.93408924734,29817.717527733344
2024-10-01 09:31:59.800,BTC-USD,Coinbase,29816.70269923982,29818.625561162615,29817.664130201218
2024-10-01 09:31:59.900,BTC-USD,Coinbase,29817.38469124287,29819.064013588184,29818.224352415527
2024-10-01 09:31:59.900,BTC-USD,Gemini,29817.23082937929,29819.275227228416,29818.25302830385
2024-10-01 09:32:00.000,BTC-USD,Coinbase,29812.423349423894,29813.151630724962,29812.78749007443
2024-10-01 09:32:00.000,BTC-USD,Gemini,29813.078668828643,29812.377933400192,29812.728301114417
2024-10-01 09:32:00.100,BTC-USD,Gemini,29812.843848344954,29812.919463933682,29812.881656139318
2024-10-01 09:32:00.100,BTC-USD,Coinbase,29811.874106023606,29812.528572437754,29812.20133923068
2024-10-01 09:32:00.200,BTC-USD,Coinbase,29808.05541322615,29808.65463114485,29808.3550221855
2024-10-01 09:32:00.200,BTC-USD,Gemini,29807.24555560658,29808.563515885482,29807.90453574603
2024-10-01 09:32:00.300,BTC-USD,Coinbase,29807.803975347804,29809.170946506474,29808.48746092714
2024-10-01 09:32:00.300,BTC-USD,Gemini,29807.164847851807,29809.77860250312,29808.471725177464
2024-10-01 09:32:00.400,BTC-USD,Coinbase,29808.858937058612,29809.735237670582,29809.297087364597
2024-10-01 09:32:00.400,BTC-USD,Gemini,29808.996607380614,29810.089977442454,29809.543292411534
2024-10-01 09:32:00.500,BTC-USD,Gemini,29809.57868947878,29811.58528290856,29810.58198619367
2024-10-01 09:32:00.500,BTC-USD,Coinbase,29808.743615360745,29810.700374173164,29809.721994766955
2024-10-01 09:32:00.600,BTC-USD,Gemini,29809.740052912286,29809.584246445396,29809.662149678843
2024-10-01 09:32:00.600,BTC-USD,Coinbase,29809.804521431808,29810.477573853273,29810.14104764254
2024-10-01 09:32:00.700,BTC-USD,Gemini,29806.686658163046,29808.92273189166,29807.804695027353
2024-10-01 09:32:00.700,BTC-USD,Coinbase,29806.56296769209,29808.274531580715,29807.418749636403
2024-10-01 09:32:00.800,BTC-USD,Gemini,29808.812702836567,29810.89091367691,29809.85180825674
2024-10-01 09:32:00.800,BTC-USD,Coinbase,29809.133090360603,29810.19643673467,29809.664763547637
2024-10-01 09:32:00.900,BTC-USD,Gemini,29815.13744411524,29816.16489859228,29815.651171353762
2024-10-01 09:32:00.900,BTC-USD,Coinbase,29814.690721648516,29815.21238071325,29814.951551180882
2024-10-01 09:32:01.000,BTC-USD,Coinbase,29811.047246324637,29812.65131103816,29811.8492786814
2024-10-01 09:32:01.000,BTC-USD,Gemini,29811.35026024385,29813.3540393789,29812.352149811377
2024-10-01 09:32:01.100,BTC-USD,Coinbase,29810.86668628228,29812.247868130442,29811.55727720636
2024-10-01 09:32:01.100,BTC-USD,Gemini,29810.57176135391,29811.595166876996,29811.08346411545
2024-10-01 09:32:01.200,BTC-USD,Coinbase,29811.43853332248,29812.28300143767,29811.860767380076
2024-10-01 09:32:01.200,BTC-USD,Gemini,29810.97380563122,29812.227754767155,29811.600780199187
2024-10-01 09:32:01.300,BTC-USD,Coinbase,29817.612883287795,29818.64614422415,29818.129513755972
2024-10-01 09:32:01.300,BTC-USD,Gemini,29818.17022546259,29819.53349781597,29818.85186163928
2024-10-01 09:32:01.400,BTC-USD,Gemini,29823.370411518987,29823.703586853306,29823.536999186144
2024-10-01 09:32:01.400,BTC-USD,Coinbase,29823.163660652986,29823.88874086729,29823.526200760138
2024-10-01 09:32:01.500,BTC-USD,Gemini,29818.980751053798,29819.67762826026,29819.32918965703
2024-10-01 09:32:01.500,BTC-USD,Coinbase,29819.524949280134,29820.22697147905,29819.87596037959
2024-10-01 09:32:01.600,BTC-USD,Coinbase,29819.56064783667,29820.914818067515,29820.237732952093
2024-10-01 09:32:01.600,BTC-USD,Gemini,29819.32618016186,29821.534914386888,29820.430547274373
2024-10-01 09:32:01.700,BTC-USD,Coinbase,29812.11322559225,29813.422417493726,29812.767821542988
2024-10-01 09:32:01.700,BTC-USD,Gemini,29812.813287832283,29813.08381588045,29812.948551856367
2024-10-01 09:32:01.800,BTC-USD,Coinbase,29807.53795136715,29808.3427863413,29807.940368854226
2024-10-01 09:32:01.800,BTC-USD,Gemini,29807.85992642371,29808.84213593229,29808.351031177997
2024-10-01 09:32:01.900,BTC-USD,Coinbase,29807.54244080768,29808.48853025691,29808.015485532294
2024-10-01 09:32:01.900,BTC-USD,Gemini,29807.171719887592,29808.708693907916,29807.940206897754
2024-10-01 09:32:02.000,BTC-USD,Coinbase,29810.168295346215,29812.162054709966,29811.16517502809
2024-10-01 09:32:02.000,BTC-USD,Gemini,29811.078541422,29811.304644315827,29811.191592868912
2024-10-01 09:32:02.100,BTC-USD,Gemini,29814.560770515483,29815.592846070584,29815.076808293034
2024-10-01 09:32:02.100,BTC-USD,Coinbase,29815.42233599603,29816.451966913803,29815.937151454917
2024-10-01 09:32:02.200,BTC-USD,Coinbase,29813.767562190802,29814.99875113126,29814.38315666103
2024-10-01 09:32:02.200,BTC-USD,Gemini,29813.26290197927,29814.049566307072,29813.65623414317
2024-10-01 09:32:02.300,BTC-USD,Coinbase,29807.24890772217,29807.987964053726,29807.618435887947
2024-10-01 09:32:02.300,BTC-USD,Gemini,29807.589425856877,29808.4068740683,29807.998149962586
2024-10-01 09:32:02.400,BTC-USD,Coinbase,29809.33442717609,29809.871317128378,29809.602872152234
2024-10-01 09:32:02.400,BTC-USD,Gemini,29810.16142986118,29809.351137861322,29809.75628386125
2024-10-01 09:32:02.500,BTC-USD,Gemini,29807.372082985876,29808.97241750884,29808.172250247357
2024-10-01 09:32:02.500,BTC-USD,Coinbase,29808.028583329124,29809.446755173656,29808.73766925139
2024-10-01 09:32:02.600,BTC-USD,Gemini,29811.23740733939,29810.49830097402,29810.867854156706
2024-10-01 09:32:02.600,BTC-USD,Coinbase,29810.426617718487,29811.288321897355,29810.85746980792
2024-10-01 09:32:02.700,BTC-USD,Coinbase,29810.85072529607,29812.465456010257,29811.658090653164
2024-10-01 09:32:02.700,BTC-USD,Gemini,29810.65093537168,29812.08834202389,29811.369638697783
2024-10-01 09:32:02.800,BTC-USD,Coinbase,29814.813225294594,29815.660239043893,29815.236732169244
2024-10-01 09:32:02.800,BTC-USD,Gemini,29814.21812562584,29814.881477380724,29814.549801503283
2024-10-01 09:32:02.900,BTC-USD,Coinbase,29817.983289201213,29819.036467971724,29818.50987858647
2024-10-01 09:32:02.900,BTC-USD,Gemini,29818.87314006196,29818.173069362972,29818.52310471247
2024-10-01 09:32:03.000,BTC-USD,Gemini,29821.302246444415,29824.054273775713,29822.678260110064
2024-10-01 09:32:03.000,BTC-USD,Coinbase,29821.99226799667,29823.463479085185,29822.727873540927
2024-10-01 09:32:03.100,BTC-USD,Gemini,29820.638903546507,29821.85784892195,29821.24837623423
2024-10-01 09:32:03.100,BTC-USD,Coinbase,29819.66347386705,29821.20068313672,29820.432078501886
2024-10-01 09:32:03.200,BTC-USD,Gemini,29823.95793140869,29826.209456488577,29825.083693948633
2024-10-01 09:32:03.200,BTC-USD,Coinbase,29824.90162133976,29825.917516553305,29825.409568946532
2024-10-01 09:32:03.300,BTC-USD,Coinbase,29822.099159397494,29823.689690364805,29822.89442488115
2024-10-01 09:32:03.300,BTC-USD,Gemini,29822.091282864774,29823.05396147826,29822.572622171516
2024-10-01 09:32:03.400,BTC-USD,Gemini,29822.439400487077,29823.602207433483,29823.02080396028
2024-10-01 09:32:03.400,BTC-USD,Coinbase,29822.64714040567,29823.991087304526,29823.319113855097
2024-10-01 09:32:03.500,BTC-USD,Gemini,29831.039594728143,29833.254131033565,29832.146862880854
2024-10-01 09:32:03.500,BTC-USD,Coinbase,29831.760779316468,29833.483363110656,29832.622071213562
2024-10-01 09:32:03.600,BTC-USD,Gemini,29832.61469663474,29835.55698092537,29834.085838780054
2024-10-01 09:32:03.600,BTC-USD,Coinbase,29833.588042947405,29835.224124195956,29834.40608357168
2024-10-01 09:32:03.700,BTC-USD,Coinbase,29827.70921119317,29829.44164307321,29828.57542713319
2024-10-01 09:32:03.700,BTC-USD,Gemini,29828.375978707838,29829.86665018783,29829.12131444783
2024-10-01 09:32:03.800,BTC-USD,Gemini,29836.439694709254,29836.260241662312,29836.349968185783
2024-10-01 09:32:03.800,BTC-USD,Coinbase,29835.57927142406,29836.47586278821,29836.027567106135
2024-10-01 09:32:03.900,BTC-USD,Gemini,29839.954487013667,29840.95358418604,29840.454035599854
2024-10-01 09:32:03.900,BTC-USD,Coinbase,29840.71706495462,29841.33899154182,29841.02802824822
2024-10-01 09:32:04.000,BTC-USD,Gemini,29846.97031353415,29846.096343278125,29846.533328406138
2024-10-01 09:32:04.000,BTC-USD,Coinbase,29846.478286737063,29846.98250556434,29846.730396150702
2024-10-01 09:32:04.100,BTC-USD,Coinbase,29847.218683895437,29848.214184328965,29847.7164341122
2024-10-01 09:32:04.100,BTC-USD,Gemini,29847.222529150597,29849.070400066325,29848.14646460846
2024-10-01 09:32:04.200,BTC-USD,Coinbase,29848.885116310597,29850.005996200107,29849.445556255352
2024-10-01 09:32:04.200,BTC-USD,Gemini,29848.28593142782,29849.770356484038,29849.02814395593
2024-10-01 09:32:04.300,BTC-USD,Coinbase,29847.831494441332,29848.72958142264,29848.280537931987
2024-10-01 09:32:04.300,BTC-USD,Gemini,29847.20015534005,29848.51308992699,29847.85662263352
2024-10-01 09:32:04.400,BTC-USD,Coinbase,29844.410788391066,29845.15096449826,29844.780876444664
2024-10-01 09:32:04.400,BTC-USD,Gemini,29844.3216104092,29844.77019085793,29844.545900633566
2024-10-01 09:32:04.500,BTC-USD,Gemini,29850.874982332392,29853.077185290727,29851.97608381156
2024-10-01 09:32:04.500,BTC-USD,Coinbase,29851.860432806676,29853.001270573823,29852.43085169025
2024-10-01 09:32:04.600,BTC-USD,Coinbase,29850.109868701078,29851.068227652755,29850.589048176917
2024-10-01 09:32:04.600,BTC-USD,Gemini,29849.2227948241,29850.75581607196,29849.98930544803
2024-10-01 09:32:04.700,BTC-USD,Gemini,29848.467639814226,29848.03031686045,29848.24897833734
2024-10-01 09:32:04.700,BTC-USD,Coinbase,29847.911545751012,29848.459568746024,29848.18555724852
2024-10-01 09:32:04.800,BTC-USD,Gemini,29844.303935046824,29847.65813265134,29845.981033849082
2024-10-01 09:32:04.800,BTC-USD,Coinbase,29845.090349387945,29846.845813821026,29845.968081604486
2024-10-01 09:32:04.900,BTC-USD,Gemini,29854.539703775146,29855.443400177242,29854.991551976193
2024-10-01 09:32:04.900,BTC-USD,Coinbase,29854.63998526202,29855.91961053116,29855.27979789659
2024-10-01 09:32:05.000,BTC-USD,Gemini,29859.928070641177,29860.979085856226,29860.4535782487
2024-10-01 09:32:05.000,BTC-USD,Coinbase,29859.289155140017,29860.05180067222,29859.67047790612
2024-10-01 09:32:05.100,BTC-USD,Coinbase,29857.333399612922,29858.32843355994,29857.83091658643
2024-10-01 09:32:05.100,BTC-USD,Gemini,29857.530516890416,29857.61094031725,29857.57072860383
2024-10-01 09:32:05.200,BTC-USD,Gemini,29857.227387892774,29858.70762902847,29857.96750846062
2024-10-01 09:32:05.200,BTC-USD,Coinbase,29856.92077719291,29858.2848315302,29857.602804361555
2024-10-01 09:32:05.300,BTC-USD,Gemini,29859.107466424663,29860.712198843896,29859.90983263428
2024-10-01 09:32:05.300,BTC-USD,Coinbase,29859.83234591397,29860.47776914971,29860.15505753184
2024-10-01 09:32:05.400,BTC-USD,Gemini,29863.128963634186,29865.652162492723,29864.390563063454
2024-10-01 09:32:05.400,BTC-USD,Coinbase,29863.907721832235,29865.187068114465,29864.54739497335
2024-10-01 09:32:05.500,BTC-USD,Gemini,29856.211365292445,29857.800879375314,29857.006122333878
2024-10-01 09:32:05.500,BTC-USD,Coinbase,29855.6925078221,29857.29737998136,29856.49494390173
2024-10-01 09:32:05.600,BTC-USD,Coinbase,29860.64079219566,29861.38693298335,29861.013862589505
2024-10-01 09:32:05.600,BTC-USD,Gemini,29860.91077059176,29862.238293625578,29861.57453210867
2024-10-01 09:32:05.700,BTC-USD,Gemini,29860.236494939825,29860.425193478142,29860.330844208984
2024-10-01 09:32:05.700,BTC-USD,Coinbase,29859.292037474243,29860.555424891794,29859.92373118302
2024-10-01 09:32:05.800,BTC-USD,Coinbase,29855.571323338074,29857.415790337218,29856.493556837646
2024-10-01 09:32:05.800,BTC-USD,Gemini,29856.51027793146,29857.392262683406,29856.951270307432
2024-10-01 09:32:05.900,BTC-USD,Coinbase,29853.76427599943,29855.3196766245,29854.541976311964
2024-10-01 09:32:05.900,BTC-USD,Gemini,29854.152829166513,29855.75704586961,29854.95493751806
2024-10-01 09:32:06.000,BTC-USD,Coinbase,29857.91628310644,29859.086943394504,29858.50161325047
2024-10-01 09:32:06.000,BTC-USD,Gemini,29858.676831673605,29858.101667824903,29858.389249749256
2024-10-01 09:32:06.100,BTC-USD,Coinbase,29867.024790914595,29867.562759098513,29867.293775006554
2024-10-01 09:32:06.100,BTC-USD,Gemini,29866.287832663544,29868.455362277226,29867.371597470385
2024-10-01 09:32:06.200,BTC-USD,Coinbase,29867.085114077305,29868.98163286423,29868.033373470767
2024-10-01 09:32:06.200,BTC-USD,Gemini,29866.105260198558,29869.043157248238,29867.574208723396
2024-10-01 09:32:06.300,BTC-USD,Coinbase,29869.831575660803,29871.804208665624,29870.817892163213
2024-10-01 09:32:06.300,BTC-USD,Gemini,29870.196222215956,29872.11699430733,29871.15660826164
2024-10-01 09:32:06.400,BTC-USD,Coinbase,29865.909812576065,29867.585727429323,29866.747770002694
2024-10-01 09:32:06.400,BTC-USD,Gemini,29866.79442324571,29868.038472175722,29867.416447710715
2024-10-01 09:32:06.500,BTC-USD,Gemini,29869.33601227377,29869.455633201276,29869.395822737522
2024-10-01 09:32:06.500,BTC-USD,Coinbase,29868.782531866047,29869.626454074387,29869.204492970217
2024-10-01 09:32:06.600,BTC-USD,Gemini,29872.269977476764,29874.074206818656,29873.17209214771
2024-10-01 09:32:06.600,BTC-USD,Coinbase,29872.63074118533,29874.00471647117,29873.31772882825
2024-10-01 09:32:06.700,BTC-USD,Coinbase,29865.024636003123,29866.7305112713,29865.87757363721
2024-10-01 09:32:06.700,BTC-USD,Gemini,29865.33598150396,29867.390009353996,29866.36299542898
2024-10-01 09:32:06.800,BTC-USD,Coinbase,29862.6645174185,29863.961529731812,29863.313023575156
2024-10-01 09:32:06.800,BTC-USD,Gemini,29862.376550573044,29864.07110819483,29863.223829383936
2024-10-01 09:32:06.900,BTC-USD,Gemini,29866.58426816889,29867.581740023445,29867.083004096166
2024-10-01 09:32:06.900,BTC-USD,Coinbase,29866.289451856646,29868.244582134706,29867.267016995676
2024-10-01 09:32:07.000,BTC-USD,Gemini,29858.06299717336,29858.864536565357,29858.46376686936
2024-10-01 09:32:07.000,BTC-USD,Coinbase,29857.77514851655,29859.169880282665,29858.472514399607
2024-10-01 09:32:07.100,BTC-USD,Coinbase,29856.3486287277,29856.857400615245,29856.603014671473
2024-10-01 09:32:07.100,BTC-USD,Gemini,29856.85864954363,29857.731754675533,29857.29520210958
2024-10-01 09:32:07.200,BTC-USD,Coinbase,29859.133573464987,29860.07943050213,29859.60650198356
2024-10-01 09:32:07.200,BTC-USD,Gemini,29858.425057152643,29859.107330052473,29858.766193602558
2024-10-01 09:32:07.300,BTC-USD,Gemini,29850.505646834867,29852.85748086794,29851.6815638514
2024-10-01 09:32:07.300,BTC-USD,Coinbase,29850.156909282665,29852.150486395138,29851.1536978389
2024-10-01 09:32:07.400,BTC-USD,Gemini,29849.051780483518,29850.310594905717,29849.681187694616
2024-10-01 09:32:07.400,BTC-USD,Coinbase,29848.184785008634,29850.156076479783,29849.17043074421
2024-10-01 09:32:07.500,BTC-USD,Coinbase,29848.50245876604,29850.386784658785,29849.444621712413
2024-10-01 09:32:07.500,BTC-USD,Gemini,29848.14582366526,29850.564054349376,29849.354939007317
2024-10-01 09:32:07.600,BTC-USD,Gemini,29853.166259799596,29853.684186753322,29853.42522327646
2024-10-01 09:32:07.600,BTC-USD,Coinbase,29853.492393323777,29854.300787225515,29853.896590274646
2024-10-01 09:32:07.700,BTC-USD,Gemini,29847.47561381002,29847.42512084462,29847.45036732732
2024-10-01 09:32:07.700,BTC-USD,Coinbase,29847.062310145116,29847.943505839863,29847.50290799249
2024-10-01 09:32:07.800,BTC-USD,Gemini,29851.584860136074,29853.65520418875,29852.620032162413
2024-10-01 09:32:07.800,BTC-USD,Coinbase,29852.34655603718,29853.754363695454,29853.050459866317
2024-10-01 09:32:07.900,BTC-USD,Gemini,29855.217312705776,29853.923434135442,29854.57037342061
2024-10-01 09:32:07.900,BTC-USD,Coinbase,29854.30278695415,29854.854882788957,29854.578834871554
2024-10-01 09:32:08.000,BTC-USD,Gemini,29858.68813857482,29861.894011170683,29860.29107487275
2024-10-01 09:32:08.000,BTC-USD,Coinbase,29859.64476934182,29861.4813601892,29860.56306476551
2024-10-01 09:32:08.100,BTC-USD,Gemini,29865.703184397917,29866.913362570238,29866.30827348408
2024-10-01 09:32:08.100,BTC-USD,Coinbase,29865.761799841934,29866.99653323422,29866.379166538078
2024-10-01 09:32:08.200,BTC-USD,Coinbase,29867.284881761134,29868.881358551564,29868.08312015635
2024-10-01 09:32:08.200,BTC-USD,Gemini,29868.150610472316,29869.135354179143,29868.642982325728
2024-10-01 09:32:08.300,BTC-USD,Gemini,29870.133657891984,29871.847284538137,29870.99047121506
2024-10-01 09:32:08.300,BTC-USD,Coinbase,29869.80174556866,29871.221977407444,29870.511861488052
2024-10-01 09:32:08.400,BTC-USD,Gemini,29860.94109429045,29861.95877998643,29861.44993713844
2024-10-01 09:32:08.400,BTC-USD,Coinbase,29861.293964138717,29862.335285332865,29861.81462473579
2024-10-01 09:32:08.500,BTC-USD,Gemini,29853.331096874183,29855.00066626722,29854.1658815707
2024-10-01 09:32:08.500,BTC-USD,Coinbase,29854.136725524313,29855.991125282784,29855.06392540355
2024-10-01 09:32:08.600,BTC-USD,Coinbase,29849.604021493582,29850.47071108945,29850.037366291515
2024-10-01 09:32:08.600,BTC-USD,Gemini,29849.486194192912,29851.390660705227,29850.43842744907
2024-10-01 09:32:08.700,BTC-USD,Gemini,29846.954689908314,29848.230810237386,29847.59275007285
2024-10-01 09:32:08.700,BTC-USD,Coinbase,29847.663105383657,29848.93153596213,29848.297320672893
2024-10-01 09:32:08.800,BTC-USD,Gemini,29852.151973262542,29853.42393523849,29852.787954250518
2024-10-01 09:32:08.800,BTC-USD,Coinbase,29852.39797235837,29853.529059009677,29852.963515684023
2024-10-01 09:32:08.900,BTC-USD,Gemini,29843.7175200516,29844.021838564597,29843.869679308096
2024-10-01 09:32:08.900,BTC-USD,Coinbase,29843.257619314332,29844.835264644084,29844.046441979208
2024-10-01 09:32:09.000,BTC-USD,Coinbase,29841.66615706133,29843.227153448424,29842.446655254877
2024-10-01 09:32:09.000,BTC-USD,Gemini,29842.634285938126,29843.925040886046,29843.279663412086
2024-10-01 09:32:09.100,BTC-USD,Coinbase,29835.252096382723,29836.428901562485,29835.840498972604
2024-10-01 09:32:09.100,BTC-USD,Gemini,29835.06865734547,29836.455349242064,29835.762003293767
2024-10-01 09:32:09.200,BTC-USD,Coinbase,29827.554129906912,29828.549841680022,29828.051985793467
2024-10-01 09:32:09.200,BTC-USD,Gemini,29827.573844913415,29827.58555275665,29827.579698835034
2024-10-01 09:32:09.300,BTC-USD,Coinbase,29835.030096765557,29835.842944486052,29835.436520625804
2024-10-01 09:32:09.300,BTC-USD,Gemini,29835.100560226078,29835.690069711745,29835.39531496891
2024-10-01 09:32:09.400,BTC-USD,Coinbase,29835.644071634342,29836.214295104073,29835.929183369208
2024-10-01 09:32:09.400,BTC-USD,Gemini,29836.514913395888,29837.20286894003,29836.858891167958
2024-10-01 09:32:09.500,BTC-USD,Gemini,29843.305255547653,29843.88894299189,29843.59709926977
2024-10-01 09:32:09.500,BTC-USD,Coinbase,29843.52487308336,29844.685018544555,29844.104945813957
2024-10-01 09:32:09.600,BTC-USD,Gemini,29848.94146339642,29850.619330130856,29849.780396763636
2024-10-01 09:32:09.600,BTC-USD,Coinbase,29849.773483623725,29850.27763974704,29850.025561685383
2024-10-01 09:32:09.700,BTC-USD,Gemini,29844.555479167622,29845.068295994843,29844.811887581232
2024-10-01 09:32:09.700,BTC-USD,Coinbase,29844.903770772202,29845.93339051333,29845.418580642767
2024-10-01 09:32:09.800,BTC-USD,Gemini,29835.968244293686,29837.260028164095,29836.61413622889
2024-10-01 09:32:09.800,BTC-USD,Coinbase,29835.168781469274,29837.12155111835,29836.145166293813
2024-10-01 09:32:09.900,BTC-USD,Coinbase,29845.756231910218,29847.234976357304,29846.49560413376
2024-10-01 09:32:09.900,BTC-USD,Gemini,29845.775212512395,29847.01190936399,29846.393560938195
2024-10-01 09:32:10.000,BTC-USD,Coinbase,29843.910170223146,29845.030805563303,29844.470487893224
2024-10-01 09:32:10.000,BTC-USD,Gemini,29843.31425506304,29845.48802855157,29844.401141807306
2024-10-01 09:32:10.100,BTC-USD,Coinbase,29837.789429871304,29839.70606616869,29838.747748019996
2024-10-01 09:32:10.100,BTC-USD,Gemini,29837.081137503163,29839.420546655427,29838.250842079295
2024-10-01 09:32:10.200,BTC-USD,Coinbase,29841.207222563782,29843.199974827592,29842.203598695687
2024-10-01 09:32:10.200,BTC-USD,Gemini,29841.60122365588,29842.943532211433,29842.27237793366
2024-10-01 09:32:10.300,BTC-USD,Coinbase,29842.053590971987,29843.71854553821,29842.8860682551
2024-10-01 09:32:10.300,BTC-USD,Gemini,29842.1060452142,29844.236535273983,29843.171290244092
2024-10-01 09:32:10.400,BTC-USD,Coinbase,29839.05089002149,29840.007249622555,29839.529069822023
2024-10-01 09:32:10.400,BTC-USD,Gemini,29838.740290116995,29840.71253096568,29839.726410541338
2024-10-01 09:32:10.500,BTC-USD,Gemini,29837.374327636302,29839.109885937858,29838.242106787082
2024-10-01 09:32:10.500,BTC-USD,Coinbase,29836.88507201537,29838.71386394484,29837.799467980105
2024-10-01 09:32:10.600,BTC-USD,Gemini,29838.653894662875,29839.239273687024,29838.946584174948
2024-10-01 09:32:10.600,BTC-USD,Coinbase,29837.76291233471,29839.449278232725,29838.606095283718
2024-10-01 09:32:10.700,BTC-USD,Gemini,29837.562058331718,29839.71345927902,29838.63775880537
2024-10-01 09:32:10.700,BTC-USD,Coinbase,29838.238874145583,29839.71284368532,29838.97585891545
2024-10-01 09:32:10.800,BTC-USD,Coinbase,29842.151814265308,29843.35501594661,29842.75341510596
2024-10-01 09:32:10.800,BTC-USD,Gemini,29842.580838055812,29842.484347760677,29842.532592908246
2024-10-01 09:32:10.900,BTC-USD,Coinbase,29840.533991672462,29841.43818845106,29840.98609006176
2024-10-01 09:32:10.900,BTC-USD,Gemini,29840.597886152427,29840.691295812674,29840.64459098255
2024-10-01 09:32:11.000,BTC-USD,Coinbase,29838.797012129628,29839.74364762541,29839.27032987752
2024-10-01 09:32:11.000,BTC-USD,Gemini,29838.628860030734,29840.17830065405,29839.40358034239
2024-10-01 09:32:11.100,BTC-USD,Gemini,29842.61094545493,29843.665986067575,29843.13846576125
2024-10-01 09:32:11.100,BTC-USD,Coinbase,29841.634963194512,29842.91200664427,29842.27348491939
2024-10-01 09:32:11.200,BTC-USD,Gemini,29842.2511005516,29844.7538298143,29843.50246518295
2024-10-01 09:32:11.200,BTC-USD,Coinbase,29843.209700275464,29844.466725413553,29843.83821284451
2024-10-01 09:32:11.300,BTC-USD,Coinbase,29848.720131118473,29849.898873359252,29849.309502238862
2024-10-01 09:32:11.300,BTC-USD,Gemini,29849.323767750102,29849.324481678836,29849.32412471447
2024-10-01 09:32:11.400,BTC-USD,Gemini,29846.73007361388,29848.985427241423,29847.85775042765
2024-10-01 09:32:11.400,BTC-USD,Coinbase,29847.213323207743,29848.906605245615,29848.05996422668
2024-10-01 09:32:11.500,BTC-USD,Gemini,29846.411449641615,29847.863402724564,29847.13742618309
2024-10-01 09:32:11.500,BTC-USD,Coinbase,29847.13123203968,29848.00535560724,29847.56829382346
2024-10-01 09:32:11.600,BTC-USD,Coinbase,29841.445850106826,29842.130777072005,29841.788313589415
2024-10-01 09:32:11.600,BTC-USD,Gemini,29842.197981804944,29841.368857640748,29841.783419722844
2024-10-01 09:32:11.700,BTC-USD,Coinbase,29848.905782329064,29849.662901483236,29849.28434190615
2024-10-01 09:32:11.700,BTC-USD,Gemini,29848.55743480502,29849.858196478228,29849.207815641625
2024-10-01 09:32:11.800,BTC-USD,Gemini,29841.755239642713,29843.855006514663,29842.805123078688
2024-10-01 09:32:11.800,BTC-USD,Coinbase,29841.600488633954,29843.030429380084,29842.31545900702
2024-10-01 09:32:11.900,BTC-USD,Gemini,29843.46482381309,29844.00585664465,29843.73534022887
2024-10-01 09:32:11.900,BTC-USD,Coinbase,29843.051768820667,29843.599723691048,29843.325746255858
2024-10-01 09:32:12.000,BTC-USD,Coinbase,29838.382159436856,29839.349731994538,29838.865945715697
2024-10-01 09:32:12.000,BTC-USD,Gemini,29838.645126605094,29839.4159065409,29839.030516572995
2024-10-01 09:32:12.100,BTC-USD,Coinbase,29840.174922019625,29840.930756320977,29840.5528391703
2024-10-01 09:32:12.100,BTC-USD,Gemini,29839.942804992454,29841.52068546481,29840.73174522863
2024-10-01 09:32:12.200,BTC-USD,Gemini,29843.508237241746,29844.82096354686,29844.164600394302
2024-10-01 09:32:12.200,BTC-USD,Coinbase,29844.004495196874,29844.544856569424,29844.27467588315
2024-10-01 09:32:12.300,BTC-USD,Gemini,29834.245145292083,29836.25942796136,29835.25228662672
2024-10-01 09:32:12.300,BTC-USD,Coinbase,29835.120700228872,29837.035749214927,29836.0782247219
2024-10-01 09:32:12.400,BTC-USD,Coinbase,29834.50053262144,29835.546478309236,29835.02350546534
2024-10-01 09:32:12.400,BTC-USD,Gemini,29834.900991691207,29834.581063130736,29834.74102741097
2024-10-01 09:32:12.500,BTC-USD,Coinbase,29825.314214791862,29827.16570494591,29826.239959868886
2024-10-01 09:32:12.500,BTC-USD,Gemini,29825.08396916325,29826.68472432637,29825.88434674481
2024-10-01 09:32:12.600,BTC-USD,Coinbase,29832.650206886894,29833.872519234254,29833.261363060574
2024-10-01 09:32:12.600,BTC-USD,Gemini,29832.611058820483,29833.474949349955,29833.04300408522
2024-10-01 09:32:12.700,BTC-USD,Gemini,29830.70986898141,29832.335141364678,29831.522505173045
2024-10-01 09:32:12.700,BTC-USD,Coinbase,29830.06809270922,29832.023197389815,29831.04564504952
2024-10-01 09:32:12.800,BTC-USD,Coinbase,29822.80867097449,29823.517313648626,29823.162992311558
2024-10-01 09:32:12.800,BTC-USD,Gemini,29823.05939833852,29823.080512554905,29823.069955446714
2024-10-01 09:32:12.900,BTC-USD,Coinbase,29819.124973087164,29820.181694336003,29819.653333711583
2024-10-01 09:32:12.900,BTC-USD,Gemini,29819.907848055154,29819.529078168416,29819.718463111785
2024-10-01 09:32:13.000,BTC-USD,Gemini,29825.712085635896,29827.42350044338,29826.567793039638
2024-10-01 09:32:13.000,BTC-USD,Coinbase,29825.773498519484,29826.646387750145,29826.209943134814
2024-10-01 09:32:13.100,BTC-USD,Gemini,29833.536370191974,29834.679927324298,29834.108148758136
2024-10-01 09:32:13.100,BTC-USD,Coinbase,29832.835989970994,29834.45944119034,29833.647715580668
2024-10-01 09:32:13.200,BTC-USD,Gemini,29839.990519535004,29840.413435428232,29840.201977481618
2024-10-01 09:32:13.200,BTC-USD,Coinbase,29839.56848217559,29840.433085533663,29840.000783854626
2024-10-01 09:32:13.300,BTC-USD,Gemini,29835.175987235772,29836.013278193124,29835.59463271445
2024-10-01 09:32:13.300,BTC-USD,Coinbase,29835.409284646386,29836.748753865697,29836.07901925604
2024-10-01 09:32:13.400,BTC-USD,Gemini,29835.764478450223,29836.153872571285,29835.959175510754
2024-10-01 09:32:13.400,BTC-USD,Coinbase,29834.925854969926,29835.709392863206,29835.317623916566
2024-10-01 09:32:13.500,BTC-USD,Gemini,29844.094942071024,29844.627832242986,29844.361387157005
2024-10-01 09:32:13.500,BTC-USD,Coinbase,29843.191291754458,29843.791458380892,29843.491375067675
2024-10-01 09:32:13.600,BTC-USD,Gemini,29838.410833974165,29839.99319696124,29839.2020154677
2024-10-01 09:32:13.600,BTC-USD,Coinbase,29838.916241051156,29840.750653960713,29839.833447505935
2024-10-01 09:32:13.700,BTC-USD,Gemini,29836.576728255244,29838.66075514626,29837.618741700753
2024-10-01 09:32:13.700,BTC-USD,Coinbase,29837.331263123033,29838.988639927495,29838.159951525264
2024-10-01 09:32:13.800,BTC-USD,Coinbase,29832.545306494285,29834.23607957161,29833.390693032947
2024-10-01 09:32:13.800,BTC-USD,Gemini,29832.76167342362,29835.18214550539,29833.971909464504
2024-10-01 09:32:13.900,BTC-USD,Gemini,29826.501776777706,29828.70535518094,29827.603565979323
2024-10-01 09:32:13.900,BTC-USD,Coinbase,29826.57248525922,29828.5681676407,29827.57032644996
2024-10-01 09:32:14.000,BTC-USD,Gemini,29833.183852532617,29834.6720713034,29833.92796191801
2024-10-01 09:32:14.000,BTC-USD,Coinbase,29832.713371634487,29834.489489811993,29833.60143072324
2024-10-01 09:32:14.100,BTC-USD,Gemini,29836.11058350106,29837.726093878904,29836.918338689982
2024-10-01 09:32:14.100,BTC-USD,Coinbase,29836.452467894374,29837.05719917028,29836.754833532326
2024-10-01 09:32:14.200,BTC-USD,Gemini,29839.335170273578,29838.754501925978,29839.044836099776
2024-10-01 09:32:14.200,BTC-USD,Coinbase,29838.540926582915,29839.465018600487,29839.0029725917
2024-10-01 09:32:14.300,BTC-USD,Coinbase,29841.341239170033,29842.461279226,29841.901259198017
2024-10-01 09:32:14.300,BTC-USD,Gemini,29841.814611714653,29843.115191250305,29842.46490148248
2024-10-01 09:32:14.400,BTC-USD,Gemini,29846.447127224663,29848.88259406951,29847.664860647084
2024-10-01 09:32:14.400,BTC-USD,Coinbase,29846.046178112174,29847.969493858658,29847.007835985416
2024-10-01 09:32:14.500,BTC-USD,Coinbase,29854.29409028319,29854.82521137211,29854.55965082765
2024-10-01 09:32:14.500,BTC-USD,Gemini,29854.763007096422,29854.928325531524,29854.845666313973
2024-10-01 09:32:14.600,BTC-USD,Coinbase,29853.719692171842,29855.32763739949,29854.523664785665
2024-10-01 09:32:14.600,BTC-USD,Gemini,29852.909173613793,29855.709634382813,29854.309403998304
2024-10-01 09:32:14.700,BTC-USD,Coinbase,29852.520132706137,29853.118766063468,29852.819449384802
2024-10-01 09:32:14.700,BTC-USD,Gemini,29851.693384767048,29852.156511770852,29851.92494826895
2024-10-01 09:32:14.800,BTC-USD,Coinbase,29847.32100537913,29848.07971523634,29847.700360307736
2024-10-01 09:32:14.800,BTC-USD,Gemini,29847.176207570294,29847.197711948975,29847.186959759634
2024-10-01 09:32:14.900,BTC-USD,Gemini,29853.52438863331,29853.78977883163,29853.65708373247
2024-10-01 09:32:14.900,BTC-USD,Coinbase,29852.67754290826,29853.54624541158,29853.11189415992
2024-10-01 09:32:15.000,BTC-USD,Gemini,29850.33429777453,29851.942865513272,29851.1385816439
2024-10-01 09:32:15.000,BTC-USD,Coinbase,29849.953528092392,29851.12063874811,29850.53708342025
2024-10-01 09:32:15.100,BTC-USD,Gemini,29841.361113887284,29844.53096694986,29842.946040418574
2024-10-01 09:32:15.100,BTC-USD,Coinbase,29842.135835641562,29843.992292293526,29843.064063967544
2024-10-01 09:32:15.200,BTC-USD,Coinbase,29840.82645135431,29842.613732776925,29841.720092065618
2024-10-01 09:32:15.200,BTC-USD,Gemini,29840.701081518415,29842.178468159927,29841.43977483917
2024-10-01 09:32:15.300,BTC-USD,Gemini,29840.49530088137,29841.371333711784,29840.933317296578
2024-10-01 09:32:15.300,BTC-USD,Coinbase,29841.354542894023,29842.32906864092,29841.84180576747
2024-10-01 09:32:15.400,BTC-USD,Gemini,29845.37474075528,29847.738692115072,29846.556716435174
2024-10-01 09:32:15.400,BTC-USD,Coinbase,29845.0158885551,29846.992803585963,29846.00434607053
2024-10-01 09:32:15.500,BTC-USD,Gemini,29850.437248121976,29851.89842770906,29851.16783791552
2024-10-01 09:32:15.500,BTC-USD,Coinbase,29850.72718781161,29851.318969039403,29851.023078425507
2024-10-01 09:32:15.600,BTC-USD,Coinbase,29847.073857074734,29847.662301078984,29847.36807907686
2024-10-01 09:32:15.600,BTC-USD,Gemini,29847.719659652696,29846.736063085256,29847.227861368978
2024-10-01 09:32:15.700,BTC-USD,Gemini,29841.99861540482,29844.3612840807,29843.17994974276
2024-10-01 09:32:15.700,BTC-USD,Coinbase,29842.75623991351,29843.977763775725,29843.367001844617
2024-10-01 09:32:15.800,BTC-USD,Gemini,29840.287048544844,29841.429452875527,29840.858250710186
2024-10-01 09:32:15.800,BTC-USD,Coinbase,29841.221104860644,29842.231552947113,29841.72632890388
2024-10-01 09:32:15.900,BTC-USD,Coinbase,29834.766931611866,29836.57153526296,29835.669233437413
2024-10-01 09:32:15.900,BTC-USD,Gemini,29834.488175631657,29836.156071912792,29835.322123772225
2024-10-01 09:32:16.000,BTC-USD,Gemini,29834.739651491604,29835.940161911723,29835.339906701665
2024-10-01 09:32:16.000,BTC-USD,Coinbase,29834.85170618227,29835.389826548526,29835.1207663654
2024-10-01 09:32:16.100,BTC-USD,Gemini,29835.658732651154,29839.125186922065,29837.39195978661
2024-10-01 09:32:16.100,BTC-USD,Coinbase,29836.51414225044,29838.339362054416,29837.426752152427
2024-10-01 09:32:16.200,BTC-USD,Gemini,29837.70573902189,29837.331271484043,29837.518505252967
2024-10-01 09:32:16.200,BTC-USD,Coinbase,29837.179462583546,29838.103297300826,29837.641379942186
2024-10-01 09:32:16.300,BTC-USD,Gemini,29827.977413077195,29830.042775876827,29829.01009447701
2024-10-01 09:32:16.300,BTC-USD,Coinbase,29828.732064693002,29830.41733652875,29829.574700610876
2024-10-01 09:32:16.400,BTC-USD,Gemini,29824.202700974118,29822.884793173613,29823.543747073865
2024-10-01 09:32:16.400,BTC-USD,Coinbase,29823.352090533153,29823.876586589664,29823.61433856141
2024-10-01 09:32:16.500,BTC-USD,Gemini,29829.350537551472,29831.750795703356,29830.550666627416
2024-10-01 09:32:16.500,BTC-USD,Coinbase,29829.107539849825,29830.97983179596,29830.043685822893
2024-10-01 09:32:16.600,BTC-USD,Gemini,29823.715893381526,29826.13933969987,29824.9276165407
2024-10-01 09:32:16.600,BTC-USD,Coinbase,29824.10678910631,29825.847112384818,29824.976950745564
2024-10-01 09:32:16.700,BTC-USD,Coinbase,29827.981914592907,29829.356756972156,29828.66933578253
2024-10-01 09:32:16.700,BTC-USD,Gemini,29827.436909090586,29829.074161681856,29828.25553538622
2024-10-01 09:32:16.800,BTC-USD,Coinbase,29830.955007870314,29832.70335333035,29831.829180600333
2024-10-01 09:32:16.800,BTC-USD,Gemini,29831.200461026914,29833.138451173098,29832.169456100004
2024-10-01 09:32:16.900,BTC-USD,Coinbase,29829.367594110252,29831.07026993154,29830.218932020896
2024-10-01 09:32:16.900,BTC-USD,Gemini,29828.776110707535,29830.402854838994,29829.589482773263
2024-10-01 09:32:17.000,BTC-USD,Gemini,29824.115037692005,29825.48931403214,29824.802175862074
2024-10-01 09:32:17.000,BTC-USD,Coinbase,29824.342894426703,29826.12532260505,29825.234108515877
2024-10-01 09:32:17.100,BTC-USD,Coinbase,29825.523519781134,29827.048943166643,29826.28623147389
2024-10-01 09:32:17.100,BTC-USD,Gemini,29825.54453512933,29826.626788585265,29826.085661857298
2024-10-01 09:32:17.200,BTC-USD,Coinbase,29820.878132169924,29822.833112264187,29821.855622217055
2024-10-01 09:32:17.200,BTC-USD,Gemini,29821.24072109027,29823.77119854407,29822.505959817172
2024-10-01 09:32:17.300,BTC-USD,Coinbase,29820.293565222135,29821.65976058667,29820.976662904402
2024-10-01 09:32:17.300,BTC-USD,Gemini,29820.043970785584,29820.838547522464,29820.441259154024
2024-10-01 09:32:17.400,BTC-USD,Gemini,29819.750731899316,29822.401634192316,29821.076183045814
2024-10-01 09:32:17.400,BTC-USD,Coinbase,29820.73359629175,29822.280114050576,29821.506855171163
2024-10-01 09:32:17.500,BTC-USD,Coinbase,29817.31585624264,29818.529109348856,29817.922482795748
2024-10-01 09:32:17.500,BTC-USD,Gemini,29816.81772362564,29818.126406463492,29817.472065044567
2024-10-01 09:32:17.600,BTC-USD,Gemini,29816.635746881715,29817.94558746391,29817.290667172812
2024-10-01 09:32:17.600,BTC-USD,Coinbase,29815.797106123195,29817.778927584834,29816.788016854014
2024-10-01 09:32:17.700,BTC-USD,Gemini,29815.668967007652,29815.44635096582,29815.557658986734
2024-10-01 09:32:17.700,BTC-USD,Coinbase,29814.9791690902,29815.512712114192,29815.245940602195
2024-10-01 09:32:17.800,BTC-USD,Coinbase,29808.26541059214,29809.871549932097,29809.068480262118
2024-10-01 09:32:17.800,BTC-USD,Gemini,29807.34750897736,29810.164856883006,29808.756182930185
2024-10-01 09:32:17.900,BTC-USD,Gemini,29808.12206092777,29808.545296966357,29808.333678947063
2024-10-01 09:32:17.900,BTC-USD,Coinbase,29807.683770060827,29808.5473879276,29808.115578994213
2024-10-01 09:32:18.000,BTC-USD,Coinbase,29804.174409208554,29805.68428005557,29804.929344632063
2024-10-01 09:32:18.000,BTC-USD,Gemini,29803.23777034513,29806.208139234393,29804.722954789762
2024-10-01 09:32:18.100,BTC-USD,Coinbase,29795.426211188355,29796.190696843743,29795.80845401605
2024-10-01 09:32:18.100,BTC-USD,Gemini,29795.99409984382,29796.53061618755,29796.262358015687
2024-10-01 09:32:18.200,BTC-USD,Gemini,29794.17863800752,29794.651353873774,29794.41499594065
2024-10-01 09:32:18.200,BTC-USD,Coinbase,29793.613004191604,29794.626540102254,29794.11977214693
2024-10-01 09:32:18.300,BTC-USD,Gemini,29790.995770671012,29794.048313474283,29792.522042072647
2024-10-01 09:32:18.300,BTC-USD,Coinbase,29791.939931962246,29793.47012889049,29792.70503042637
2024-10-01 09:32:18.400,BTC-USD,Gemini,29788.777569961312,29789.440630081725,29789.109100021516
2024-10-01 09:32:18.400,BTC-USD,Coinbase,29789.1239144902,29790.23719876557,29789.680556627885
2024-10-01 09:32:18.500,BTC-USD,Coinbase,29778.623832703495,29780.1204431922,29779.37213794785
2024-10-01 09:32:18.500,BTC-USD,Gemini,29777.826953779848,29780.875634230168,29779.351294005006
2024-10-01 09:32:18.600,BTC-USD,Coinbase,29782.517977598014,29783.987040603148,29783.25250910058
2024-10-01 09:32:18.600,BTC-USD,Gemini,29781.62290681117,29784.357368246227,29782.9901375287
2024-10-01 09:32:18.700,BTC-USD,Gemini,29787.19903549256,29787.358395469895,29787.278715481225
2024-10-01 09:32:18.700,BTC-USD,Coinbase,29786.33466250207,29787.00604069903,29786.67035160055
2024-10-01 09:32:18.800,BTC-USD,Gemini,29789.755735906223,29791.336773994277,29790.546254950248
2024-10-01 09:32:18.800,BTC-USD,Coinbase,29789.15252391965,29790.693172854582,29789.922848387116
2024-10-01 09:32:18.900,BTC-USD,Coinbase,29791.08802549468,29792.006030994427,29791.547028244553
2024-10-01 09:32:18.900,BTC-USD,Gemini,29791.807082400624,29791.10427604923,29791.455679224928
2024-10-01 09:32:19.000,BTC-USD,Coinbase,29784.694207889162,29785.83134254217,29785.262775215666
2024-10-01 09:32:19.000,BTC-USD,Gemini,29785.100807821735,29786.26709760255,29785.68395271214
2024-10-01 09:32:19.100,BTC-USD,Gemini,29785.87803906069,29787.153914027687,29786.51597654419
2024-10-01 09:32:19.100,BTC-USD,Coinbase,29785.242266415895,29786.512181840044,29785.87722412797
2024-10-01 09:32:19.200,BTC-USD,Gemini,29781.191117654096,29782.426887281075,29781.809002467584
2024-10-01 09:32:19.200,BTC-USD,Coinbase,29780.70455714673,29781.773730974324,29781.239144060528
2024-10-01 09:32:19.300,BTC-USD,Coinbase,29791.728814517566,29792.624647862893,29792.17673119023
2024-10-01 09:32:19.300,BTC-USD,Gemini,29792.056762588207,29792.015037401303,29792.035899994757
2024-10-01 09:32:19.400,BTC-USD,Coinbase,29789.201965122764,29789.94535321525,29789.573659169007
2024-10-01 09:32:19.400,BTC-USD,Gemini,29789.90030396688,29790.26984240313,29790.085073185004
2024-10-01 09:32:19.500,BTC-USD,Gemini,29792.51525544099,29793.81258507676,29793.163920258878
2024-10-01 09:32:19.500,BTC-USD,Coinbase,29792.191547726507,29793.63161142139,29792.91157957395
2024-10-01 09:32:19.600,BTC-USD,Gemini,29783.75059922458,29785.592355017292,29784.671477120937
2024-10-01 09:32:19.600,BTC-USD,Coinbase,29784.33271496556,29785.965531638583,29785.14912330207
2024-10-01 09:32:19.700,BTC-USD,Coinbase,29778.857599612234,29779.64438863975,29779.250994125992
2024-10-01 09:32:19.700,BTC-USD,Gemini,29778.464119049673,29778.80012682152,29778.632122935596
2024-10-01 09:32:19.800,BTC-USD,Gemini,29776.711336157205,29778.118677286173,29777.41500672169
2024-10-01 09:32:19.800,BTC-USD,Coinbase,29775.866004836018,29777.271170342065,29776.56858758904
2024-10-01 09:32:19.900,BTC-USD,Coinbase,29779.732694157992,29780.429691330693,29780.081192744343
2024-10-01 09:32:19.900,BTC-USD,Gemini,29780.17439842588,29781.03620666726,29780.60530254657
2024-10-01 09:32:20.000,BTC-USD,Coinbase,29782.0863005483,29783.552520983536,29782.81941076592
2024-10-01 09:32:20.000,BTC-USD,Gemini,29782.33513720363,29784.195162765118,29783.265149984374
2024-10-01 09:32:20.100,BTC-USD,Coinbase,29783.786379055753,29784.73404679831,29784.26021292703
2024-10-01 09:32:20.100,BTC-USD,Gemini,29782.910053390915,29784.23469436563,29783.572373878273
2024-10-01 09:32:20.200,BTC-USD,Gemini,29774.522337049606,29775.237260477246,29774.879798763424
2024-10-01 09:32:20.200,BTC-USD,Coinbase,29774.471381674684,29775.50909552626,29774.990238600472
2024-10-01 09:32:20.300,BTC-USD,Gemini,29779.85666218377,29780.77527208846,29780.315967136114
2024-10-01 09:32:20.300,BTC-USD,Coinbase,29779.893940175807,29781.40045598469,29780.64719808025
2024-10-01 09:32:20.400,BTC-USD,Gemini,29775.983250192003,29777.610683213803,29776.796966702903
2024-10-01 09:32:20.400,BTC-USD,Coinbase,29775.41832380135,29776.614228697938,29776.016276249644
2024-10-01 09:32:20.500,BTC-USD,Coinbase,29783.50617545082,29784.680413375332,29784.093294413076
2024-10-01 09:32:20.500,BTC-USD,Gemini,29784.419601961195,29785.35767206155,29784.888637011372
2024-10-01 09:32:20.600,BTC-USD,Coinbase,29792.946582957822,29793.901746697116,29793.42416482747
2024-10-01 09:32:20.600,BTC-USD,Gemini,29793.022258086043,29793.95508988779,29793.488673986918
2024-10-01 09:32:20.700,BTC-USD,Coinbase,29796.69518948721,29798.41493581557,29797.55506265139
2024-10-01 09:32:20.700,BTC-USD,Gemini,29796.852349434885,29798.131589680823,29797.491969557854
2024-10-01 09:32:20.800,BTC-USD,Coinbase,29802.01937842285,29802.974952693625,29802.497165558238
2024-10-01 09:32:20.800,BTC-USD,Gemini,29801.298221088546,29802.553303288143,29801.925762188344
2024-10-01 09:32:20.900,BTC-USD,Coinbase,29795.4543453507,29796.927017724905,29796.190681537802
2024-10-01 09:32:20.900,BTC-USD,Gemini,29795.031769673882,29796.716311393822,29795.874040533854
2024-10-01 09:32:21.000,BTC-USD,Gemini,29808.851946666557,29809.63822866399,29809.245087665273
2024-10-01 09:32:21.000,BTC-USD,Coinbase,29808.801196290216,29809.390409483218,29809.095802886717
2024-10-01 09:32:21.100,BTC-USD,Gemini,29810.18587106743,29812.0652321131,29811.125551590267
2024-10-01 09:32:21.100,BTC-USD,Coinbase,29809.252242051098,29811.117894449668,29810.185068250383
2024-10-01 09:32:21.200,BTC-USD,Gemini,29813.46864904117,29816.61715529388,29815.042902167523
2024-10-01 09:32:21.200,BTC-USD,Coinbase,29814.209299458413,29816.158675036564,29815.18398724749
2024-10-01 09:32:21.300,BTC-USD,Gemini,29811.06065235754,29812.06229133061,29811.561471844077
2024-10-01 09:32:21.300,BTC-USD,Coinbase,29810.505689992617,29811.28055477097,29810.893122381793
2024-10-01 09:32:21.400,BTC-USD,Coinbase,29809.987143263053,29811.149060720752,29810.568101991903
2024-10-01 09:32:21.400,BTC-USD,Gemini,29810.062562239502,29810.293343993213,29810.177953116356
2024-10-01 09:32:21.500,BTC-USD,Coinbase,29804.30300937293,29804.96462719425,29804.63381828359
2024-10-01 09:32:21.500,BTC-USD,Gemini,29804.238426534026,29804.05093623269,29804.144681383357
2024-10-01 09:32:21.600,BTC-USD,Coinbase,29802.874144839257,29803.994922550755,29803.434533695006
2024-10-01 09:32:21.600,BTC-USD,Gemini,29802.774617535844,29803.819642767852,29803.29713015185
2024-10-01 09:32:21.700,BTC-USD,Coinbase,29802.610769909006,29804.41298998477,29803.511879946887
2024-10-01 09:32:21.700,BTC-USD,Gemini,29802.397365692483,29803.566296882986,29802.981831287732
2024-10-01 09:32:21.800,BTC-USD,Coinbase,29804.0957460227,29805.48616960294,29804.79095781282
2024-10-01 09:32:21.800,BTC-USD,Gemini,29803.361972795803,29805.32384853185,29804.34291066383
2024-10-01 09:32:21.900,BTC-USD,Coinbase,29811.417077488295,29812.123307466863,29811.77019247758
2024-10-01 09:32:21.900,BTC-USD,Gemini,29811.973458749908,29812.19689048621,29812.08517461806
2024-10-01 09:32:22.000,BTC-USD,Coinbase,29813.197262713576,29815.151520200772,29814.174391457174
2024-10-01 09:32:22.000,BTC-USD,Gemini,29812.25458037021,29814.620926355823,29813.437753363018
2024-10-01 09:32:22.100,BTC-USD,Coinbase,29814.72498749009,29816.06109829424,29815.393042892167
2024-10-01 09:32:22.100,BTC-USD,Gemini,29814.852653792244,29816.420069497162,29815.636361644705
2024-10-01 09:32:22.200,BTC-USD,Coinbase,29815.279991392556,29815.891518342454,29815.585754867505
2024-10-01 09:32:22.200,BTC-USD,Gemini,29814.566972648474,29814.988275145843,29814.777623897156
2024-10-01 09:32:22.300,BTC-USD,Coinbase,29825.11354978345,29826.161980656125,29825.637765219788
2024-10-01 09:32:22.300,BTC-USD,Gemini,29824.69052167983,29826.14220142465,29825.41636155224
2024-10-01 09:32:22.400,BTC-USD,Coinbase,29822.383103482123,29823.10175583878,29822.74242966045
2024-10-01 09:32:22.400,BTC-USD,Gemini,29822.03969398505,29822.44334871049,29822.241521347773
2024-10-01 09:32:22.500,BTC-USD,Coinbase,29827.77109215165,29829.595826499244,29828.683459325446
2024-10-01 09:32:22.500,BTC-USD,Gemini,29828.38501232806,29829.134299272886,29828.759655800473
2024-10-01 09:32:22.600,BTC-USD,Gemini,29817.598330371933,29819.030208564523,29818.31426946823
2024-10-01 09:32:22.600,BTC-USD,Coinbase,29818.33345183311,29819.420788113726,29818.87711997342
2024-10-01 09:32:22.700,BTC-USD,Coinbase,29813.86338188176,29815.11290700749,29814.488144444626
2024-10-01 09:32:22.700,BTC-USD,Gemini,29814.671865627188,29814.93581603766,29814.803840832425
2024-10-01 09:32:22.800,BTC-USD,Coinbase,29815.66040881231,29817.420886165124,29816.540647488717
2024-10-01 09:32:22.800,BTC-USD,Gemini,29816.032114943795,29817.9272547039,29816.979684823847
2024-10-01 09:32:22.900,BTC-USD,Gemini,29815.84020311074,29816.678113919228,29816.259158514986
2024-10-01 09:32:22.900,BTC-USD,Coinbase,29815.059658107242,29816.4111888703,29815.73542348877
2024-10-01 09:32:23.000,BTC-USD,Gemini,29830.914728925538,29831.19435495876,29831.054541942147
2024-10-01 09:32:23.000,BTC-USD,Coinbase,29830.48571245707,29831.058484421992,29830.77209843953
2024-10-01 09:32:23.100,BTC-USD,Gemini,29842.667721780792,29844.086044509277,29843.376883145036
2024-10-01 09:32:23.100,BTC-USD,Coinbase,29843.363552544884,29843.975203668007,29843.669378106446
2024-10-01 09:32:23.200,BTC-USD,Gemini,29834.98811251198,29836.876752192515,29835.932432352245
2024-10-01 09:32:23.200,BTC-USD,Coinbase,29835.693488736422,29836.453887378968,29836.073688057695
2024-10-01 09:32:23.300,BTC-USD,Gemini,29829.31224741545,29831.36307676622,29830.33766209084
2024-10-01 09:32:23.300,BTC-USD,Coinbase,29829.963595033034,29831.4755142261,29830.719554629566
2024-10-01 09:32:23.400,BTC-USD,Coinbase,29829.296310446218,29830.722343097943,29830.00932677208
2024-10-01 09:32:23.400,BTC-USD,Gemini,29829.97255086051,29830.65821207102,29830.315381465763
2024-10-01 09:32:23.500,BTC-USD,Gemini,29838.151310816815,29839.737372888623,29838.94434185272
2024-10-01 09:32:23.500,BTC-USD,Coinbase,29838.192315086526,29839.228863519733,29838.71058930313
2024-10-01 09:32:23.600,BTC-USD,Gemini,29843.603123408946,29845.500055209523,29844.551589309234
2024-10-01 09:32:23.600,BTC-USD,Coinbase,29843.90962043561,29844.879264138013,29844.39444228681
2024-10-01 09:32:23.700,BTC-USD,Gemini,29844.830545592453,29845.47836374279,29845.154454667623
2024-10-01 09:32:23.700,BTC-USD,Coinbase,29845.72120752938,29846.341463221732,29846.031335375555
2024-10-01 09:32:23.800,BTC-USD,Gemini,29838.753912741886,29839.104866904403,29838.929389823144
2024-10-01 09:32:23.800,BTC-USD,Coinbase,29838.657296097244,29839.261790259032,29838.959543178138
2024-10-01 09:32:23.900,BTC-USD,Gemini,29833.81147974296,29836.42616261788,29835.11882118042
2024-10-01 09:32:23.900,BTC-USD,Coinbase,29834.012256666996,29835.464864229994,29834.738560448495
2024-10-01 09:32:24.000,BTC-USD,Coinbase,29820.474101178745,29822.166802050993,29821.32045161487
2024-10-01 09:32:24.000,BTC-USD,Gemini,29820.759421771752,29822.213016945007,29821.48621935838
2024-10-01 09:32:24.100,BTC-USD,Gemini,29812.34951246158,29814.368304105996,29813.358908283786
2024-10-01 09:32:24.100,BTC-USD,Coinbase,29813.01975967658,29814.27320220987,29813.646480943225
2024-10-01 09:32:24.200,BTC-USD,Coinbase,29815.02352721674,29816.556675153777,29815.79010118526
2024-10-01 09:32:24.200,BTC-USD,Gemini,29814.26020731452,29816.582986881665,29815.421597098095
2024-10-01 09:32:24.300,BTC-USD,Gemini,29818.275756162213,29820.875081619906,29819.575418891058
2024-10-01 09:32:24.300,BTC-USD,Coinbase,29819.165069226427,29820.336336351855,29819.75070278914
2024-10-01 09:32:24.400,BTC-USD,Coinbase,29812.956339748926,29813.53788704067,29813.2471133948
2024-10-01 09:32:24.400,BTC-USD,Gemini,29812.087727696686,29812.64800541596,29812.36786655632
2024-10-01 09:32:24.500,BTC-USD,Gemini,29814.390959639917,29814.735795554174,29814.563377597045
2024-10-01 09:32:24.500,BTC-USD,Coinbase,29813.55351073865,29814.05698670106,29813.805248719855
2024-10-01 09:32:24.600,BTC-USD,Gemini,29820.638207237123,29822.03035614843,29821.334281692776
2024-10-01 09:32:24.600,BTC-USD,Coinbase,29821.105145404796,29822.80718988254,29821.956167643668
2024-10-01 09:32:24.700,BTC-USD,Gemini,29821.98150311989,29824.35503239524,29823.168267757566
2024-10-01 09:32:24.700,BTC-USD,Coinbase,29821.893319646788,29823.6940093485,29822.793664497643
2024-10-01 09:32:24.800,BTC-USD,Coinbase,29820.296140806306,29822.27170933358,29821.283925069944
2024-10-01 09:32:24.800,BTC-USD,Gemini,29819.459304237815,29823.20171692252,29821.330510580166
2024-10-01 09:32:24.900,BTC-USD,Gemini,29824.045084938345,29825.639030489798,29824.84205771407
2024-10-01 09:32:24.900,BTC-USD,Coinbase,29823.885805005015,29824.847038489217,29824.366421747116
2024-10-01 09:32:25.000,BTC-USD,Gemini,29827.02988746766,29826.895193172644,29826.96254032015
2024-10-01 09:32:25.000,BTC-USD,Coinbase,29826.228336709584,29827.82887237552,29827.028604542553
2024-10-01 09:32:25.100,BTC-USD,Coinbase,29826.65134999375,29828.261619900826,29827.456484947288
2024-10-01 09:32:25.100,BTC-USD,Gemini,29826.55082214642,29828.522845053034,29827.536833599726
2024-10-01 09:32:25.200,BTC-USD,Gemini,29824.889942335696,29825.514386780033,29825.202164557864
2024-10-01 09:32:25.200,BTC-USD,Coinbase,29824.055295420083,29825.55366183645,29824.804478628266
2024-10-01 09:32:25.300,BTC-USD,Gemini,29822.27094339125,29823.560009487475,29822.91547643936
2024-10-01 09:32:25.300,BTC-USD,Coinbase,29821.842435370378,29823.573458380528,29822.707946875453
2024-10-01 09:32:25.400,BTC-USD,Gemini,29821.247361721245,29823.53389310185,29822.390627411547
2024-10-01 09:32:25.400,BTC-USD,Coinbase,29822.218503955053,29824.151770500626,29823.18513722784
2024-10-01 09:32:25.500,BTC-USD,Gemini,29819.08588328508,29821.421966366408,29820.253924825745
2024-10-01 09:32:25.500,BTC-USD,Coinbase,29820.063107727903,29820.86564834181,29820.464378034856
2024-10-01 09:32:25.600,BTC-USD,Coinbase,29826.35960989852,29827.95202461289,29827.155817255705
2024-10-01 09:32:25.600,BTC-USD,Gemini,29825.945968343218,29828.10665362384,29827.02631098353
2024-10-01 09:32:25.700,BTC-USD,Coinbase,29831.086607600326,29832.206629857556,29831.64661872894
2024-10-01 09:32:25.700,BTC-USD,Gemini,29831.139044798045,29831.389997107228,29831.264520952638
2024-10-01 09:32:25.800,BTC-USD,Coinbase,29836.240566768905,29837.981481383245,29837.111024076075
2024-10-01 09:32:25.800,BTC-USD,Gemini,29837.228765115437,29837.58312550494,29837.405945310187
2024-10-01 09:32:25.900,BTC-USD,Gemini,29846.68102004035,29848.722615621584,29847.701817830966
2024-10-01 09:32:25.900,BTC-USD,Coinbase,29846.341295940332,29848.209976999005,29847.27563646967
2024-10-01 09:32:26.000,BTC-USD,Gemini,29854.67062106091,29855.747616631437,29855.209118846175
2024-10-01 09:32:26.000,BTC-USD,Coinbase,29854.24153315265,29856.153589120084,29855.197561136367
2024-10-01 09:32:26.100,BTC-USD,Gemini,29861.38424151403,29862.456735696054,29861.920488605043
2024-10-01 09:32:26.100,BTC-USD,Coinbase,29861.49695690571,29863.132117038465,29862.314536972088
2024-10-01 09:32:26.200,BTC-USD,Gemini,29863.17769115999,29865.364217044425,29864.27095410221
2024-10-01 09:32:26.200,BTC-USD,Coinbase,29863.255445616323,29865.13476740311,29864.195106509716
2024-10-01 09:32:26.300,BTC-USD,Coinbase,29862.916685412813,29863.59374393672,29863.255214674766
2024-10-01 09:32:26.300,BTC-USD,Gemini,29862.52217980021,29863.671548316404,29863.09686405831
2024-10-01 09:32:26.400,BTC-USD,Coinbase,29874.46333018475,29875.104188691403,29874.783759438076
2024-10-01 09:32:26.400,BTC-USD,Gemini,29874.075026408216,29874.71228232013,29874.393654364176
2024-10-01 09:32:26.500,BTC-USD,Gemini,29870.65389624977,29872.36948599057,29871.51169112017
2024-10-01 09:32:26.500,BTC-USD,Coinbase,29870.875650074915,29872.00091802534,29871.438284050128
2024-10-01 09:32:26.600,BTC-USD,Coinbase,29867.573336091235,29869.15362997273,29868.363483031982
2024-10-01 09:32:26.600,BTC-USD,Gemini,29867.27202410023,29869.527395020494,29868.399709560363
2024-10-01 09:32:26.700,BTC-USD,Coinbase,29863.183387929414,29864.893829158238,29864.038608543826
2024-10-01 09:32:26.700,BTC-USD,Gemini,29863.945764653257,29864.491276718654,29864.218520685958
2024-10-01 09:32:26.800,BTC-USD,Gemini,29865.148886413266,29865.353273653174,29865.25108003322
2024-10-01 09:32:26.800,BTC-USD,Coinbase,29864.26022580263,29866.01574916149,29865.13798748206
2024-10-01 09:32:26.900,BTC-USD,Gemini,29867.275862519316,29867.491248295773,29867.383555407545
2024-10-01 09:32:26.900,BTC-USD,Coinbase,29866.902644894362,29867.599984405082,29867.251314649722
2024-10-01 09:32:27.000,BTC-USD,Gemini,29871.35471173124,29873.5032160082,29872.428963869723
2024-10-01 09:32:27.000,BTC-USD,Coinbase,29871.658828005286,29873.184873974078,29872.421850989682
2024-10-01 09:32:27.100,BTC-USD,Gemini,29871.577981632956,29871.561572342558,29871.56977698776
2024-10-01 09:32:27.100,BTC-USD,Coinbase,29870.652438731457,29871.983636621946,29871.3180376767
2024-10-01 09:32:27.200,BTC-USD,Gemini,29861.953598328346,29863.467377319474,29862.71048782391
2024-10-01 09:32:27.200,BTC-USD,Coinbase,29862.292765232676,29863.043455333536,29862.668110283106
2024-10-01 09:32:27.300,BTC-USD,Gemini,29863.16620775898,29865.775956846403,29864.47108230269
2024-10-01 09:32:27.300,BTC-USD,Coinbase,29863.675552796187,29864.887198204422,29864.281375500304
2024-10-01 09:32:27.400,BTC-USD,Coinbase,29868.340407513133,29870.003108783174,29869.171758148153
2024-10-01 09:32:27.400,BTC-USD,Gemini,29867.677695726463,29869.76638967937,29868.722042702917
2024-10-01 09:32:27.500,BTC-USD,Gemini,29868.818045306267,29870.718605287406,29869.768325296835
2024-10-01 09:32:27.500,BTC-USD,Coinbase,29868.977210658213,29869.725012954153,29869.351111806183
2024-10-01 09:32:27.600,BTC-USD,Coinbase,29867.782926725195,29869.62541388545,29868.704170305322
2024-10-01 09:32:27.600,BTC-USD,Gemini,29867.778515419555,29869.331004613006,29868.554760016283
2024-10-01 09:32:27.700,BTC-USD,Gemini,29871.4250527466,29872.10850830262,29871.76678052461
2024-10-01 09:32:27.700,BTC-USD,Coinbase,29871.164012997502,29871.91043409509,29871.537223546296
2024-10-01 09:32:27.800,BTC-USD,Gemini,29877.783545253067,29878.94514877994,29878.364347016504
2024-10-01 09:32:27.800,BTC-USD,Coinbase,29878.409516592426,29879.032126723443,29878.720821657935
2024-10-01 09:32:27.900,BTC-USD,Gemini,29877.18136792237,29879.35663322021,29878.26900057129
2024-10-01 09:32:27.900,BTC-USD,Coinbase,29877.88796636139,29878.93293700036,29878.410451680877
2024-10-01 09:32:28.000,BTC-USD,Gemini,29870.42153363219,29871.869972161723,29871.145752896955
2024-10-01 09:32:28.000,BTC-USD,Coinbase,29870.495940984914,29872.16341333775,29871.32967716133
2024-10-01 09:32:28.100,BTC-USD,Gemini,29867.102555518642,29868.66584296344,29867.88419924104
2024-10-01 09:32:28.100,BTC-USD,Coinbase,29867.696013709847,29869.358681939117,29868.52734782448
2024-10-01 09:32:28.200,BTC-USD,Coinbase,29866.81887071887,29868.61629760497,29867.71758416192
2024-10-01 09:32:28.200,BTC-USD,Gemini,29866.893671069054,29868.84951831581,29867.87159469243
2024-10-01 09:32:28.300,BTC-USD,Gemini,29857.734579730553,29859.04334304618,29858.388961388366
2024-10-01 09:32:28.300,BTC-USD,Coinbase,29858.346651872,29859.116042740643,29858.731347306322
2024-10-01 09:32:28.400,BTC-USD,Coinbase,29862.182471378328,29863.009419838243,29862.595945608286
2024-10-01 09:32:28.400,BTC-USD,Gemini,29861.57698729185,29862.03071625128,29861.803851771565
2024-10-01 09:32:28.500,BTC-USD,Gemini,29857.57022854047,29859.099798951796,29858.33501374613
2024-10-01 09:32:28.500,BTC-USD,Coinbase,29858.370504216597,29859.179364370015,29858.774934293306
2024-10-01 09:32:28.600,BTC-USD,Coinbase,29860.92479117506,29861.735667444245,29861.330229309653
2024-10-01 09:32:28.600,BTC-USD,Gemini,29860.779336920103,29862.35297513596,29861.56615602803
2024-10-01 09:32:28.700,BTC-USD,Gemini,29860.881463980728,29862.766741876654,29861.82410292869
2024-10-01 09:32:28.700,BTC-USD,Coinbase,29861.750853040616,29862.88470082355,29862.317776932083
2024-10-01 09:32:28.800,BTC-USD,Gemini,29858.94153016095,29862.21683510039,29860.57918263067
2024-10-01 09:32:28.800,BTC-USD,Coinbase,29859.779242069606,29861.771772920198,29860.775507494902
2024-10-01 09:32:28.900,BTC-USD,Gemini,29868.547947933996,29870.607998197793,29869.577973065894
2024-10-01 09:32:28.900,BTC-USD,Coinbase,29868.17008993043,29869.6861086222,29868.928099276316
2024-10-01 09:32:29.000,BTC-USD,Coinbase,29865.627097458484,29866.63713017517,29866.132113816828
2024-10-01 09:32:29.000,BTC-USD,Gemini,29866.25660639363,29867.13941668936,29866.69801154149
2024-10-01 09:32:29.100,BTC-USD,Coinbase,29861.809851429178,29863.749856317947,29862.779853873562
2024-10-01 09:32:29.100,BTC-USD,Gemini,29861.392699569176,29864.712708288014,29863.052703928595
2024-10-01 09:32:29.200,BTC-USD,Coinbase,29863.582148216978,29864.92565126151,29864.253899739244
2024-10-01 09:32:29.200,BTC-USD,Gemini,29863.77862172936,29865.711360320205,29864.74499102478
2024-10-01 09:32:29.300,BTC-USD,Gemini,29867.42350511259,29868.983143356494,29868.203324234542
2024-10-01 09:32:29.300,BTC-USD,Coinbase,29868.180451642496,29868.73862110418,29868.45953637334
2024-10-01 09:32:29.400,BTC-USD,Coinbase,29868.15237035549,29868.762486940253,29868.45742864787
2024-10-01 09:32:29.400,BTC-USD,Gemini,29869.13184297132,29869.011270477182,29869.07155672425
2024-10-01 09:32:29.500,BTC-USD,Coinbase,29862.887818435698,29864.218848201734,29863.553333318716
2024-10-01 09:32:29.500,BTC-USD,Gemini,29863.525627738374,29863.716883135938,29863.621255437156
2024-10-01 09:32:29.600,BTC-USD,Gemini,29867.33530156665,29868.352182067214,29867.843741816934
2024-10-01 09:32:29.600,BTC-USD,Coinbase,29866.62117625702,29867.412519978618,29867.01684811782
2024-10-01 09:32:29.700,BTC-USD,Coinbase,29869.59043141477,29870.494116877446,29870.042274146108
2024-10-01 09:32:29.700,BTC-USD,Gemini,29870.44985187237,29871.03099020977,29870.740421041068
2024-10-01 09:32:29.800,BTC-USD,Coinbase,29879.892915672448,29880.951953806114,29880.42243473928
2024-10-01 09:32:29.800,BTC-USD,Gemini,29880.839253299797,29881.730122240857,29881.284687770327
2024-10-01 09:32:29.900,BTC-USD,Coinbase,29878.627082900744,29880.021858129232,29879.32447051499
2024-10-01 09:32:29.900,BTC-USD,Gemini,29879.62200919654,29880.624492842,29880.12325101927
2024-10-01 09:32:30.000,BTC-USD,Coinbase,29879.44816336344,29881.344935133387,29880.396549248413
2024-10-01 09:32:30.000,BTC-USD,Gemini,29880.27459189388,29880.857459356354,29880.566025625118
2024-10-01 09:32:30.100,BTC-USD,Gemini,29878.19030998197,29877.948973907936,29878.069641944952
2024-10-01 09:32:30.100,BTC-USD,Coinbase,29877.249871244632,29877.882119822265,29877.56599553345
2024-10-01 09:32:30.200,BTC-USD,Gemini,29869.354864109115,29870.931048410916,29870.142956260017
2024-10-01 09:32:30.200,BTC-USD,Coinbase,29869.18826297974,29871.07282546372,29870.13054422173
2024-10-01 09:32:30.300,BTC-USD,Gemini,29869.93006469961,29870.519500393686,29870.224782546647
2024-10-01 09:32:30.300,BTC-USD,Coinbase,29869.937039131273,29871.082362559344,29870.50970084531
2024-10-01 09:32:30.400,BTC-USD,Coinbase,29874.283045188396,29875.24930479156,29874.766174989978
2024-10-01 09:32:30.400,BTC-USD,Gemini,29874.688312472383,29875.98005005916,29875.33418126577
2024-10-01 09:32:30.500,BTC-USD,Coinbase,29869.236861301368,29870.169811774576,29869.703336537972
2024-10-01 09:32:30.500,BTC-USD,Gemini,29869.239598001714,29870.729947023025,29869.98477251237
2024-10-01 09:32:30.600,BTC-USD,Coinbase,29865.814327681856,29866.849421248433,29866.331874465144
2024-10-01 09:32:30.600,BTC-USD,Gemini,29866.628639913703,29866.83603600246,29866.73233795808
2024-10-01 09:32:30.700,BTC-USD,Coinbase,29859.892273631835,29861.02271774097,29860.4574956864
2024-10-01 09:32:30.700,BTC-USD,Gemini,29858.933903100267,29861.440164678,29860.18703388913
2024-10-01 09:32:30.800,BTC-USD,Gemini,29867.08691810204,29868.212626982124,29867.64977254208
2024-10-01 09:32:30.800,BTC-USD,Coinbase,29866.61760299542,29867.712102219968,29867.164852607693
2024-10-01 09:32:30.900,BTC-USD,Gemini,29862.581188269567,29863.99896579475,29863.290077032158
2024-10-01 09:32:30.900,BTC-USD,Coinbase,29863.117058451466,29864.88700551278,29864.002031982123
2024-10-01 09:32:31.000,BTC-USD,Gemini,29866.799942395213,29867.919683645792,29867.359813020503
2024-10-01 09:32:31.000,BTC-USD,Coinbase,29866.399008533845,29867.407552130193,29866.90328033202
2024-10-01 09:32:31.100,BTC-USD,Coinbase,29862.15147916474,29863.011044016825,29862.58126159078
2024-10-01 09:32:31.100,BTC-USD,Gemini,29861.18898928331,29862.187723452855,29861.688356368082
2024-10-01 09:32:31.200,BTC-USD,Gemini,29862.581429602204,29863.462673951723,29863.022051776963
2024-10-01 09:32:31.200,BTC-USD,Coinbase,29862.01033474527,29863.90804667409,29862.95919070968
2024-10-01 09:32:31.300,BTC-USD,Coinbase,29858.99900255004,29860.666891521312,29859.832947035677
2024-10-01 09:32:31.300,BTC-USD,Gemini,29859.94070724093,29861.023280232494,29860.481993736714
2024-10-01 09:32:31.400,BTC-USD,Gemini,29848.16311263332,29849.33606016158,29848.749586397447
2024-10-01 09:32:31.400,BTC-USD,Coinbase,29847.824354203298,29848.366779111744,29848.09556665752
2024-10-01 09:32:31.500,BTC-USD,Coinbase,29847.818333717558,29849.151667488062,29848.48500060281
2024-10-01 09:32:31.500,BTC-USD,Gemini,29848.704459260378,29849.77385815575,29849.239158708064
2024-10-01 09:32:31.600,BTC-USD,Gemini,29849.406070013258,29851.675338459598,29850.540704236428
2024-10-01 09:32:31.600,BTC-USD,Coinbase,29850.40394957244,29851.84396801292,29851.12395879268
2024-10-01 09:32:31.700,BTC-USD,Gemini,29839.372062422517,29840.2214462488,29839.796754335657
2024-10-01 09:32:31.700,BTC-USD,Coinbase,29840.34394501483,29841.066111963868,29840.70502848935
2024-10-01 09:32:31.800,BTC-USD,Gemini,29839.829220377385,29840.248868346916,29840.03904436215
2024-10-01 09:32:31.800,BTC-USD,Coinbase,29839.3331564379,29840.33238212523,29839.832769281566
2024-10-01 09:32:31.900,BTC-USD,Gemini,29838.177408522948,29837.527840485924,29837.852624504434
2024-10-01 09:32:31.900,BTC-USD,Coinbase,29837.284582354507,29838.05585974538,29837.670221049942
2024-10-01 09:32:32.000,BTC-USD,Coinbase,29831.965090968704,29832.593054170255,29832.27907256948
2024-10-01 09:32:32.000,BTC-USD,Gemini,29831.337359869704,29832.637359518256,29831.98735969398
2024-10-01 09:32:32.100,BTC-USD,Coinbase,29830.388309377744,29831.656791847297,29831.02255061252
2024-10-01 09:32:32.100,BTC-USD,Gemini,29829.527034009716,29831.22213759052,29830.37458580012
2024-10-01 09:32:32.200,BTC-USD,Coinbase,29821.019119723893,29821.62937888134,29821.324249302615
2024-10-01 09:32:32.200,BTC-USD,Gemini,29820.123970059405,29822.51150452769,29821.317737293546
2024-10-01 09:32:32.300,BTC-USD,Gemini,29821.243357630843,29822.948762175536,29822.09605990319
2024-10-01 09:32:32.300,BTC-USD,Coinbase,29821.981587845854,29823.173043834366,29822.57731584011
2024-10-01 09:32:32.400,BTC-USD,Coinbase,29827.8988213326,29829.116133309486,29828.507477321044
2024-10-01 09:32:32.400,BTC-USD,Gemini,29827.87933533696,29829.476952634286,29828.67814398562
2024-10-01 09:32:32.500,BTC-USD,Gemini,29822.148464458634,29822.217381857583,29822.182923158107
2024-10-01 09:32:32.500,BTC-USD,Coinbase,29821.50151526361,29822.896755184884,29822.199135224248
2024-10-01 09:32:32.600,BTC-USD,Coinbase,29820.981063266958,29822.76302171972,29821.872042493338
2024-10-01 09:32:32.600,BTC-USD,Gemini,29821.091779682625,29823.74025099728,29822.416015339953
2024-10-01 09:32:32.700,BTC-USD,Coinbase,29828.728751686285,29829.268672576683,29828.998712131484
2024-10-01 09:32:32.700,BTC-USD,Gemini,29829.40487426476,29829.98588682732,29829.69538054604
2024-10-01 09:32:32.800,BTC-USD,Coinbase,29829.22701841659,29829.994376418283,29829.610697417436
2024-10-01 09:32:32.800,BTC-USD,Gemini,29828.775264317654,29829.228669358417,29829.001966838034
2024-10-01 09:32:32.900,BTC-USD,Coinbase,29826.266985713068,29827.768626124453,29827.01780591876
2024-10-01 09:32:32.900,BTC-USD,Gemini,29825.96344519748,29828.41488869033,29827.189166943906
2024-10-01 09:32:33.000,BTC-USD,Coinbase,29821.894047864575,29823.035829992878,29822.464938928726
2024-10-01 09:32:33.000,BTC-USD,Gemini,29821.980365660154,29822.738722020014,29822.359543840084
2024-10-01 09:32:33.100,BTC-USD,Coinbase,29822.969472215675,29823.73907872562,29823.354275470647
2024-10-01 09:32:33.100,BTC-USD,Gemini,29822.389717608316,29822.83076074165,29822.61023917498
2024-10-01 09:32:33.200,BTC-USD,Coinbase,29822.29869233452,29823.08328922676,29822.69099078064
2024-10-01 09:32:33.200,BTC-USD,Gemini,29821.94921180004,29822.8369948999,29822.39310334997
2024-10-01 09:32:33.300,BTC-USD,Gemini,29826.123098042895,29826.32235007945,29826.222724061172
2024-10-01 09:32:33.300,BTC-USD,Coinbase,29825.458289159207,29826.239428330824,29825.848858745016
2024-10-01 09:32:33.400,BTC-USD,Coinbase,29817.306849523102,29819.187982533233,29818.247416028167
2024-10-01 09:32:33.400,BTC-USD,Gemini,29817.522135475414,29819.338323168293,29818.430229321853
2024-10-01 09:32:33.500,BTC-USD,Coinbase,29823.09700909894,29824.168284497482,29823.63264679821
2024-10-01 09:32:33.500,BTC-USD,Gemini,29822.705815650876,29823.45201659099,29823.078916120932
2024-10-01 09:32:33.600,BTC-USD,Gemini,29820.99028993231,29823.25317475796,29822.121732345135
2024-10-01 09:32:33.600,BTC-USD,Coinbase,29820.93292697373,29822.296544470588,29821.61473572216
2024-10-01 09:32:33.700,BTC-USD,Gemini,29823.527966051133,29824.664306960312,29824.096136505723
2024-10-01 09:32:33.700,BTC-USD,Coinbase,29824.149068366558,29825.5063107137,29824.82768954013
2024-10-01 09:32:33.800,BTC-USD,Coinbase,29820.399110406488,29822.031786256357,29821.215448331423
2024-10-01 09:32:33.800,BTC-USD,Gemini,29819.463242491787,29821.72087805831,29820.59206027505
2024-10-01 09:32:33.900,BTC-USD,Gemini,29813.156507375374,29814.590461449545,29813.87348441246
2024-10-01 09:32:33.900,BTC-USD,Coinbase,29814.11409923507,29815.337026605113,29814.72556292009
2024-10-01 09:32:34.000,BTC-USD,Gemini,29811.345693576393,29812.027871498736,29811.686782537567
2024-10-01 09:32:34.000,BTC-USD,Coinbase,29811.350962087086,29812.42999222304,29811.890477155062
2024-10-01 09:32:34.100,BTC-USD,Gemini,29806.5098424994,29807.996769691126,29807.253306095263
2024-10-01 09:32:34.100,BTC-USD,Coinbase,29806.333453574356,29807.903803226007,29807.11862840018
2024-10-01 09:32:34.200,BTC-USD,Gemini,29804.622441569885,29805.28688565417,29804.95466361203
2024-10-01 09:32:34.200,BTC-USD,Coinbase,29804.751488425456,29805.73904262403,29805.245265524743
2024-10-01 09:32:34.300,BTC-USD,Gemini,29807.827032562363,29808.19623273669,29808.011632649526
2024-10-01 09:32:34.300,BTC-USD,Coinbase,29808.161073787047,29808.808336212485,29808.484704999766
2024-10-01 09:32:34.400,BTC-USD,Gemini,29811.91406281754,29815.866118021495,29813.890090419518
2024-10-01 09:32:34.400,BTC-USD,Coinbase,29812.88044602119,29814.876710918077,29813.878578469634
2024-10-01 09:32:34.500,BTC-USD,Gemini,29813.6596087033,29816.15031440375,29814.904961553526
2024-10-01 09:32:34.500,BTC-USD,Coinbase,29813.946833132613,29815.846251276496,29814.896542204555
2024-10-01 09:32:34.600,BTC-USD,Gemini,29811.019217053785,29812.132540976425,29811.575879015105
2024-10-01 09:32:34.600,BTC-USD,Coinbase,29811.601372753812,29812.786568027677,29812.193970390745
2024-10-01 09:32:34.700,BTC-USD,Coinbase,29809.14527615058,29810.729420469863,29809.93734831022
2024-10-01 09:32:34.700,BTC-USD,Gemini,29808.200429035016,29810.221121300605,29809.210775167812
2024-10-01 09:32:34.800,BTC-USD,Gemini,29811.780199555877,29813.48497407974,29812.63258681781
2024-10-01 09:32:34.800,BTC-USD,Coinbase,29812.035661372025,29813.761334863728,29812.898498117876
2024-10-01 09:32:34.900,BTC-USD,Coinbase,29818.044139647514,29819.115385609286,29818.5797626284
2024-10-01 09:32:34.900,BTC-USD,Gemini,29817.37451421935,29818.31795435028,29817.846234284814
2024-10-01 09:32:35.000,BTC-USD,Coinbase,29816.57856072587,29817.350249591447,29816.96440515866
2024-10-01 09:32:35.000,BTC-USD,Gemini,29816.680040872343,29818.121245718343,29817.400643295343
2024-10-01 09:32:35.100,BTC-USD,Gemini,29816.03951261925,29815.712535845883,29815.876024232566
2024-10-01 09:32:35.100,BTC-USD,Coinbase,29815.96721970591,29816.70641790847,29816.33681880719
2024-10-01 09:32:35.200,BTC-USD,Coinbase,29811.670527817583,29813.486964499072,29812.578746158328
2024-10-01 09:32:35.200,BTC-USD,Gemini,29811.915892747376,29812.93412808887,29812.425010418123
2024-10-01 09:32:35.300,BTC-USD,Gemini,29813.308711106132,29813.793388984832,29813.551050045484
2024-10-01 09:32:35.300,BTC-USD,Coinbase,29812.62033171465,29814.605411545104,29813.612871629877
2024-10-01 09:32:35.400,BTC-USD,Gemini,29818.328929147036,29818.064234073958,29818.196581610497
2024-10-01 09:32:35.400,BTC-USD,Coinbase,29817.81051949529,29818.983725785616,29818.397122640454
2024-10-01 09:32:35.500,BTC-USD,Gemini,29801.956740800404,29805.68026351019,29803.818502155296
2024-10-01 09:32:35.500,BTC-USD,Coinbase,29802.884006586835,29804.852928816035,29803.868467701435
2024-10-01 09:32:35.600,BTC-USD,Gemini,29804.95487025003,29805.809544854335,29805.382207552182
2024-10-01 09:32:35.600,BTC-USD,Coinbase,29804.540600433058,29805.751061583003,29805.14583100803
2024-10-01 09:32:35.700,BTC-USD,Gemini,29802.320872850974,29803.557866913332,29802.93936988215
2024-10-01 09:32:35.700,BTC-USD,Coinbase,29801.80280842274,29802.981888839815,29802.392348631278
2024-10-01 09:32:35.800,BTC-USD,Gemini,29789.86254717216,29790.915912857712,29790.38923001494
2024-10-01 09:32:35.800,BTC-USD,Coinbase,29790.301518026805,29791.204341273464,29790.752929650134
2024-10-01 09:32:35.900,BTC-USD,Coinbase,29791.64562512682,29792.99682474392,29792.32122493537
2024-10-01 09:32:35.900,BTC-USD,Gemini,29791.410316023448,29792.766235666266,29792.088275844857
2024-10-01 09:32:36.000,BTC-USD,Coinbase,29791.330747989574,29792.41659977968,29791.873673884627
2024-10-01 09:32:36.000,BTC-USD,Gemini,29791.527754061535,29793.01397826225,29792.270866161893
2024-10-01 09:32:36.100,BTC-USD,Coinbase,29792.820070334732,29794.62072468557,29793.72039751015
2024-10-01 09:32:36.100,BTC-USD,Gemini,29793.133521602747,29793.623413076835,29793.37846733979
2024-10-01 09:32:36.200,BTC-USD,Gemini,29786.58936607388,29788.67087067744,29787.63011837566
2024-10-01 09:32:36.200,BTC-USD,Coinbase,29785.92648993546,29787.854053258503,29786.89027159698
2024-10-01 09:32:36.300,BTC-USD,Coinbase,29796.790926886028,29798.3610394931,29797.575983189563
2024-10-01 09:32:36.300,BTC-USD,Gemini,29797.63388328956,29798.11138719918,29797.87263524437
2024-10-01 09:32:36.400,BTC-USD,Gemini,29798.44524634541,29799.09966292991,29798.772454637663
2024-10-01 09:32:36.400,BTC-USD,Coinbase,29797.55105046791,29798.707557579823,29798.129304023867
2024-10-01 09:32:36.500,BTC-USD,Gemini,29796.310164951246,29796.408462425145,29796.359313688197
2024-10-01 09:32:36.500,BTC-USD,Coinbase,29795.889338278514,29796.938358055773,29796.413848167143
2024-10-01 09:32:36.600,BTC-USD,Gemini,29803.033999628577,29805.41163334351,29804.222816486043
2024-10-01 09:32:36.600,BTC-USD,Coinbase,29803.05616126537,29805.013317182515,29804.034739223942
2024-10-01 09:32:36.700,BTC-USD,Coinbase,29806.53624666057,29808.056050747804,29807.296148704187
2024-10-01 09:32:36.700,BTC-USD,Gemini,29806.553909872993,29808.346189171887,29807.450049522442
2024-10-01 09:32:36.800,BTC-USD,Coinbase,29810.74046637199,29812.180592862886,29811.460529617438
2024-10-01 09:32:36.800,BTC-USD,Gemini,29810.35110454848,29812.07792290376,29811.21451372612
2024-10-01 09:32:36.900,BTC-USD,Gemini,29816.26915965424,29817.635401582564,29816.952280618403
2024-10-01 09:32:36.900,BTC-USD,Coinbase,29817.02620890242,29817.527075358605,29817.276642130513
2024-10-01 09:32:37.000,BTC-USD,Gemini,29805.86925631964,29808.04625008361,29806.957753201626
2024-10-01 09:32:37.000,BTC-USD,Coinbase,29805.929459799314,29807.907825150767,29806.91864247504
2024-10-01 09:32:37.100,BTC-USD,Gemini,29815.14430009664,29815.76540928915,29815.454854692893
2024-10-01 09:32:37.100,BTC-USD,Coinbase,29814.76190024803,29815.76869249753,29815.26529637278
2024-10-01 09:32:37.200,BTC-USD,Gemini,29811.992321387446,29814.74840425931,29813.370362823378
2024-10-01 09:32:37.200,BTC-USD,Coinbase,29812.90190594871,29814.15557057834,29813.528738263525
2024-10-01 09:32:37.300,BTC-USD,Coinbase,29814.582190999557,29815.330156738404,29814.95617386898
2024-10-01 09:32:37.300,BTC-USD,Gemini,29815.228739981147,29814.477222175497,29814.852981078322
2024-10-01 09:32:37.400,BTC-USD,Gemini,29818.328488223324,29820.926858989147,29819.627673606235
2024-10-01 09:32:37.400,BTC-USD,Coinbase,29818.59636438221,29820.544176350886,29819.57027036655
2024-10-01 09:32:37.500,BTC-USD,Coinbase,29815.096840879167,29816.920654248075,29816.00874756362
2024-10-01 09:32:37.500,BTC-USD,Gemini,29815.703600924197,29817.10141239175,29816.40250665797
2024-10-01 09:32:37.600,BTC-USD,Coinbase,29817.05138999533,29818.145166784496,29817.598278389913
2024-10-01 09:32:37.600,BTC-USD,Gemini,29816.897368387945,29818.589617301164,29817.743492844555
2024-10-01 09:32:37.700,BTC-USD,Gemini,29819.599919769058,29821.658448960126,29820.629184364592
2024-10-01 09:32:37.700,BTC-USD,Coinbase,29820.564657645784,29822.260584566615,29821.4126211062
2024-10-01 09:32:37.800,BTC-USD,Gemini,29820.943779511967,29821.691067410247,29821.317423461107
2024-10-01 09:32:37.800,BTC-USD,Coinbase,29820.20558016707,29822.201213763252,29821.20339696516
2024-10-01 09:32:37.900,BTC-USD,Gemini,29822.01427145746,29825.179386901116,29823.59682917929
2024-10-01 09:32:37.900,BTC-USD,Coinbase,29822.773275229512,29824.579925465005,29823.67660034726
2024-10-01 09:32:38.000,BTC-USD,Coinbase,29815.319903066465,29815.974026884072,29815.64696497527
2024-10-01 09:32:38.000,BTC-USD,Gemini,29816.018725506798,29816.17135386,29816.0950396834
2024-10-01 09:32:38.100,BTC-USD,Gemini,29808.847551222185,29809.586317108988,29809.216934165586
2024-10-01 09:32:38.100,BTC-USD,Coinbase,29809.37678894167,29809.996125560283,29809.686457250977
2024-10-01 09:32:38.200,BTC-USD,Coinbase,29803.426585126526,29804.44446783629,29803.935526481408
2024-10-01 09:32:38.200,BTC-USD,Gemini,29803.65865438579,29805.358051936804,29804.508353161298
2024-10-01 09:32:38.300,BTC-USD,Gemini,29805.156883333882,29807.009654350724,29806.083268842303
2024-10-01 09:32:38.300,BTC-USD,Coinbase,29805.174404619407,29806.407632225324,29805.791018422366
2024-10-01 09:32:38.400,BTC-USD,Coinbase,29824.08053286411,29824.930415509498,29824.505474186804
2024-10-01 09:32:38.400,BTC-USD,Gemini,29824.286110699628,29825.713600286337,29824.999855492984
2024-10-01 09:32:38.500,BTC-USD,Gemini,29824.610181183794,29826.23837312847,29825.424277156133
2024-10-01 09:32:38.500,BTC-USD,Coinbase,29825.450857485623,29826.18837440169,29825.819615943656
2024-10-01 09:32:38.600,BTC-USD,Gemini,29824.64790834678,29825.307358369842,29824.97763335831
2024-10-01 09:32:38.600,BTC-USD,Coinbase,29824.656464388496,29825.504066021957,29825.080265205226
2024-10-01 09:32:38.700,BTC-USD,Coinbase,29823.789452963727,29825.72609574512,29824.757774354424
2024-10-01 09:32:38.700,BTC-USD,Gemini,29823.59332127595,29824.94629698096,29824.269809128455
2024-10-01 09:32:38.800,BTC-USD,Coinbase,29828.816940713583,29830.531455924665,29829.674198319124
2024-10-01 09:32:38.800,BTC-USD,Gemini,29828.74107450696,29829.681417583975,29829.211246045466
2024-10-01 09:32:38.900,BTC-USD,Gemini,29832.992879843598,29832.706398913277,29832.849639378437
2024-10-01 09:32:38.900,BTC-USD,Coinbase,29832.877282446538,29833.61014589638,29833.243714171458
2024-10-01 09:32:39.000,BTC-USD,Gemini,29827.47124085759,29828.91552832232,29828.193384589955
2024-10-01 09:32:39.000,BTC-USD,Coinbase,29826.93768067031,29828.082039702724,29827.509860186517
2024-10-01 09:32:39.100,BTC-USD,Coinbase,29831.71189358604,29833.47805563954,29832.59497461279
2024-10-01 09:32:39.100,BTC-USD,Gemini,29832.057501039424,29833.370133040014,29832.71381703972
2024-10-01 09:32:39.200,BTC-USD,Coinbase,29832.020430024044,29832.93020547316,29832.4753177486
2024-10-01 09:32:39.200,BTC-USD,Gemini,29831.363466934585,29833.05151778634,29832.207492360463
2024-10-01 09:32:39.300,BTC-USD,Coinbase,29835.929330566567,29837.211482639712,29836.57040660314
2024-10-01 09:32:39.300,BTC-USD,Gemini,29835.95010080329,29836.649772100947,29836.299936452117
2024-10-01 09:32:39.400,BTC-USD,Coinbase,29826.108998124884,29827.041839985304,29826.575419055094
2024-10-01 09:32:39.400,BTC-USD,Gemini,29826.180332969227,29826.0856795821,29826.13300627566
2024-10-01 09:32:39.500,BTC-USD,Coinbase,29817.855179725215,29819.748465514735,29818.801822619975
2024-10-01 09:32:39.500,BTC-USD,Gemini,29817.49276564764,29819.044866342567,29818.268815995103
2024-10-01 09:32:39.600,BTC-USD,Coinbase,29821.152599734036,29822.419474564376,29821.786037149206
2024-10-01 09:32:39.600,BTC-USD,Gemini,29820.28249831943,29822.05672757678,29821.169612948106
2024-10-01 09:32:39.700,BTC-USD,Gemini,29812.829203793346,29812.915686596738,29812.87244519504
2024-10-01 09:32:39.700,BTC-USD,Coinbase,29812.301670418303,29813.263512615842,29812.782591517072
2024-10-01 09:32:39.800,BTC-USD,Gemini,29813.225505467504,29815.66376804279,29814.444636755146
2024-10-01 09:32:39.800,BTC-USD,Coinbase,29813.928451784464,29815.53440107376,29814.731426429113
2024-10-01 09:32:39.900,BTC-USD,Gemini,29815.320137151397,29817.543592363716,29816.431864757556
2024-10-01 09:32:39.900,BTC-USD,Coinbase,29815.99522570075,29816.849080879914,29816.422153290332
2024-10-01 09:32:40.000,BTC-USD,Coinbase,29816.708562145257,29817.592627787577,29817.150594966417
2024-10-01 09:32:40.000,BTC-USD,Gemini,29817.22505324009,29816.63968811273,29816.93237067641
2024-10-01 09:32:40.100,BTC-USD,Coinbase,29817.983745179357,29819.87254290845,29818.928144043904
2024-10-01 09:32:40.100,BTC-USD,Gemini,29818.650513191344,29820.65314811465,29819.651830652998
2024-10-01 09:32:40.200,BTC-USD,Coinbase,29819.337302863445,29821.174108160805,29820.255705512125
2024-10-01 09:32:40.200,BTC-USD,Gemini,29818.4214144904,29821.352004654444,29819.88670957242
2024-10-01 09:32:40.300,BTC-USD,Coinbase,29822.111217745885,29822.874192475298,29822.49270511059
2024-10-01 09:32:40.300,BTC-USD,Gemini,29822.560136667853,29821.87876358627,29822.219450127064
2024-10-01 09:32:40.400,BTC-USD,Coinbase,29820.136560902974,29820.78605320221,29820.461307052592
2024-10-01 09:32:40.400,BTC-USD,Gemini,29821.011939170738,29821.50239746072,29821.25716831573
2024-10-01 09:32:40.500,BTC-USD,Gemini,29820.157833887097,29821.10951744039,29820.633675663743
2024-10-01 09:32:40.500,BTC-USD,Coinbase,29819.44204360833,29821.261714295826,29820.35187895208
2024-10-01 09:32:40.600,BTC-USD,Coinbase,29834.42490390989,29835.572598931456,29834.998751420673
2024-10-01 09:32:40.600,BTC-USD,Gemini,29834.80266227963,29834.66598696733,29834.73432462348
2024-10-01 09:32:40.700,BTC-USD,Coinbase,29839.855502778082,29841.510934610495,29840.68321869429
2024-10-01 09:32:40.700,BTC-USD,Gemini,29840.77517337105,29841.869011142495,29841.32209225677
2024-10-01 09:32:40.800,BTC-USD,Coinbase,29843.232215455933,29844.25565310013,29843.74393427803
2024-10-01 09:32:40.800,BTC-USD,Gemini,29843.489002017763,29844.759934808095,29844.124468412927
2024-10-01 09:32:40.900,BTC-USD,Gemini,29845.266983643945,29846.979657593984,29846.123320618964
2024-10-01 09:32:40.900,BTC-USD,Coinbase,29845.408975424532,29846.00173904336,29845.705357233946
2024-10-01 09:32:41.000,BTC-USD,Gemini,29841.161789468613,29843.350835844034,29842.256312656325
2024-10-01 09:32:41.000,BTC-USD,Coinbase,29841.724914697093,29842.410052549065,29842.06748362308
2024-10-01 09:32:41.100,BTC-USD,Gemini,29841.88642606892,29842.943146281406,29842.414786175163
2024-10-01 09:32:41.100,BTC-USD,Coinbase,29842.6021396693,29843.800902065366,29843.201520867333
2024-10-01 09:32:41.200,BTC-USD,Coinbase,29841.158730991523,29842.775154175277,29841.9669425834
2024-10-01 09:32:41.200,BTC-USD,Gemini,29840.423901990172,29842.86801452022,29841.645958255198
2024-10-01 09:32:41.300,BTC-USD,Gemini,29844.89795474178,29848.113165061164,29846.505559901474
2024-10-01 09:32:41.300,BTC-USD,Coinbase,29845.763456858545,29847.631275360498,29846.69736610952
2024-10-01 09:32:41.400,BTC-USD,Coinbase,29841.638803517366,29842.604744589567,29842.121774053467
2024-10-01 09:32:41.400,BTC-USD,Gemini,29841.79972851574,29843.389318790818,29842.59452365328
2024-10-01 09:32:41.500,BTC-USD,Coinbase,29829.7404837352,29830.872637386427,29830.306560560814
2024-10-01 09:32:41.500,BTC-USD,Gemini,29829.165237554575,29830.3859851784,29829.775611366487
2024-10-01 09:32:41.600,BTC-USD,Coinbase,29826.719930553827,29828.289242974282,29827.504586764055
2024-10-01 09:32:41.600,BTC-USD,Gemini,29826.460885933426,29827.713916450313,29827.08740119187
2024-10-01 09:32:41.700,BTC-USD,Coinbase,29830.220057280236,29831.7565073806,29830.988282330418
2024-10-01 09:32:41.700,BTC-USD,Gemini,29831.147329861637,29830.83288752889,29830.990108695263
2024-10-01 09:32:41.800,BTC-USD,Coinbase,29842.446431920343,29844.11829166651,29843.282361793426
2024-10-01 09:32:41.800,BTC-USD,Gemini,29843.057958035384,29844.627137166754,29843.842547601067
2024-10-01 09:32:41.900,BTC-USD,Gemini,29848.178187812005,29849.437936844133,29848.80806232807
2024-10-01 09:32:41.900,BTC-USD,Coinbase,29847.59805212394,29849.220511462845,29848.409281793392
2024-10-01 09:32:42.000,BTC-USD,Gemini,29843.433515879493,29845.136002604653,29844.284759242073
2024-10-01 09:32:42.000,BTC-USD,Coinbase,29842.87037191783,29844.162499120393,29843.516435519112
2024-10-01 09:32:42.100,BTC-USD,Gemini,29842.168983371404,29844.063397779137,29843.11619057527
2024-10-01 09:32:42.100,BTC-USD,Coinbase,29841.603599861304,29843.238817692934,29842.42120877712
2024-10-01 09:32:42.200,BTC-USD,Coinbase,29837.081175255615,29838.251824515308,29837.66649988546
2024-10-01 09:32:42.200,BTC-USD,Gemini,29837.436796836537,29838.795650545373,29838.116223690955
2024-10-01 09:32:42.300,BTC-USD,Coinbase,29835.897687357272,29837.56779675507,29836.73274205617
2024-10-01 09:32:42.300,BTC-USD,Gemini,29836.495815126735,29838.556095336655,29837.525955231693
2024-10-01 09:32:42.400,BTC-USD,Gemini,29832.16138448706,29831.85016374132,29832.00577411419
2024-10-01 09:32:42.400,BTC-USD,Coinbase,29831.651101938387,29832.841384411793,29832.24624317509
2024-10-01 09:32:42.500,BTC-USD,Gemini,29824.23421861858,29824.39533942798,29824.314779023283
2024-10-01 09:32:42.500,BTC-USD,Coinbase,29823.69290882899,29824.359154831538,29824.026031830264
2024-10-01 09:32:42.600,BTC-USD,Gemini,29825.102181194863,29826.46924176844,29825.78571148165
2024-10-01 09:32:42.600,BTC-USD,Coinbase,29825.39176384439,29827.10615929847,29826.24896157143
2024-10-01 09:32:42.700,BTC-USD,Coinbase,29826.858698154272,29827.59592263628,29827.227310395276
2024-10-01 09:32:42.700,BTC-USD,Gemini,29827.274059571155,29827.656559780673,29827.465309675914
2024-10-01 09:32:42.800,BTC-USD,Gemini,29826.46891059884,29827.98406463121,29827.226487615026
2024-10-01 09:32:42.800,BTC-USD,Coinbase,29825.715627927017,29827.031408300998,29826.373518114007
2024-10-01 09:32:42.900,BTC-USD,Gemini,29826.485034605666,29828.934966490022,29827.710000547842
2024-10-01 09:32:42.900,BTC-USD,Coinbase,29827.304822895705,29828.904562740026,29828.104692817866
2024-10-01 09:32:43.000,BTC-USD,Gemini,29837.748024614215,29838.83533087096,29838.291677742585
2024-10-01 09:32:43.000,BTC-USD,Coinbase,29837.548621329133,29838.993919529643,29838.271270429388
2024-10-01 09:32:43.100,BTC-USD,Gemini,29837.22984873271,29839.126766343306,29838.178307538008
2024-10-01 09:32:43.100,BTC-USD,Coinbase,29838.185958189148,29839.52722948487,29838.85659383701
2024-10-01 09:32:43.200,BTC-USD,Gemini,29835.649093700027,29837.565748356243,29836.607421028137
2024-10-01 09:32:43.200,BTC-USD,Coinbase,29835.981947196353,29837.94712648675,29836.96453684155
2024-10-01 09:32:43.300,BTC-USD,Gemini,29841.42796168647,29841.419789828702,29841.423875757588
2024-10-01 09:32:43.300,BTC-USD,Coinbase,29840.84753118907,29841.74326937948,29841.295400284274
2024-10-01 09:32:43.400,BTC-USD,Gemini,29833.202568017983,29834.36056998783,29833.78156900291
2024-10-01 09:32:43.400,BTC-USD,Coinbase,29832.460245339043,29833.711985695856,29833.08611551745
2024-10-01 09:32:43.500,BTC-USD,Gemini,29835.334522201043,29838.011464610285,29836.672993405664
2024-10-01 09:32:43.500,BTC-USD,Coinbase,29836.046931628134,29837.661635197484,29836.85428341281
2024-10-01 09:32:43.600,BTC-USD,Gemini,29832.41386802558,29834.1247200026,29833.26929401409
2024-10-01 09:32:43.600,BTC-USD,Coinbase,29831.995995315334,29833.96696061135,29832.98147796334
2024-10-01 09:32:43.700,BTC-USD,Gemini,29829.357341762232,29829.18991592551,29829.273628843872
2024-10-01 09:32:43.700,BTC-USD,Coinbase,29828.470557625293,29829.32541756322,29828.897987594257
2024-10-01 09:32:43.800,BTC-USD,Coinbase,29829.172276751953,29829.72327535035,29829.44777605115
2024-10-01 09:32:43.800,BTC-USD,Gemini,29828.841556478623,29828.765858227158,29828.80370735289
2024-10-01 09:32:43.900,BTC-USD,Gemini,29837.916116376233,29839.37062019935,29838.64336828779
2024-10-01 09:32:43.900,BTC-USD,Coinbase,29836.95370368076,29838.665347466645,29837.809525573703
2024-10-01 09:32:44.000,BTC-USD,Gemini,29834.198984615243,29834.34288994366,29834.27093727945
2024-10-01 09:32:44.000,BTC-USD,Coinbase,29833.348328070875,29834.816109209438,29834.082218640156
2024-10-01 09:32:44.100,BTC-USD,Gemini,29837.744664280173,29839.589601456297,29838.667132868235
2024-10-01 09:32:44.100,BTC-USD,Coinbase,29838.259630789416,29839.4296531638,29838.844641976608
2024-10-01 09:32:44.200,BTC-USD,Gemini,29840.22685373192,29841.088362062288,29840.657607897105
2024-10-01 09:32:44.200,BTC-USD,Coinbase,29839.79890229433,29841.668603062106,29840.733752678218
2024-10-01 09:32:44.300,BTC-USD,Gemini,29832.28049705286,29835.285942601804,29833.78321982733
2024-10-01 09:32:44.300,BTC-USD,Coinbase,29832.79569777628,29834.76269000242,29833.77919388935
2024-10-01 09:32:44.400,BTC-USD,Gemini,29837.65553126164,29838.689172779774,29838.17235202071
2024-10-01 09:32:44.400,BTC-USD,Coinbase,29837.830623965172,29838.89014344036,29838.360383702766
2024-10-01 09:32:44.500,BTC-USD,Coinbase,29833.66213492034,29834.79654096067,29834.229337940506
2024-10-01 09:32:44.500,BTC-USD,Gemini,29834.532920366608,29834.864905451726,29834.698912909167
2024-10-01 09:32:44.600,BTC-USD,Coinbase,29826.208084932034,29827.54873720251,29826.87841106727
2024-10-01 09:32:44.600,BTC-USD,Gemini,29825.35546155734,29826.644097001594,29825.999779279467
2024-10-01 09:32:44.700,BTC-USD,Coinbase,29822.381552926818,29823.46076935994,29822.92116114338
2024-10-01 09:32:44.700,BTC-USD,Gemini,29822.72594633689,29824.11908472889,29823.42251553289
2024-10-01 09:32:44.800,BTC-USD,Coinbase,29818.70259411994,29819.868895965665,29819.285745042802
2024-10-01 09:32:44.800,BTC-USD,Gemini,29818.278283203617,29819.080270139628,29818.679276671624
2024-10-01 09:32:44.900,BTC-USD,Coinbase,29821.81933514273,29822.67266721586,29822.246001179294
2024-10-01 09:32:44.900,BTC-USD,Gemini,29821.538190010746,29823.477045568558,29822.50761778965
2024-10-01 09:32:45.000,BTC-USD,Gemini,29817.93953337423,29818.619091733934,29818.27931255408
2024-10-01 09:32:45.000,BTC-USD,Coinbase,29817.710248106046,29819.46286006647,29818.586554086258
2024-10-01 09:32:45.100,BTC-USD,Coinbase,29825.46981666183,29826.638030273705,29826.053923467767
2024-10-01 09:32:45.100,BTC-USD,Gemini,29824.72201278802,29826.720869981604,29825.721441384812
2024-10-01 09:32:45.200,BTC-USD,Coinbase,29826.231271132736,29828.088566108378,29827.159918620557
2024-10-01 09:32:45.200,BTC-USD,Gemini,29827.10166936695,29827.815274106117,29827.458471736536
2024-10-01 09:32:45.300,BTC-USD,Coinbase,29822.70113745607,29824.43321170785,29823.56717458196
2024-10-01 09:32:45.300,BTC-USD,Gemini,29823.098562021398,29824.926687795534,29824.012624908464
2024-10-01 09:32:45.400,BTC-USD,Coinbase,29818.77248931196,29820.017280373533,29819.394884842746
2024-10-01 09:32:45.400,BTC-USD,Gemini,29817.9293563293,29819.099977248636,29818.514666788968
2024-10-01 09:32:45.500,BTC-USD,Gemini,29820.73490362794,29820.005185226135,29820.370044427036
2024-10-01 09:32:45.500,BTC-USD,Coinbase,29820.133369284005,29820.934915858837,29820.53414257142
2024-10-01 09:32:45.600,BTC-USD,Coinbase,29810.12510168765,29810.646886312818,29810.385994000233
2024-10-01 09:32:45.600,BTC-USD,Gemini,29810.2686127509,29811.111594481416,29810.690103616158
2024-10-01 09:32:45.700,BTC-USD,Gemini,29798.347394059107,29799.257348065814,29798.802371062462
2024-10-01 09:32:45.700,BTC-USD,Coinbase,29799.042575086864,29799.961990927095,29799.50228300698
2024-10-01 09:32:45.800,BTC-USD,Gemini,29794.707467059015,29796.191088768323,29795.44927791367
2024-10-01 09:32:45.800,BTC-USD,Coinbase,29794.21995336159,29795.936587361826,29795.078270361708
2024-10-01 09:32:45.900,BTC-USD,Gemini,29797.961117085175,29798.04948275656,29798.005299920867
2024-10-01 09:32:45.900,BTC-USD,Coinbase,29797.560992834602,29798.89218359835,29798.226588216476
2024-10-01 09:32:46.000,BTC-USD,Gemini,29798.843017559317,29800.654616113552,29799.748816836436
2024-10-01 09:32:46.000,BTC-USD,Coinbase,29798.294794331203,29799.94999811836,29799.122396224782
2024-10-01 09:32:46.100,BTC-USD,Coinbase,29798.906699680545,29799.555411602527,29799.231055641536
2024-10-01 09:32:46.100,BTC-USD,Gemini,29798.44362413562,29798.99129730546,29798.717460720538
2024-10-01 09:32:46.200,BTC-USD,Coinbase,29797.34584803691,29798.97705129178,29798.161449664345
2024-10-01 09:32:46.200,BTC-USD,Gemini,29797.30682227847,29799.591715649036,29798.449268963755
2024-10-01 09:32:46.300,BTC-USD,Coinbase,29786.283738145972,29788.26336647224,29787.273552309107
2024-10-01 09:32:46.300,BTC-USD,Gemini,29786.43047626123,29788.489369081522,29787.459922671376
2024-10-01 09:32:46.400,BTC-USD,Coinbase,29785.377942095558,29785.91721975899,29785.647580927274
2024-10-01 09:32:46.400,BTC-USD,Gemini,29784.605851551616,29785.260832723896,29784.933342137756
2024-10-01 09:32:46.500,BTC-USD,Coinbase,29776.421962821787,29777.122182885545,29776.772072853666
2024-10-01 09:32:46.500,BTC-USD,Gemini,29776.08797329667,29777.96666934809,29777.02732132238
2024-10-01 09:32:46.600,BTC-USD,Coinbase,29780.0564805597,29781.837912145103,29780.9471963524
2024-10-01 09:32:46.600,BTC-USD,Gemini,29780.8021126877,29782.23039121678,29781.516251952242
2024-10-01 09:32:46.700,BTC-USD,Coinbase,29780.367326502947,29781.43958833758,29780.903457420263
2024-10-01 09:32:46.700,BTC-USD,Gemini,29779.428711569508,29780.58286301742,29780.005787293463
2024-10-01 09:32:46.800,BTC-USD,Coinbase,29779.962951180092,29780.945301915435,29780.454126547764
2024-10-01 09:32:46.800,BTC-USD,Gemini,29779.62543407978,29780.52890950808,29780.077171793928
2024-10-01 09:32:46.900,BTC-USD,Coinbase,29781.56111713659,29783.335513874998,29782.448315505793
2024-10-01 09:32:46.900,BTC-USD,Gemini,29780.908581117063,29783.510881250608,29782.209731183837
2024-10-01 09:32:47.000,BTC-USD,Gemini,29783.02185349066,29785.856598741182,29784.439226115923
2024-10-01 09:32:47.000,BTC-USD,Coinbase,29783.151795210862,29784.972741456666,29784.062268333764
2024-10-01 09:32:47.100,BTC-USD,Coinbase,29784.229892113566,29786.21885252317,29785.224372318367
2024-10-01 09:32:47.100,BTC-USD,Gemini,29783.276814203222,29786.744782056052,29785.01079812964
2024-10-01 09:32:47.200,BTC-USD,Gemini,29786.788582364963,29788.377875938342,29787.583229151653
2024-10-01 09:32:47.200,BTC-USD,Coinbase,29786.526024055478,29787.401892296475,29786.963958175977
2024-10-01 09:32:47.300,BTC-USD,Gemini,29783.4318275131,29784.50757636511,29783.969701939106
2024-10-01 09:32:47.300,BTC-USD,Coinbase,29783.334325891123,29784.702738165626,29784.018532028374
2024-10-01 09:32:47.400,BTC-USD,Gemini,29776.94775017501,29777.103422040847,29777.025586107928
2024-10-01 09:32:47.400,BTC-USD,Coinbase,29777.017214480275,29777.665583095735,29777.341398788005
2024-10-01 09:32:47.500,BTC-USD,Coinbase,29778.420471913494,29779.676790014666,29779.04863096408
2024-10-01 09:32:47.500,BTC-USD,Gemini,29778.782600439685,29780.106812302627,29779.444706371156
2024-10-01 09:32:47.600,BTC-USD,Gemini,29785.36359855534,29787.984037517923,29786.67381803663
2024-10-01 09:32:47.600,BTC-USD,Coinbase,29785.40138858754,29787.158819305114,29786.280103946327
2024-10-01 09:32:47.700,BTC-USD,Gemini,29789.988514473054,29791.67367409962,29790.83109428634
2024-10-01 09:32:47.700,BTC-USD,Coinbase,29790.837950201512,29791.837181424413,29791.337565812963
2024-10-01 09:32:47.800,BTC-USD,Coinbase,29789.632242627285,29790.900863225852,29790.26655292657
2024-10-01 09:32:47.800,BTC-USD,Gemini,29789.129137357962,29790.06297060987,29789.596053983914
2024-10-01 09:32:47.900,BTC-USD,Coinbase,29792.577680716946,29794.07703677602,29793.327358746483
2024-10-01 09:32:47.900,BTC-USD,Gemini,29793.174207662025,29794.41789117771,29793.796049419867
2024-10-01 09:32:48.000,BTC-USD,Coinbase,29790.82334334407,29791.430560074594,29791.12695170933
2024-10-01 09:32:48.000,BTC-USD,Gemini,29790.266628195106,29790.639842794913,29790.45323549501
2024-10-01 09:32:48.100,BTC-USD,Coinbase,29792.58330205522,29793.51564440951,29793.049473232364
2024-10-01 09:32:48.100,BTC-USD,Gemini,29793.413798260663,29794.293607885145,29793.853703072906
2024-10-01 09:32:48.200,BTC-USD,Coinbase,29789.484933336174,29790.535804613854,29790.010368975014
2024-10-01 09:32:48.200,BTC-USD,Gemini,29790.144267384727,29789.830886258376,29789.98757682155
2024-10-01 09:32:48.300,BTC-USD,Coinbase,29789.77570996397,29791.649606432722,29790.712658198347
2024-10-01 09:32:48.300,BTC-USD,Gemini,29789.977814322225,29791.581280874798,29790.77954759851
2024-10-01 09:32:48.400,BTC-USD,Gemini,29799.68206002399,29801.289238183672,29800.48564910383
2024-10-01 09:32:48.400,BTC-USD,Coinbase,29799.953972681764,29801.497461604773,29800.72571714327
2024-10-01 09:32:48.500,BTC-USD,Gemini,29804.568954210255,29805.20708637414,29804.888020292197
2024-10-01 09:32:48.500,BTC-USD,Coinbase,29803.871074255178,29805.30487308783,29804.587973671503
2024-10-01 09:32:48.600,BTC-USD,Coinbase,29811.650602431437,29812.51096629275,29812.080784362093
2024-10-01 09:32:48.600,BTC-USD,Gemini,29811.477556519563,29812.557547704848,29812.017552112207
2024-10-01 09:32:48.700,BTC-USD,Coinbase,29807.323104343348,29809.10377045801,29808.21343740068
2024-10-01 09:32:48.700,BTC-USD,Gemini,29807.163489884748,29810.004922550637,29808.584206217693
2024-10-01 09:32:48.800,BTC-USD,Coinbase,29804.363419671794,29805.202479222342,29804.782949447068
2024-10-01 09:32:48.800,BTC-USD,Gemini,29803.483418203487,29805.888062779974,29804.685740491732
2024-10-01 09:32:48.900,BTC-USD,Gemini,29804.092323213514,29806.104528593074,29805.098425903292
2024-10-01 09:32:48.900,BTC-USD,Coinbase,29803.75762660297,29805.412557303604,29804.585091953286
2024-10-01 09:32:49.000,BTC-USD,Coinbase,29806.914069078986,29807.823576418195,29807.36882274859
2024-10-01 09:32:49.000,BTC-USD,Gemini,29806.021111537313,29808.766954972805,29807.39403325506
2024-10-01 09:32:49.100,BTC-USD,Gemini,29805.797209416985,29807.059088003123,29806.428148710052
2024-10-01 09:32:49.100,BTC-USD,Coinbase,29805.3653107727,29807.28684014181,29806.326075457255
2024-10-01 09:32:49.200,BTC-USD,Gemini,29810.399375181878,29810.775768245257,29810.587571713568
2024-10-01 09:32:49.200,BTC-USD,Coinbase,29811.102502440976,29811.68286368753,29811.392683064252
2024-10-01 09:32:49.300,BTC-USD,Coinbase,29808.3060269593,29808.974050584464,29808.640038771882
2024-10-01 09:32:49.300,BTC-USD,Gemini,29807.980200469363,29809.428835701816,29808.70451808559
2024-10-01 09:32:49.400,BTC-USD,Coinbase,29814.520918360373,29816.360589951168,29815.44075415577
2024-10-01 09:32:49.400,BTC-USD,Gemini,29814.24312517394,29817.354186745884,29815.798655959912
2024-10-01 09:32:49.500,BTC-USD,Coinbase,29819.908525555355,29820.656616317105,29820.28257093623
2024-10-01 09:32:49.500,BTC-USD,Gemini,29820.08466532363,29820.154427691985,29820.119546507805
2024-10-01 09:32:49.600,BTC-USD,Coinbase,29814.013817420502,29815.393322401058,29814.70356991078
2024-10-01 09:32:49.600,BTC-USD,Gemini,29814.797753129085,29815.84499529781,29815.321374213447
2024-10-01 09:32:49.700,BTC-USD,Coinbase,29817.099094142857,29818.137714305984,29817.61840422442
2024-10-01 09:32:49.700,BTC-USD,Gemini,29817.191035116306,29817.799232799538,29817.49513395792
2024-10-01 09:32:49.800,BTC-USD,Gemini,29815.890334674263,29816.284651042028,29816.087492858147
2024-10-01 09:32:49.800,BTC-USD,Coinbase,29815.815060017623,29817.18165683742,29816.49835842752
2024-10-01 09:32:49.900,BTC-USD,Gemini,29820.68234988634,29822.20721471686,29821.4447823016
2024-10-01 09:32:49.900,BTC-USD,Coinbase,29820.881982302075,29822.302492159484,29821.59223723078
2024-10-01 09:32:50.000,BTC-USD,Coinbase,29818.29878440195,29819.510034421153,29818.904409411552
2024-10-01 09:32:50.000,BTC-USD,Gemini,29819.177128515978,29819.50832954535,29819.342729030664
2024-10-01 09:32:50.100,BTC-USD,Gemini,29819.86509143571,29820.308453681915,29820.08677255881
2024-10-01 09:32:50.100,BTC-USD,Coinbase,29819.837240352765,29821.082729371516,29820.45998486214
2024-10-01 09:32:50.200,BTC-USD,Coinbase,29822.38549212391,29823.99160327203,29823.18854769797
2024-10-01 09:32:50.200,BTC-USD,Gemini,29821.61107526388,29823.77438209895,29822.692728681417
2024-10-01 09:32:50.300,BTC-USD,Gemini,29808.309651242216,29808.858452365126,29808.58405180367
2024-10-01 09:32:50.300,BTC-USD,Coinbase,29809.032029147933,29809.8061137106,29809.419071429267
2024-10-01 09:32:50.400,BTC-USD,Coinbase,29799.242279911174,29800.79295654437,29800.017618227772
2024-10-01 09:32:50.400,BTC-USD,Gemini,29799.35039405838,29801.061454912604,29800.20592448549
2024-10-01 09:32:50.500,BTC-USD,Gemini,29800.335125571677,29800.03856316506,29800.18684436837
2024-10-01 09:32:50.500,BTC-USD,Coinbase,29800.383638987507,29800.930518472072,29800.65707872979
2024-10-01 09:32:50.600,BTC-USD,Gemini,29798.41025752027,29800.381119049132,29799.3956882847
2024-10-01 09:32:50.600,BTC-USD,Coinbase,29799.183609346735,29800.866389122013,29800.024999234374
2024-10-01 09:32:50.700,BTC-USD,Gemini,29803.555295494534,29805.39694707314,29804.476121283835
2024-10-01 09:32:50.700,BTC-USD,Coinbase,29804.54921170445,29805.658096329236,29805.103654016842
2024-10-01 09:32:50.800,BTC-USD,Gemini,29805.98037264923,29807.043540629995,29806.51195663961
2024-10-01 09:32:50.800,BTC-USD,Coinbase,29805.471473933187,29806.995661075936,29806.23356750456
2024-10-01 09:32:50.900,BTC-USD,Gemini,29799.403636777202,29799.917020716042,29799.66032874662
2024-10-01 09:32:50.900,BTC-USD,Coinbase,29799.517225985597,29800.2407673091,29799.87899664735
2024-10-01 09:32:51.000,BTC-USD,Coinbase,29800.548752520368,29802.491907581392,29801.52033005088
2024-10-01 09:32:51.000,BTC-USD,Gemini,29800.406889036833,29801.512364064365,29800.959626550597
2024-10-01 09:32:51.100,BTC-USD,Gemini,29796.720741792506,29799.681520732986,29798.201131262744
2024-10-01 09:32:51.100,BTC-USD,Coinbase,29796.826212143813,29798.709594326163,29797.767903234988
2024-10-01 09:32:51.200,BTC-USD,Gemini,29796.18219011496,29797.261569072747,29796.721879593853
2024-10-01 09:32:51.200,BTC-USD,Coinbase,29795.713097836175,29797.52656106843,29796.619829452302
2024-10-01 09:32:51.300,BTC-USD,Gemini,29792.675459676073,29794.16810639796,29793.421783037018
2024-10-01 09:32:51.300,BTC-USD,Coinbase,29793.212558424515,29794.936445498402,29794.07450196146
2024-10-01 09:32:51.400,BTC-USD,Coinbase,29795.004371385392,29796.630282093563,29795.817326739478
2024-10-01 09:32:51.400,BTC-USD,Gemini,29794.820730854797,29797.248914330907,29796.034822592854
2024-10-01 09:32:51.500,BTC-USD,Coinbase,29788.442591888434,29788.97337834864,29788.707985118537
2024-10-01 09:32:51.500,BTC-USD,Gemini,29788.344538830846,29788.304195001692,29788.32436691627
2024-10-01 09:32:51.600,BTC-USD,Gemini,29783.265794839426,29782.82302532328,29783.044410081355
2024-10-01 09:32:51.600,BTC-USD,Coinbase,29782.504907193215,29783.70844958289,29783.106678388052
2024-10-01 09:32:51.700,BTC-USD,Coinbase,29771.5785340385,29772.391792185754,29771.985163112127
2024-10-01 09:32:51.700,BTC-USD,Gemini,29771.007785521422,29772.1716634848,29771.589724503112
2024-10-01 09:32:51.800,BTC-USD,Gemini,29782.647580162484,29782.19902757336,29782.423303867923
2024-10-01 09:32:51.800,BTC-USD,Coinbase,29782.399504180907,29783.010012732284,29782.704758456595
2024-10-01 09:32:51.900,BTC-USD,Gemini,29776.65770183033,29779.181788162547,29777.919744996438
2024-10-01 09:32:51.900,BTC-USD,Coinbase,29776.937462179736,29778.482970921843,29777.71021655079
2024-10-01 09:32:52.000,BTC-USD,Gemini,29772.531789974502,29775.339695793657,29773.93574288408
2024-10-01 09:32:52.000,BTC-USD,Coinbase,29772.396388673325,29774.385391782977,29773.39089022815
2024-10-01 09:32:52.100,BTC-USD,Gemini,29767.608110877016,29768.445449516443,29768.026780196727
2024-10-01 09:32:52.100,BTC-USD,Coinbase,29766.636871601488,29768.59566336172,29767.616267481604
2024-10-01 09:32:52.200,BTC-USD,Coinbase,29763.84996186683,29764.938059912885,29764.394010889857
2024-10-01 09:32:52.200,BTC-USD,Gemini,29763.128317723593,29764.852961621054,29763.990639672324
2024-10-01 09:32:52.300,BTC-USD,Gemini,29761.69014225643,29761.95471966508,29761.822430960754
2024-10-01 09:32:52.300,BTC-USD,Coinbase,29761.779103250545,29762.622968292493,29762.20103577152
2024-10-01 09:32:52.400,BTC-USD,Gemini,29765.30431174963,29765.71199689022,29765.508154319927
2024-10-01 09:32:52.400,BTC-USD,Coinbase,29764.571287815797,29765.976018109704,29765.27365296275
2024-10-01 09:32:52.500,BTC-USD,Gemini,29765.891849329455,29767.459079754368,29766.675464541913
2024-10-01 09:32:52.500,BTC-USD,Coinbase,29765.801435597936,29766.504956172783,29766.15319588536
2024-10-01 09:32:52.600,BTC-USD,Gemini,29767.53387050991,29769.50559413817,29768.51973232404
2024-10-01 09:32:52.600,BTC-USD,Coinbase,29766.93098671074,29768.65785059307,29767.794418651905
2024-10-01 09:32:52.700,BTC-USD,Gemini,29763.108414327296,29765.975015888293,29764.541715107793
2024-10-01 09:32:52.700,BTC-USD,Coinbase,29763.917250741142,29765.760711607807,29764.838981174475
2024-10-01 09:32:52.800,BTC-USD,Coinbase,29763.763156227174,29765.1818741235,29764.472515175337
2024-10-01 09:32:52.800,BTC-USD,Gemini,29763.82167698232,29765.49530892884,29764.65849295558
2024-10-01 09:32:52.900,BTC-USD,Coinbase,29769.647398497975,29771.472637210405,29770.56001785419
2024-10-01 09:32:52.900,BTC-USD,Gemini,29770.25830072784,29770.60873465458,29770.43351769121
2024-10-01 09:32:53.000,BTC-USD,Coinbase,29770.043844032127,29770.847103549535,29770.44547379083
2024-10-01 09:32:53.000,BTC-USD,Gemini,29769.375546989708,29770.277311397218,29769.82642919346
2024-10-01 09:32:53.100,BTC-USD,Gemini,29770.738131698654,29771.90155974775,29771.3198457232
2024-10-01 09:32:53.100,BTC-USD,Coinbase,29771.065134533237,29772.88203700234,29771.973585767788
2024-10-01 09:32:53.200,BTC-USD,Coinbase,29761.334345463496,29762.314168134522,29761.82425679901
2024-10-01 09:32:53.200,BTC-USD,Gemini,29761.848850181363,29761.966132788075,29761.90749148472
2024-10-01 09:32:53.300,BTC-USD,Gemini,29763.535169380142,29765.447450315944,29764.491309848043
2024-10-01 09:32:53.300,BTC-USD,Coinbase,29763.773057630387,29765.040377057965,29764.406717344176
2024-10-01 09:32:53.400,BTC-USD,Coinbase,29764.754071585343,29766.637262726388,29765.695667155866
2024-10-01 09:32:53.400,BTC-USD,Gemini,29765.37043523512,29767.218429780078,29766.2944325076
2024-10-01 09:32:53.500,BTC-USD,Gemini,29770.954398991496,29772.89289006707,29771.923644529285
2024-10-01 09:32:53.500,BTC-USD,Coinbase,29771.504977323348,29772.76175571257,29772.13336651796
2024-10-01 09:32:53.600,BTC-USD,Coinbase,29757.51881813673,29759.220222241387,29758.36952018906
2024-10-01 09:32:53.600,BTC-USD,Gemini,29757.656779107598,29760.10577178666,29758.88127544713
2024-10-01 09:32:53.700,BTC-USD,Coinbase,29758.068559445233,29758.890233478418,29758.479396461826
2024-10-01 09:32:53.700,BTC-USD,Gemini,29757.448050548042,29758.965929084086,29758.206989816063
2024-10-01 09:32:53.800,BTC-USD,Coinbase,29757.550213481685,29758.12171000029,29757.835961740988
2024-10-01 09:32:53.800,BTC-USD,Gemini,29758.36781315696,29757.318820422337,29757.84331678965
2024-10-01 09:32:53.900,BTC-USD,Coinbase,29757.259283232386,29759.174599073885,29758.216941153136
2024-10-01 09:32:53.900,BTC-USD,Gemini,29757.662949853595,29758.3187950816,29757.9908724676
2024-10-01 09:32:54.000,BTC-USD,Coinbase,29754.082263853095,29755.960973767724,29755.02161881041
2024-10-01 09:32:54.000,BTC-USD,Gemini,29754.1576734162,29755.41395503528,29754.78581422574
2024-10-01 09:32:54.100,BTC-USD,Gemini,29754.39875100306,29757.732575413524,29756.06566320829
2024-10-01 09:32:54.100,BTC-USD,Coinbase,29755.1740732309,29756.8506816224,29756.01237742665
2024-10-01 09:32:54.200,BTC-USD,Coinbase,29758.834239999815,29760.078495833928,29759.45636791687
2024-10-01 09:32:54.200,BTC-USD,Gemini,29759.632532149815,29760.775745510284,29760.20413883005
2024-10-01 09:32:54.300,BTC-USD,Gemini,29758.1876709411,29759.913743481044,29759.05070721107
2024-10-01 09:32:54.300,BTC-USD,Coinbase,29759.184229886727,29760.031015314744,29759.607622600735
2024-10-01 09:32:54.400,BTC-USD,Gemini,29758.72856083616,29758.82919513392,29758.778877985038
2024-10-01 09:32:54.400,BTC-USD,Coinbase,29757.78317566303,29758.344234321467,29758.063704992248
2024-10-01 09:32:54.500,BTC-USD,Gemini,29756.636281762523,29757.933259217996,29757.28477049026
2024-10-01 09:32:54.500,BTC-USD,Coinbase,29756.02597794994,29757.81220182139,29756.919089885665
2024-10-01 09:32:54.600,BTC-USD,Coinbase,29753.972951069703,29755.8171779191,29754.8950644944
2024-10-01 09:32:54.600,BTC-USD,Gemini,29753.932024196634,29755.777021813512,29754.854523005073
2024-10-01 09:32:54.700,BTC-USD,Coinbase,29754.575849439323,29755.43861138472,29755.007230412022
2024-10-01 09:32:54.700,BTC-USD,Gemini,29754.4801165489,29756.0660507428,29755.27308364585
2024-10-01 09:32:54.800,BTC-USD,Coinbase,29750.585159226415,29752.068953290312,29751.327056258364
2024-10-01 09:32:54.800,BTC-USD,Gemini,29750.59757377792,29751.574936249315,29751.086255013615
2024-10-01 09:32:54.900,BTC-USD,Gemini,29741.36400160365,29742.093616941525,29741.728809272587
2024-10-01 09:32:54.900,BTC-USD,Coinbase,29740.647924488967,29741.90603898036,29741.276981734663
2024-10-01 09:32:55.000,BTC-USD,Coinbase,29747.338130935364,29748.57567122028,29747.95690107782
2024-10-01 09:32:55.000,BTC-USD,Gemini,29746.949471583026,29747.834522480614,29747.39199703182
2024-10-01 09:32:55.100,BTC-USD,Coinbase,29738.45366446198,29739.67704785188,29739.06535615693
2024-10-01 09:32:55.100,BTC-USD,Gemini,29737.94514766754,29738.93929743387,29738.442222550704
2024-10-01 09:32:55.200,BTC-USD,Gemini,29737.37950628493,29738.815839652838,29738.097672968885
2024-10-01 09:32:55.200,BTC-USD,Coinbase,29737.725981544114,29738.994810007716,29738.360395775915
2024-10-01 09:32:55.300,BTC-USD,Coinbase,29731.418067004062,29732.016628180176,29731.71734759212
2024-10-01 09:32:55.300,BTC-USD,Gemini,29730.598522779164,29732.867081827615,29731.73280230339
2024-10-01 09:32:55.400,BTC-USD,Coinbase,29729.74195919305,29730.57970716903,29730.16083318104
2024-10-01 09:32:55.400,BTC-USD,Gemini,29729.967623372653,29730.28354177838,29730.125582575514
2024-10-01 09:32:55.500,BTC-USD,Coinbase,29724.77849899398,29725.632621471337,29725.205560232658
2024-10-01 09:32:55.500,BTC-USD,Gemini,29725.010398255272,29725.889978760704,29725.450188507988
2024-10-01 09:32:55.600,BTC-USD,Coinbase,29724.30481254481,29725.406903683128,29724.85585811397
2024-10-01 09:32:55.600,BTC-USD,Gemini,29724.759962616936,29725.967060306197,29725.363511461568
2024-10-01 09:32:55.700,BTC-USD,Gemini,29719.35457004055,29721.04058730913,29720.197578674837
2024-10-01 09:32:55.700,BTC-USD,Coinbase,29719.971956600024,29721.051759716076,29720.51185815805
2024-10-01 09:32:55.800,BTC-USD,Gemini,29713.666029094078,29715.794005600437,29714.730017347258
2024-10-01 09:32:55.800,BTC-USD,Coinbase,29712.89879247398,29714.87049673958,29713.88464460678
2024-10-01 09:32:55.900,BTC-USD,Gemini,29713.48169880215,29717.069215803112,29715.275457302632
2024-10-01 09:32:55.900,BTC-USD,Coinbase,29714.338281832468,29716.226568272665,29715.282425052566
2024-10-01 09:32:56.000,BTC-USD,Coinbase,29721.027589183446,29722.574084934,29721.800837058723
2024-10-01 09:32:56.000,BTC-USD,Gemini,29720.132658335107,29723.12864005948,29721.630649197294
2024-10-01 09:32:56.100,BTC-USD,Coinbase,29722.847445843614,29723.902795560618,29723.375120702116
2024-10-01 09:32:56.100,BTC-USD,Gemini,29722.792646751514,29723.051423458135,29722.922035104824
2024-10-01 09:32:56.200,BTC-USD,Coinbase,29723.0865486599,29724.43203073382,29723.75928969686
2024-10-01 09:32:56.200,BTC-USD,Gemini,29723.209726768775,29725.28009763234,29724.244912200556
2024-10-01 09:32:56.300,BTC-USD,Coinbase,29717.720677401183,29718.939067428746,29718.329872414964
2024-10-01 09:32:56.300,BTC-USD,Gemini,29717.843761910084,29718.559118727953,29718.20144031902
2024-10-01 09:32:56.400,BTC-USD,Gemini,29716.57433253168,29718.15870377706,29717.36651815437
2024-10-01 09:32:56.400,BTC-USD,Coinbase,29717.21515486409,29718.269485248034,29717.742320056062
2024-10-01 09:32:56.500,BTC-USD,Gemini,29717.980073688286,29720.47096563391,29719.2255196611
2024-10-01 09:32:56.500,BTC-USD,Coinbase,29718.907907458153,29720.689906855223,29719.798907156688
2024-10-01 09:32:56.600,BTC-USD,Coinbase,29715.533107908424,29717.19330885864,29716.363208383533
2024-10-01 09:32:56.600,BTC-USD,Gemini,29716.14371448205,29716.68669901947,29716.41520675076
2024-10-01 09:32:56.700,BTC-USD,Coinbase,29719.892618211146,29721.463499224563,29720.678058717855
2024-10-01 09:32:56.700,BTC-USD,Gemini,29719.294335860468,29722.030638472163,29720.662487166315
2024-10-01 09:32:56.800,BTC-USD,Coinbase,29719.758359645817,29720.81559161002,29720.286975627918
2024-10-01 09:32:56.800,BTC-USD,Gemini,29719.088532076137,29721.365484289916,29720.22700818303
2024-10-01 09:32:56.900,BTC-USD,Coinbase,29721.31065267771,29722.416012428544,29721.863332553126
2024-10-01 09:32:56.900,BTC-USD,Gemini,29721.501675204036,29721.6818179142,29721.59174655912
2024-10-01 09:32:57.000,BTC-USD,Gemini,29718.82630850986,29720.29155596873,29719.558932239295
2024-10-01 09:32:57.000,BTC-USD,Coinbase,29718.662578458665,29719.703407747787,29719.182993103226
2024-10-01 09:32:57.100,BTC-USD,Coinbase,29715.76955191532,29717.30169393457,29716.535622924945
2024-10-01 09:32:57.100,BTC-USD,Gemini,29716.73989189279,29718.056926560803,29717.398409226797
2024-10-01 09:32:57.200,BTC-USD,Coinbase,29716.633206678584,29718.23764816775,29717.435427423166
2024-10-01 09:32:57.200,BTC-USD,Gemini,29717.094083547312,29718.01901759135,29717.55655056933
2024-10-01 09:32:57.300,BTC-USD,Coinbase,29718.298640221852,29720.011536230333,29719.155088226093
2024-10-01 09:32:57.300,BTC-USD,Gemini,29718.216437929383,29720.757251923304,29719.486844926345
2024-10-01 09:32:57.400,BTC-USD,Gemini,29719.902644640668,29721.53342248233,29720.718033561498
2024-10-01 09:32:57.400,BTC-USD,Coinbase,29720.00658717264,29721.356816958854,29720.681702065747
2024-10-01 09:32:57.500,BTC-USD,Gemini,29714.47688949537,29716.776741256086,29715.626815375726
2024-10-01 09:32:57.500,BTC-USD,Coinbase,29714.908849977553,29715.854599133418,29715.381724555486
2024-10-01 09:32:57.600,BTC-USD,Gemini,29710.036098927383,29713.10845077127,29711.572274849328
2024-10-01 09:32:57.600,BTC-USD,Coinbase,29710.64323866045,29712.344896884504,29711.494067772477
2024-10-01 09:32:57.700,BTC-USD,Coinbase,29710.450133456965,29711.883438219164,29711.166785838064
2024-10-01 09:32:57.700,BTC-USD,Gemini,29710.731373608625,29712.26362636519,29711.49749998691
2024-10-01 09:32:57.800,BTC-USD,Gemini,29701.113028797674,29702.569477985166,29701.84125339142
2024-10-01 09:32:57.800,BTC-USD,Coinbase,29700.683940442792,29702.62880531038,29701.656372876587
2024-10-01 09:32:57.900,BTC-USD,Coinbase,29706.121188234134,29707.18061070603,29706.65089947008
2024-10-01 09:32:57.900,BTC-USD,Gemini,29706.70179350051,29706.79027384704,29706.746033673775
2024-10-01 09:32:58.000,BTC-USD,Gemini,29707.74875568254,29708.225001893166,29707.98687878785
2024-10-01 09:32:58.000,BTC-USD,Coinbase,29707.62747990025,29708.37274121862,29708.000110559435
2024-10-01 09:32:58.100,BTC-USD,Gemini,29707.75695212752,29708.807523129686,29708.282237628606
2024-10-01 09:32:58.100,BTC-USD,Coinbase,29707.087626787237,29708.844361711657,29707.965994249447
2024-10-01 09:32:58.200,BTC-USD,Coinbase,29703.90719189674,29704.409873719836,29704.158532808287
2024-10-01 09:32:58.200,BTC-USD,Gemini,29703.611572216723,29703.87334693911,29703.742459577916
2024-10-01 09:32:58.300,BTC-USD,Gemini,29708.45448040355,29709.342971497044,29708.898725950297
2024-10-01 09:32:58.300,BTC-USD,Coinbase,29707.64998559153,29708.389591144623,29708.019788368078
2024-10-01 09:32:58.400,BTC-USD,Gemini,29705.374093270693,29708.00186212619,29706.687977698442
2024-10-01 09:32:58.400,BTC-USD,Coinbase,29705.70370073606,29707.117219953867,29706.410460344963
2024-10-01 09:32:58.500,BTC-USD,Gemini,29715.712238049597,29716.48012105833,29716.096179553962
2024-10-01 09:32:58.500,BTC-USD,Coinbase,29714.895856609037,29716.431697679545,29715.66377714429
2024-10-01 09:32:58.600,BTC-USD,Gemini,29716.331097299142,29718.012481843125,29717.171789571134
2024-10-01 09:32:58.600,BTC-USD,Coinbase,29716.94161309531,29717.820607849266,29717.381110472288
2024-10-01 09:32:58.700,BTC-USD,Gemini,29708.71883365627,29710.180512466002,29709.449673061135
2024-10-01 09:32:58.700,BTC-USD,Coinbase,29709.400414072163,29709.95010711627,29709.675260594217
2024-10-01 09:32:58.800,BTC-USD,Coinbase,29712.395847535838,29713.727230146447,29713.061538841142
2024-10-01 09:32:58.800,BTC-USD,Gemini,29712.180014766305,29714.244925430576,29713.212470098442
2024-10-01 09:32:58.900,BTC-USD,Coinbase,29709.33591840797,29711.004878658907,29710.17039853344
2024-10-01 09:32:58.900,BTC-USD,Gemini,29708.398009338493,29710.768924948046,29709.583467143268
2024-10-01 09:32:59.000,BTC-USD,Gemini,29706.610272769434,29708.29832839135,29707.454300580393
2024-10-01 09:32:59.000,BTC-USD,Coinbase,29706.318168689875,29708.305283142043,29707.31172591596
2024-10-01 09:32:59.100,BTC-USD,Coinbase,29705.364862372295,29706.330488665964,29705.84767551913
2024-10-01 09:32:59.100,BTC-USD,Gemini,29705.485691286853,29706.69049809955,29706.0880946932
2024-10-01 09:32:59.200,BTC-USD,Coinbase,29704.457210076056,29705.416587023356,29704.936898549706
2024-10-01 09:32:59.200,BTC-USD,Gemini,29705.032239303022,29704.91822547711,29704.97523239007
2024-10-01 09:32:59.300,BTC-USD,Coinbase,29705.15615947103,29706.716725123508,29705.93644229727
2024-10-01 09:32:59.300,BTC-USD,Gemini,29705.01005695852,29706.739825250752,29705.874941104637
2024-10-01 09:32:59.400,BTC-USD,Coinbase,29708.6458202637,29710.324141418983,29709.484980841342
2024-10-01 09:32:59.400,BTC-USD,Gemini,29708.78068759528,29710.056543470168,29709.418615532726
2024-10-01 09:32:59.500,BTC-USD,Gemini,29710.06354811553,29712.33417611536,29711.198862115445
2024-10-01 09:32:59.500,BTC-USD,Coinbase,29711.024506756894,29711.95555397552,29711.490030366207
2024-10-01 09:32:59.600,BTC-USD,Gemini,29707.09687912054,29707.844770251177,29707.470824685857
2024-10-01 09:32:59.600,BTC-USD,Coinbase,29707.265981014523,29707.931487461774,29707.59873423815
2024-10-01 09:32:59.700,BTC-USD,Gemini,29701.117878464658,29701.166339760348,29701.1421091125
2024-10-01 09:32:59.700,BTC-USD,Coinbase,29700.13284906761,29701.008972972908,29700.57091102026
2024-10-01 09:32:59.800,BTC-USD,Gemini,29696.450882439945,29697.644206590332,29697.04754451514
2024-10-01 09:32:59.800,BTC-USD,Coinbase,29695.825260033555,29696.700436912295,29696.262848472925
2024-10-01 09:32:59.900,BTC-USD,Coinbase,29697.15291022686,29698.422603208564,29697.787756717713
2024-10-01 09:32:59.900,BTC-USD,Gemini,29696.782884762026,29699.30614792073,29698.04451634138
2024-10-01 09:33:00.000,BTC-USD,Coinbase,29701.453264680742,29702.243300651346,29701.848282666044
2024-10-01 09:33:00.000,BTC-USD,Gemini,29700.754487693717,29702.99853100933,29701.876509351525
2024-10-01 09:33:00.100,BTC-USD,Gemini,29710.055343762422,29710.64614045456,29710.35074210849
2024-10-01 09:33:00.100,BTC-USD,Coinbase,29710.26062947289,29710.87227284196,29710.566451157425
2024-10-01 09:33:00.200,BTC-USD,Gemini,29701.64399879441,29704.430562692876,29703.037280743643
2024-10-01 09:33:00.200,BTC-USD,Coinbase,29702.576266156957,29704.524312596677,29703.550289376817
2024-10-01 09:33:00.300,BTC-USD,Gemini,29702.253090379123,29703.688019251,29702.97055481506
2024-10-01 09:33:00.300,BTC-USD,Coinbase,29702.9577708494,29704.367377226048,29703.662574037724
2024-10-01 09:33:00.400,BTC-USD,Gemini,29701.45568400287,29703.478085849634,29702.466884926253
2024-10-01 09:33:00.400,BTC-USD,Coinbase,29701.968763332126,29702.494642181784,29702.231702756955
2024-10-01 09:33:00.500,BTC-USD,Gemini,29698.78033181365,29701.43322702197,29700.10677941781
2024-10-01 09:33:00.500,BTC-USD,Coinbase,29699.146835737964,29700.719350787673,29699.933093262818
2024-10-01 09:33:00.600,BTC-USD,Coinbase,29699.947789490696,29700.720050900294,29700.333920195495
2024-10-01 09:33:00.600,BTC-USD,Gemini,29700.22401841346,29701.373179574508,29700.798598993984
2024-10-01 09:33:00.700,BTC-USD,Coinbase,29698.256627252642,29699.349615153875,29698.80312120326
2024-10-01 09:33:00.700,BTC-USD,Gemini,29699.19629812435,29700.28819379943,29699.74224596189
2024-10-01 09:33:00.800,BTC-USD,Coinbase,29696.516599331648,29697.839975442315,29697.17828738698
2024-10-01 09:33:00.800,BTC-USD,Gemini,29696.415042888006,29697.77480341292,29697.094923150464
2024-10-01 09:33:00.900,BTC-USD,Gemini,29692.475347647924,29693.5373170738,29693.006332360863
2024-10-01 09:33:00.900,BTC-USD,Coinbase,29692.852006684516,29694.45092259389,29693.651464639202
2024-10-01 09:33:01.000,BTC-USD,Gemini,29693.623633905805,29695.98328062079,29694.803457263297
2024-10-01 09:33:01.000,BTC-USD,Coinbase,29694.364421061106,29696.309137428307,29695.336779244706
2024-10-01 09:33:01.100,BTC-USD,Gemini,29699.68877286972,29700.19361290784,29699.94119288878
2024-10-01 09:33:01.100,BTC-USD,Coinbase,29699.881452939022,29700.75821700199,29700.319834970505
2024-10-01 09:33:01.200,BTC-USD,Coinbase,29707.91318830048,29708.472993262956,29708.19309078172
2024-10-01 09:33:01.200,BTC-USD,Gemini,29708.036553841906,29708.92490679678,29708.480730319345
2024-10-01 09:33:01.300,BTC-USD,Coinbase,29704.86939008561,29705.669573234045,29705.269481659827
2024-10-01 09:33:01.300,BTC-USD,Gemini,29705.68403606439,29706.16029397922,29705.922165021806
2024-10-01 09:33:01.400,BTC-USD,Gemini,29699.33274797501,29699.70416842644,29699.518458200728
2024-10-01 09:33:01.400,BTC-USD,Coinbase,29699.2070687816,29700.201291226665,29699.704180004133
2024-10-01 09:33:01.500,BTC-USD,Coinbase,29697.6839990525,29698.509742368533,29698.096870710517
2024-10-01 09:33:01.500,BTC-USD,Gemini,29696.74084107184,29699.03571830223,29697.88827968704
2024-10-01 09:33:01.600,BTC-USD,Gemini,29692.9089489958,29693.814936443217,29693.361942719508
2024-10-01 09:33:01.600,BTC-USD,Coinbase,29693.05909140371,29694.192780412588,29693.62593590815
2024-10-01 09:33:01.700,BTC-USD,Gemini,29697.389241379693,29698.239710726575,29697.814476053136
2024-10-01 09:33:01.700,BTC-USD,Coinbase,29697.906473744373,29699.04812220434,29698.477297974357
2024-10-01 09:33:01.800,BTC-USD,Gemini,29692.247391199366,29695.897395173066,29694.072393186216
2024-10-01 09:33:01.800,BTC-USD,Coinbase,29693.123717680992,29695.046143584517,29694.084930632755
2024-10-01 09:33:01.900,BTC-USD,Coinbase,29693.197629705173,29695.122556824295,29694.160093264734
2024-10-01 09:33:01.900,BTC-USD,Gemini,29693.716680752208,29695.450341718413,29694.58351123531
2024-10-01 09:33:02.000,BTC-USD,Coinbase,29686.56822714103,29687.724552123047,29687.14638963204
2024-10-01 09:33:02.000,BTC-USD,Gemini,29687.041051266857,29686.92347611215,29686.982263689504
2024-10-01 09:33:02.100,BTC-USD,Coinbase,29684.5796992674,29685.624851768865,29685.102275518133
2024-10-01 09:33:02.100,BTC-USD,Gemini,29684.07128163379,29684.785505710883,29684.428393672337
2024-10-01 09:33:02.200,BTC-USD,Gemini,29685.78679858463,29687.666793656816,29686.726796120725
2024-10-01 09:33:02.200,BTC-USD,Coinbase,29684.849779515695,29686.675995419835,29685.762887467765
2024-10-01 09:33:02.300,BTC-USD,Coinbase,29692.337599800834,29693.88907575018,29693.113337775507
2024-10-01 09:33:02.300,BTC-USD,Gemini,29692.686405915556,29694.818063467865,29693.75223469171
2024-10-01 09:33:02.400,BTC-USD,Coinbase,29688.437125156368,29690.26822665182,29689.352675904094
2024-10-01 09:33:02.400,BTC-USD,Gemini,29687.834754352145,29689.36023512473,29688.59749473844
2024-10-01 09:33:02.500,BTC-USD,Gemini,29689.69454941331,29690.7061345476,29690.200341980453
2024-10-01 09:33:02.500,BTC-USD,Coinbase,29690.336117526505,29691.470886778447,29690.903502152476
2024-10-01 09:33:02.600,BTC-USD,Gemini,29680.58425238576,29679.727798141557,29680.15602526366
2024-10-01 09:33:02.600,BTC-USD,Coinbase,29679.948213194777,29680.480865432324,29680.21453931355
2024-10-01 09:33:02.700,BTC-USD,Coinbase,29673.404293974734,29674.35224876388,29673.878271369307
2024-10-01 09:33:02.700,BTC-USD,Gemini,29674.40396796237,29674.034323022915,29674.219145492643
2024-10-01 09:33:02.800,BTC-USD,Gemini,29668.18489124264,29670.725502757174,29669.45519699991
2024-10-01 09:33:02.800,BTC-USD,Coinbase,29669.10353098796,29669.90530902319,29669.504420005575
2024-10-01 09:33:02.900,BTC-USD,Gemini,29665.984771669642,29666.528298890695,29666.25653528017
2024-10-01 09:33:02.900,BTC-USD,Coinbase,29665.992124440487,29667.423645604937,29666.70788502271
2024-10-01 09:33:03.000,BTC-USD,Coinbase,29667.86650593907,29669.251894139838,29668.559200039454
2024-10-01 09:33:03.000,BTC-USD,Gemini,29667.860973229584,29668.848151266924,29668.354562248256
2024-10-01 09:33:03.100,BTC-USD,Gemini,29670.74603085223,29671.552898548558,29671.149464700393
2024-10-01 09:33:03.100,BTC-USD,Coinbase,29671.08003647546,29671.745501606543,29671.412769041002
2024-10-01 09:33:03.200,BTC-USD,Coinbase,29662.212412235895,29663.91443941981,29663.06342582785
2024-10-01 09:33:03.200,BTC-USD,Gemini,29661.661403283742,29664.007313043032,29662.83435816339
2024-10-01 09:33:03.300,BTC-USD,Gemini,29664.937240343075,29665.709173848114,29665.323207095593
2024-10-01 09:33:03.300,BTC-USD,Coinbase,29664.642682202924,29666.16430217972,29665.403492191323
2024-10-01 09:33:03.400,BTC-USD,Coinbase,29658.956627766063,29660.077747566553,29659.517187666308
2024-10-01 09:33:03.400,BTC-USD,Gemini,29658.883557885747,29660.017746711408,29659.450652298576
2024-10-01 09:33:03.500,BTC-USD,Coinbase,29667.80311793573,29668.960604866024,29668.381861400878
2024-10-01 09:33:03.500,BTC-USD,Gemini,29667.238109479524,29668.860041545613,29668.04907551257
2024-10-01 09:33:03.600,BTC-USD,Coinbase,29669.034374686948,29670.23532683229,29669.63485075962
2024-10-01 09:33:03.600,BTC-USD,Gemini,29669.288778840797,29669.5074460123,29669.39811242655
2024-10-01 09:33:03.700,BTC-USD,Gemini,29669.20052640002,29670.25001536195,29669.725270880986
2024-10-01 09:33:03.700,BTC-USD,Coinbase,29669.321938173216,29670.846827860234,29670.084383016725
2024-10-01 09:33:03.800,BTC-USD,Coinbase,29668.26940632954,29669.499805558906,29668.884605944222
2024-10-01 09:33:03.800,BTC-USD,Gemini,29668.58664432493,29670.07603231822,29669.331338321572
2024-10-01 09:33:03.900,BTC-USD,Gemini,29666.59496028068,29668.6769668266,29667.63596355364
2024-10-01 09:33:03.900,BTC-USD,Coinbase,29667.476406608457,29669.328430394442,29668.40241850145
2024-10-01 09:33:04.000,BTC-USD,Gemini,29668.281228800282,29668.730470268452,29668.50584953437
2024-10-01 09:33:04.000,BTC-USD,Coinbase,29667.37693174186,29668.818150223746,29668.097540982802
2024-10-01 09:33:04.100,BTC-USD,Gemini,29663.335203406878,29665.742228978932,29664.538716192903
2024-10-01 09:33:04.100,BTC-USD,Coinbase,29663.80336180778,29664.84671734051,29664.325039574145
2024-10-01 09:33:04.200,BTC-USD,Coinbase,29666.906063101647,29668.5717512856,29667.738907193623
2024-10-01 09:33:04.200,BTC-USD,Gemini,29666.874466800047,29668.707545653902,29667.791006226973
2024-10-01 09:33:04.300,BTC-USD,Coinbase,29668.084514717375,29669.454080567557,29668.769297642466
2024-10-01 09:33:04.300,BTC-USD,Gemini,29667.79502916404,29669.470771360247,29668.632900262142
2024-10-01 09:33:04.400,BTC-USD,Gemini,29672.36668675888,29673.506948773906,29672.936817766393
2024-10-01 09:33:04.400,BTC-USD,Coinbase,29671.80511350525,29672.587894268323,29672.196503886786
2024-10-01 09:33:04.500,BTC-USD,Coinbase,29670.823716660834,29672.319583913242,29671.57165028704
2024-10-01 09:33:04.500,BTC-USD,Gemini,29669.912728191,29671.90304212892,29670.907885159962
2024-10-01 09:33:04.600,BTC-USD,Gemini,29673.768969500605,29675.93286392718,29674.85091671389
2024-10-01 09:33:04.600,BTC-USD,Coinbase,29673.730021074385,29675.57450320576,29674.652262140073
2024-10-01 09:33:04.700,BTC-USD,Gemini,29669.529104888166,29671.02065813688,29670.274881512523
2024-10-01 09:33:04.700,BTC-USD,Coinbase,29669.95139076817,29671.143409460412,29670.54740011429
2024-10-01 09:33:04.800,BTC-USD,Gemini,29688.184392989737,29689.38186811465,29688.783130552194
2024-10-01 09:33:04.800,BTC-USD,Coinbase,29687.363441829555,29688.732049319588,29688.04774557457
2024-10-01 09:33:04.900,BTC-USD,Gemini,29684.285678953584,29683.798607322424,29684.042143138002
2024-10-01 09:33:04.900,BTC-USD,Coinbase,29683.871898127454,29684.48330076246,29684.177599444956
2024-10-01 09:33:05.000,BTC-USD,Coinbase,29681.337305413508,29681.921446783075,29681.62937609829
2024-10-01 09:33:05.000,BTC-USD,Gemini,29680.525137658184,29681.30546356918,29680.915300613684
2024-10-01 09:33:05.100,BTC-USD,Gemini,29686.646516733785,29687.052481758612,29686.8494992462
2024-10-01 09:33:05.100,BTC-USD,Coinbase,29685.67942239042,29686.563594268606,29686.121508329514
2024-10-01 09:33:05.200,BTC-USD,Gemini,29691.290638870156,29693.45280720678,29692.37172303847
2024-10-01 09:33:05.200,BTC-USD,Coinbase,29691.00406588375,29692.92966702409,29691.96686645392
2024-10-01 09:33:05.300,BTC-USD,Gemini,29687.939406281377,29688.43851498144,29688.188960631407
2024-10-01 09:33:05.300,BTC-USD,Coinbase,29687.339721440912,29687.997699973486,29687.6687107072
2024-10-01 09:33:05.400,BTC-USD,Gemini,29678.880152303962,29678.94377907506,29678.911965689513
2024-10-01 09:33:05.400,BTC-USD,Coinbase,29678.54650746366,29679.52326251487,29679.034884989265
2024-10-01 09:33:05.500,BTC-USD,Gemini,29670.734381263483,29671.697156044036,29671.21576865376
2024-10-01 09:33:05.500,BTC-USD,Coinbase,29670.980779463927,29672.467771598524,29671.724275531225
2024-10-01 09:33:05.600,BTC-USD,Coinbase,29665.516833619196,29667.35619420173,29666.436513910463
2024-10-01 09:33:05.600,BTC-USD,Gemini,29664.793702206694,29667.929093029124,29666.36139761791
2024-10-01 09:33:05.700,BTC-USD,Coinbase,29661.22216546793,29663.16058678666,29662.191376127295
2024-10-01 09:33:05.700,BTC-USD,Gemini,29661.151768213636,29663.68357646371,29662.417672338674
2024-10-01 09:33:05.800,BTC-USD,Coinbase,29660.315605612974,29661.776709457095,29661.046157535035
2024-10-01 09:33:05.800,BTC-USD,Gemini,29659.50094931452,29661.412895878337,29660.45692259643
2024-10-01 09:33:05.900,BTC-USD,Gemini,29665.173930200046,29666.929670449383,29666.051800324713
2024-10-01 09:33:05.900,BTC-USD,Coinbase,29665.587857428996,29666.155293437732,29665.871575433364
2024-10-01 09:33:06.000,BTC-USD,Coinbase,29670.367609090114,29671.52707229473,29670.947340692423
2024-10-01 09:33:06.000,BTC-USD,Gemini,29669.49276667808,29670.683824775824,29670.08829572695
2024-10-01 09:33:06.100,BTC-USD,Gemini,29667.315265396803,29667.52719826423,29667.421231830514
2024-10-01 09:33:06.100,BTC-USD,Coinbase,29666.64375288701,29668.491564821597,29667.567658854303
2024-10-01 09:33:06.200,BTC-USD,Coinbase,29669.45932336065,29670.41967918483,29669.93950127274
2024-10-01 09:33:06.200,BTC-USD,Gemini,29668.712026909052,29669.709009921185,29669.21051841512
2024-10-01 09:33:06.300,BTC-USD,Gemini,29673.265016070043,29673.894332463995,29673.57967426702
2024-10-01 09:33:06.300,BTC-USD,Coinbase,29673.767941776994,29674.276498943127,29674.02222036006
2024-10-01 09:33:06.400,BTC-USD,Coinbase,29679.772512073756,29681.65820860853,29680.715360341143
2024-10-01 09:33:06.400,BTC-USD,Gemini,29678.885251005813,29682.638034969186,29680.761642987498
2024-10-01 09:33:06.500,BTC-USD,Coinbase,29678.67301542487,29680.50890002435,29679.59095772461
2024-10-01 09:33:06.500,BTC-USD,Gemini,29679.59034505127,29681.338396119045,29680.464370585156
2024-10-01 09:33:06.600,BTC-USD,Coinbase,29674.749229927715,29676.341607933726,29675.54541893072
2024-10-01 09:33:06.600,BTC-USD,Gemini,29675.554968708308,29677.15633757932,29676.355653143815
2024-10-01 09:33:06.700,BTC-USD,Coinbase,29678.586469015256,29679.336520629655,29678.961494822455
2024-10-01 09:33:06.700,BTC-USD,Gemini,29679.571182538482,29679.42833140391,29679.499756971196
2024-10-01 09:33:06.800,BTC-USD,Coinbase,29685.416497913226,29686.993350433404,29686.204924173315
2024-10-01 09:33:06.800,BTC-USD,Gemini,29686.408942857022,29686.838956120053,29686.623949488538
2024-10-01 09:33:06.900,BTC-USD,Gemini,29683.418161337097,29683.55243476136,29683.48529804923
2024-10-01 09:33:06.900,BTC-USD,Coinbase,29682.90664266762,29683.59477889965,29683.250710783635
2024-10-01 09:33:07.000,BTC-USD,Coinbase,29692.223986616813,29693.09723560711,29692.66061111196
2024-10-01 09:33:07.000,BTC-USD,Gemini,29692.07913564709,29693.314705666246,29692.69692065667
2024-10-01 09:33:07.100,BTC-USD,Gemini,29700.834118918116,29700.842277109674,29700.838198013895
2024-10-01 09:33:07.100,BTC-USD,Coinbase,29700.65354175351,29701.189690205476,29700.921615979492
2024-10-01 09:33:07.200,BTC-USD,Gemini,29699.595504723457,29699.81215722046,29699.703830971957
2024-10-01 09:33:07.200,BTC-USD,Coinbase,29698.86333565378,29699.68612805344,29699.27473185361
2024-10-01 09:33:07.300,BTC-USD,Gemini,29689.66086461154,29691.161918627935,29690.41139161974
2024-10-01 09:33:07.300,BTC-USD,Coinbase,29690.1836849416,29692.01440908254,29691.09904701207
2024-10-01 09:33:07.400,BTC-USD,Coinbase,29686.970995147414,29688.591083692743,29687.78103942008
2024-10-01 09:33:07.400,BTC-USD,Gemini,29687.685928259005,29689.294027116885,29688.489977687947
2024-10-01 09:33:07.500,BTC-USD,Coinbase,29684.928502392428,29686.44395441397,29685.6862284032
2024-10-01 09:33:07.500,BTC-USD,Gemini,29683.954954324152,29687.222062095374,29685.588508209763
2024-10-01 09:33:07.600,BTC-USD,Coinbase,29687.30775623204,29688.710405865175,29688.009081048607
2024-10-01 09:33:07.600,BTC-USD,Gemini,29687.688309515986,29689.63048162798,29688.659395571984
2024-10-01 09:33:07.700,BTC-USD,Gemini,29679.80827955829,29680.077844469146,29679.943062013717
2024-10-01 09:33:07.700,BTC-USD,Coinbase,29678.90705176401,29679.734767567224,29679.320909665617
2024-10-01 09:33:07.800,BTC-USD,Coinbase,29690.82483884113,29691.45490704231,29691.13987294172
2024-10-01 09:33:07.800,BTC-USD,Gemini,29691.470903924503,29692.237887308416,29691.854395616458
2024-10-01 09:33:07.900,BTC-USD,Coinbase,29702.06604666704,29702.9461490641,29702.50609786557
2024-10-01 09:33:07.900,BTC-USD,Gemini,29703.00341636291,29703.612142032624,29703.307779197767
2024-10-01 09:33:08.000,BTC-USD,Gemini,29698.200668335274,29700.305035150035,29699.252851742654
2024-10-01 09:33:08.000,BTC-USD,Coinbase,29697.657194770185,29699.44525139699,29698.55122308359
2024-10-01 09:33:08.100,BTC-USD,Coinbase,29688.267006817983,29689.541719053417,29688.9043629357
2024-10-01 09:33:08.100,BTC-USD,Gemini,29687.935845214724,29688.86094524969,29688.39839523221
2024-10-01 09:33:08.200,BTC-USD,Coinbase,29687.41551058004,29688.021013827325,29687.71826220368
2024-10-01 09:33:08.200,BTC-USD,Gemini,29687.6902200202,29688.451774740657,29688.070997380426
2024-10-01 09:33:08.300,BTC-USD,Coinbase,29689.03461509418,29689.960561487085,29689.497588290633
2024-10-01 09:33:08.300,BTC-USD,Gemini,29690.01230757606,29690.192372799957,29690.10234018801
2024-10-01 09:33:08.400,BTC-USD,Coinbase,29695.298824427027,29696.475573964457,29695.887199195742
2024-10-01 09:33:08.400,BTC-USD,Gemini,29695.628424044196,29697.1657583811,29696.397091212646
2024-10-01 09:33:08.500,BTC-USD,Gemini,29699.037050290593,29698.582452628936,29698.809751459765
2024-10-01 09:33:08.500,BTC-USD,Coinbase,29698.720944482022,29699.485007721934,29699.102976101978
2024-10-01 09:33:08.600,BTC-USD,Gemini,29697.880045479673,29697.196662927163,29697.538354203418
2024-10-01 09:33:08.600,BTC-USD,Coinbase,29697.418954607394,29698.079565054093,29697.749259830744
2024-10-01 09:33:08.700,BTC-USD,Gemini,29686.462652654653,29688.79019051172,29687.626421583187
2024-10-01 09:33:08.700,BTC-USD,Coinbase,29686.94482962659,29688.17919960941,29687.562014618
2024-10-01 09:33:08.800,BTC-USD,Coinbase,29688.860418475197,29690.67401653719,29689.767217506193
2024-10-01 09:33:08.800,BTC-USD,Gemini,29689.58461995387,29691.328447063253,29690.45653350856
2024-10-01 09:33:08.900,BTC-USD,Coinbase,29693.20927325674,29694.056418670167,29693.632845963453
2024-10-01 09:33:08.900,BTC-USD,Gemini,29693.11094703209,29693.13822384267,29693.12458543738
2024-10-01 09:33:09.000,BTC-USD,Coinbase,29691.15592966617,29692.30780496407,29691.73186731512
2024-10-01 09:33:09.000,BTC-USD,Gemini,29692.10011722836,29692.985616402857,29692.54286681561
2024-10-01 09:33:09.100,BTC-USD,Coinbase,29691.90679573962,29693.60366000804,29692.75522787383
2024-10-01 09:33:09.100,BTC-USD,Gemini,29691.981518596076,29693.299393738554,29692.640456167315
2024-10-01 09:33:09.200,BTC-USD,Gemini,29692.203484262434,29693.378559662237,29692.791021962337
2024-10-01 09:33:09.200,BTC-USD,Coinbase,29692.746398175965,29694.09425580509,29693.420326990527
2024-10-01 09:33:09.300,BTC-USD,Gemini,29691.457639515003,29693.543104391916,29692.500371953458
2024-10-01 09:33:09.300,BTC-USD,Coinbase,29691.127046197555,29692.573587375464,29691.85031678651
2024-10-01 09:33:09.400,BTC-USD,Gemini,29685.72756837093,29687.019408584852,29686.37348847789
2024-10-01 09:33:09.400,BTC-USD,Coinbase,29684.9295339654,29686.501922873704,29685.715728419553
2024-10-01 09:33:09.500,BTC-USD,Coinbase,29686.210995768644,29687.93250673248,29687.07175125056
2024-10-01 09:33:09.500,BTC-USD,Gemini,29686.096952539723,29688.670175887077,29687.3835642134
2024-10-01 09:33:09.600,BTC-USD,Coinbase,29679.33507239232,29679.915210613428,29679.625141502875
2024-10-01 09:33:09.600,BTC-USD,Gemini,29678.377364810978,29680.841240348538,29679.60930257976
2024-10-01 09:33:09.700,BTC-USD,Coinbase,29685.5985549181,29686.95484096954,29686.27669794382
2024-10-01 09:33:09.700,BTC-USD,Gemini,29685.160187140144,29686.724262228498,29685.94222468432
2024-10-01 09:33:09.800,BTC-USD,Gemini,29681.177567020775,29682.647644989444,29681.91260600511
2024-10-01 09:33:09.800,BTC-USD,Coinbase,29681.111055926907,29681.741365597954,29681.42621076243
2024-10-01 09:33:09.900,BTC-USD,Gemini,29682.981908925987,29684.19954780095,29683.590728363466
2024-10-01 09:33:09.900,BTC-USD,Coinbase,29683.159976541923,29683.89980024597,29683.529888393947
2024-10-01 09:33:10.000,BTC-USD,Gemini,29679.534038173097,29679.03471428196,29679.28437622753
2024-10-01 09:33:10.000,BTC-USD,Coinbase,29679.228249029948,29679.805481550495,29679.51686529022
2024-10-01 09:33:10.100,BTC-USD,Gemini,29680.881610822504,29680.876237828863,29680.878924325683
2024-10-01 09:33:10.100,BTC-USD,Coinbase,29680.669890875404,29681.43248626141,29681.051188568406
2024-10-01 09:33:10.200,BTC-USD,Gemini,29678.0794974742,29680.34352267706,29679.211510075627
2024-10-01 09:33:10.200,BTC-USD,Coinbase,29678.728950361543,29680.539278349195,29679.63411435537
2024-10-01 09:33:10.300,BTC-USD,Coinbase,29681.557250513535,29682.311120004975,29681.934185259255
2024-10-01 09:33:10.300,BTC-USD,Gemini,29680.795085437134,29681.809372136966,29681.302228787048
2024-10-01 09:33:10.400,BTC-USD,Coinbase,29677.349643120397,29677.88199812908,29677.61582062474
2024-10-01 09:33:10.400,BTC-USD,Gemini,29677.276753419435,29677.265974397644,29677.27136390854
2024-10-01 09:33:10.500,BTC-USD,Gemini,29668.15930218836,29670.13031872696,29669.14481045766
2024-10-01 09:33:10.500,BTC-USD,Coinbase,29668.65797895723,29669.539206985606,29669.09859297142
2024-10-01 09:33:10.600,BTC-USD,Coinbase,29666.499078784982,29668.153024056337,29667.32605142066
2024-10-01 09:33:10.600,BTC-USD,Gemini,29665.831878262536,29668.532210522426,29667.18204439248
2024-10-01 09:33:10.700,BTC-USD,Gemini,29664.335932137285,29665.20185691236,29664.768894524823
2024-10-01 09:33:10.700,BTC-USD,Coinbase,29664.553768300124,29665.848545563153,29665.20115693164
2024-10-01 09:33:10.800,BTC-USD,Gemini,29655.812018669458,29657.27973797586,29656.545878322657
2024-10-01 09:33:10.800,BTC-USD,Coinbase,29656.65350491989,29657.97013905,29657.311821984946
2024-10-01 09:33:10.900,BTC-USD,Gemini,29652.565466523032,29653.428969342862,29652.99721793295
2024-10-01 09:33:10.900,BTC-USD,Coinbase,29652.746235586725,29654.236954031192,29653.49159480896
2024-10-01 09:33:11.000,BTC-USD,Coinbase,29644.268658155535,29645.23850306366,29644.7535806096
2024-10-01 09:33:11.000,BTC-USD,Gemini,29644.18868335831,29645.506497104605,29644.847590231457
2024-10-01 09:33:11.100,BTC-USD,Gemini,29643.648142628568,29645.86102150189,29644.75458206523
2024-10-01 09:33:11.100,BTC-USD,Coinbase,29644.11298348594,29645.797180582158,29644.95508203405
2024-10-01 09:33:11.200,BTC-USD,Coinbase,29642.093433727176,29643.333217218234,29642.713325472705
2024-10-01 09:33:11.200,BTC-USD,Gemini,29641.858232825463,29643.271477813592,29642.564855319528
2024-10-01 09:33:11.300,BTC-USD,Coinbase,29641.932563483173,29642.895361750347,29642.41396261676
2024-10-01 09:33:11.300,BTC-USD,Gemini,29641.14424690184,29642.3309590163,29641.73760295907
2024-10-01 09:33:11.400,BTC-USD,Gemini,29654.033527981253,29655.768374133717,29654.900951057483
2024-10-01 09:33:11.400,BTC-USD,Coinbase,29654.60751285384,29655.500744634683,29655.05412874426
2024-10-01 09:33:11.500,BTC-USD,Gemini,29654.41106555332,29656.216169521693,29655.313617537504
2024-10-01 09:33:11.500,BTC-USD,Coinbase,29654.485562500562,29656.459794371058,29655.47267843581
2024-10-01 09:33:11.600,BTC-USD,Coinbase,29656.12765538667,29657.808086542747,29656.96787096471
2024-10-01 09:33:11.600,BTC-USD,Gemini,29655.722685334687,29658.681854118506,29657.202269726597
2024-10-01 09:33:11.700,BTC-USD,Gemini,29658.28059986774,29661.304677194144,29659.79263853094
2024-10-01 09:33:11.700,BTC-USD,Coinbase,29659.063884803574,29660.397833406147,29659.73085910486
2024-10-01 09:33:11.800,BTC-USD,Coinbase,29658.027032387436,29659.29697631578,29658.66200435161
2024-10-01 09:33:11.800,BTC-USD,Gemini,29658.177733651002,29658.79183980836,29658.48478672968
2024-10-01 09:33:11.900,BTC-USD,Coinbase,29654.6278292183,29656.03863742956,29655.33323332393
2024-10-01 09:33:11.900,BTC-USD,Gemini,29654.957541008665,29656.934693423773,29655.94611721622
2024-10-01 09:33:12.000,BTC-USD,Coinbase,29659.081758645803,29659.61812999348,29659.34994431964
2024-10-01 09:33:12.000,BTC-USD,Gemini,29658.406053273568,29658.64330756406,29658.524680418814
2024-10-01 09:33:12.100,BTC-USD,Coinbase,29663.809261032264,29664.43436463538,29664.121812833822
2024-10-01 09:33:12.100,BTC-USD,Gemini,29664.624612736072,29665.01407482997,29664.81934378302
2024-10-01 09:33:12.200,BTC-USD,Coinbase,29648.42862753948,29649.90103792387,29649.164832731676
2024-10-01 09:33:12.200,BTC-USD,Gemini,29648.382068636733,29649.864478253265,29649.123273445
2024-10-01 09:33:12.300,BTC-USD,Coinbase,29647.223871351718,29648.733120744477,29647.978496048097
2024-10-01 09:33:12.300,BTC-USD,Gemini,29648.126914627865,29648.989347357066,29648.558130992467
2024-10-01 09:33:12.400,BTC-USD,Gemini,29644.569679162974,29646.626922808864,29645.59830098592
2024-10-01 09:33:12.400,BTC-USD,Coinbase,29644.986617156246,29646.820586248825,29645.903601702536
2024-10-01 09:33:12.500,BTC-USD,Gemini,29641.1425689732,29644.234178829527,29642.688373901365
2024-10-01 09:33:12.500,BTC-USD,Coinbase,29641.99131211333,29643.415100291277,29642.703206202303
2024-10-01 09:33:12.600,BTC-USD,Coinbase,29647.726458034664,29649.340300496468,29648.533379265566
2024-10-01 09:33:12.600,BTC-USD,Gemini,29646.801507936878,29648.79469229858,29647.79810011773
2024-10-01 09:33:12.700,BTC-USD,Gemini,29645.05891913875,29646.640398972497,29645.849659055624
2024-10-01 09:33:12.700,BTC-USD,Coinbase,29644.80518075653,29646.15321433768,29645.479197547105
2024-10-01 09:33:12.800,BTC-USD,Coinbase,29648.86388221615,29649.966460280495,29649.41517124832
2024-10-01 09:33:12.800,BTC-USD,Gemini,29648.15773247665,29650.50232560874,29649.330029042696
2024-10-01 09:33:12.900,BTC-USD,Coinbase,29645.72415772583,29646.908755019776,29646.316456372802
2024-10-01 09:33:12.900,BTC-USD,Gemini,29645.420230630185,29646.036379794597,29645.72830521239
2024-10-01 09:33:13.000,BTC-USD,Coinbase,29642.927730992327,29644.858358427526,29643.893044709926
2024-10-01 09:33:13.000,BTC-USD,Gemini,29643.476728225865,29645.25975163407,29644.368239929965
2024-10-01 09:33:13.100,BTC-USD,Coinbase,29646.200120583635,29648.098950077576,29647.149535330605
2024-10-01 09:33:13.100,BTC-USD,Gemini,29647.085102988527,29648.985758900515,29648.03543094452
2024-10-01 09:33:13.200,BTC-USD,Coinbase,29642.159947195152,29643.98458928829,29643.07226824172
2024-10-01 09:33:13.200,BTC-USD,Gemini,29641.968826988756,29644.553521777816,29643.261174383286
2024-10-01 09:33:13.300,BTC-USD,Gemini,29641.503536915632,29641.859408142955,29641.681472529293
2024-10-01 09:33:13.300,BTC-USD,Coinbase,29641.196125754585,29642.555562287118,29641.87584402085
2024-10-01 09:33:13.400,BTC-USD,Coinbase,29635.560592650898,29636.381579424928,29635.971086037913
2024-10-01 09:33:13.400,BTC-USD,Gemini,29634.80958158432,29635.63125977305,29635.220420678685
2024-10-01 09:33:13.500,BTC-USD,Gemini,29629.98038814649,29630.785806519798,29630.383097333142
2024-10-01 09:33:13.500,BTC-USD,Coinbase,29630.846966696674,29631.464691293604,29631.15582899514
2024-10-01 09:33:13.600,BTC-USD,Gemini,29633.311792739045,29634.73652444101,29634.02415859003
2024-10-01 09:33:13.600,BTC-USD,Coinbase,29633.444827732106,29635.309666125664,29634.377246928885
2024-10-01 09:33:13.700,BTC-USD,Gemini,29636.359271213343,29638.187662022097,29637.27346661772
2024-10-01 09:33:13.700,BTC-USD,Coinbase,29636.5833176682,29637.237704320418,29636.91051099431
2024-10-01 09:33:13.800,BTC-USD,Coinbase,29630.283803381444,29631.317303145614,29630.80055326353
2024-10-01 09:33:13.800,BTC-USD,Gemini,29631.022227674013,29630.689812003413,29630.856019838713
2024-10-01 09:33:13.900,BTC-USD,Coinbase,29623.631051886125,29625.35072691944,29624.490889402783
2024-10-01 09:33:13.900,BTC-USD,Gemini,29623.95937306151,29625.5254294418,29624.742401251657
2024-10-01 09:33:14.000,BTC-USD,Coinbase,29636.42474155563,29637.23424583285,29636.82949369424
2024-10-01 09:33:14.000,BTC-USD,Gemini,29635.80687363007,29636.279212476657,29636.043043053363
2024-10-01 09:33:14.100,BTC-USD,Gemini,29632.378625749174,29634.30475798081,29633.341691864993
2024-10-01 09:33:14.100,BTC-USD,Coinbase,29632.37412175798,29634.07014280623,29633.222132282106
2024-10-01 09:33:14.200,BTC-USD,Gemini,29628.41577366132,29628.66216637344,29628.53897001738
2024-10-01 09:33:14.200,BTC-USD,Coinbase,29628.044252464977,29628.900026989722,29628.47213972735
2024-10-01 09:33:14.300,BTC-USD,Coinbase,29629.798271032796,29631.475201576603,29630.6367363047
2024-10-01 09:33:14.300,BTC-USD,Gemini,29629.7366297368,29630.577504740708,29630.157067238753
2024-10-01 09:33:14.400,BTC-USD,Gemini,29625.573028048264,29626.78951059857,29626.181269323417
2024-10-01 09:33:14.400,BTC-USD,Coinbase,29625.578537708265,29627.145863864178,29626.36220078622
2024-10-01 09:33:14.500,BTC-USD,Coinbase,29623.674783324088,29624.60402694058,29624.139405132333
2024-10-01 09:33:14.500,BTC-USD,Gemini,29623.746643868537,29624.50355138023,29624.125097624383
2024-10-01 09:33:14.600,BTC-USD,Coinbase,29627.703187411924,29628.7091154071,29628.20615140951
2024-10-01 09:33:14.600,BTC-USD,Gemini,29627.77287972519,29629.068749968268,29628.42081484673
2024-10-01 09:33:14.700,BTC-USD,Coinbase,29632.27597477421,29633.319901849383,29632.797938311796
2024-10-01 09:33:14.700,BTC-USD,Gemini,29632.167142947957,29633.0248400892,29632.59599151858
2024-10-01 09:33:14.800,BTC-USD,Coinbase,29630.730775701508,29632.09718910008,29631.413982400794
2024-10-01 09:33:14.800,BTC-USD,Gemini,29629.840922162042,29632.193535317027,29631.017228739533
2024-10-01 09:33:14.900,BTC-USD,Gemini,29636.042002197595,29638.901635455546,29637.47181882657
2024-10-01 09:33:14.900,BTC-USD,Coinbase,29636.79190714043,29638.6518034871,29637.721855313765
2024-10-01 09:33:15.000,BTC-USD,Gemini,29635.86406971366,29637.29840300882,29636.581236361242
2024-10-01 09:33:15.000,BTC-USD,Coinbase,29635.943789483346,29637.26310266855,29636.603446075947
2024-10-01 09:33:15.100,BTC-USD,Coinbase,29634.44195042695,29635.566542647295,29635.004246537123
2024-10-01 09:33:15.100,BTC-USD,Gemini,29635.353242022375,29635.597333840335,29635.475287931353
2024-10-01 09:33:15.200,BTC-USD,Gemini,29633.284979439373,29635.54267012788,29634.413824783627
2024-10-01 09:33:15.200,BTC-USD,Coinbase,29634.029807996674,29635.116369574156,29634.573088785415
2024-10-01 09:33:15.300,BTC-USD,Coinbase,29632.256899948195,29633.0199675361,29632.638433742148
2024-10-01 09:33:15.300,BTC-USD,Gemini,29631.977662612568,29633.483962266266,29632.73081243942
2024-10-01 09:33:15.400,BTC-USD,Coinbase,29634.11848982819,29635.6233828223,29634.870936325246
2024-10-01 09:33:15.400,BTC-USD,Gemini,29634.87125962134,29634.765303256827,29634.818281439082
2024-10-01 09:33:15.500,BTC-USD,Coinbase,29635.260467852462,29636.504287442058,29635.88237764726
2024-10-01 09:33:15.500,BTC-USD,Gemini,29634.50491588486,29636.135519591913,29635.320217738386
2024-10-01 09:33:15.600,BTC-USD,Gemini,29630.643220118276,29632.609832192036,29631.626526155156
2024-10-01 09:33:15.600,BTC-USD,Coinbase,29630.686455691004,29632.529156637927,29631.607806164466
2024-10-01 09:33:15.700,BTC-USD,Gemini,29632.00860807797,29632.483784192795,29632.246196135384
2024-10-01 09:33:15.700,BTC-USD,Coinbase,29631.470134318013,29632.74415767874,29632.107145998376
2024-10-01 09:33:15.800,BTC-USD,Gemini,29627.429246655036,29629.260122762793,29628.344684708914
2024-10-01 09:33:15.800,BTC-USD,Coinbase,29628.031631507096,29629.965250722656,29628.998441114876
2024-10-01 09:33:15.900,BTC-USD,Coinbase,29625.12983949602,29626.290171241508,29625.710005368765
2024-10-01 09:33:15.900,BTC-USD,Gemini,29625.587872318298,29627.226922599017,29626.407397458657
2024-10-01 09:33:16.000,BTC-USD,Coinbase,29623.975942612986,29625.24931382605,29624.61262821952
2024-10-01 09:33:16.000,BTC-USD,Gemini,29623.312872240756,29625.934149827477,29624.623511034115
2024-10-01 09:33:16.100,BTC-USD,Gemini,29628.681434995906,29630.62422833013,29629.652831663017
2024-10-01 09:33:16.100,BTC-USD,Coinbase,29628.915476815524,29629.68907217796,29629.302274496742
2024-10-01 09:33:16.200,BTC-USD,Coinbase,29629.440682358654,29631.12450409511,29630.282593226882
2024-10-01 09:33:16.200,BTC-USD,Gemini,29629.784485196524,29630.764003507335,29630.27424435193
2024-10-01 09:33:16.300,BTC-USD,Coinbase,29635.94878378262,29636.491730465645,29636.220257124132
2024-10-01 09:33:16.300,BTC-USD,Gemini,29636.32613186612,29637.324631418942,29636.82538164253
2024-10-01 09:33:16.400,BTC-USD,Coinbase,29643.244575901055,29644.01327344189,29643.628924671473
2024-10-01 09:33:16.400,BTC-USD,Gemini,29643.706365760736,29644.160293033885,29643.93332939731
2024-10-01 09:33:16.500,BTC-USD,Gemini,29643.266788604902,29642.833253372013,29643.050020988456
2024-10-01 09:33:16.500,BTC-USD,Coinbase,29642.571259318804,29643.54401572819,29643.057637523496
2024-10-01 09:33:16.600,BTC-USD,Coinbase,29638.751984980037,29640.51078243331,29639.631383706674
2024-10-01 09:33:16.600,BTC-USD,Gemini,29639.26766750129,29640.65058704749,29639.959127274393
2024-10-01 09:33:16.700,BTC-USD,Gemini,29634.87979559377,29636.048870628154,29635.464333110962
2024-10-01 09:33:16.700,BTC-USD,Coinbase,29634.586249655815,29636.00295320663,29635.294601431222
2024-10-01 09:33:16.800,BTC-USD,Gemini,29636.250155673362,29635.767883389828,29636.009019531593
2024-10-01 09:33:16.800,BTC-USD,Coinbase,29635.805563245813,29636.766378681124,29636.28597096347
2024-10-01 09:33:16.900,BTC-USD,Gemini,29639.437999540107,29641.067637701366,29640.252818620735
2024-10-01 09:33:16.900,BTC-USD,Coinbase,29639.277861966017,29641.150295441315,29640.214078703666
2024-10-01 09:33:17.000,BTC-USD,Coinbase,29646.85328855418,29648.600572111645,29647.726930332912
2024-10-01 09:33:17.000,BTC-USD,Gemini,29647.19017349957,29648.79270577571,29647.99143963764
2024-10-01 09:33:17.100,BTC-USD,Coinbase,29640.520216875655,29641.066591937826,29640.79340440674
2024-10-01 09:33:17.100,BTC-USD,Gemini,29639.8611487006,29640.265979089818,29640.063563895208
2024-10-01 09:33:17.200,BTC-USD,Coinbase,29644.58012790389,29645.44334530192,29645.011736602904
2024-10-01 09:33:17.200,BTC-USD,Gemini,29644.499316485984,29644.486987813572,29644.49315214978
2024-10-01 09:33:17.300,BTC-USD,Gemini,29649.852604220894,29651.266880356714,29650.559742288802
2024-10-01 09:33:17.300,BTC-USD,Coinbase,29649.197583656485,29650.74342516789,29649.970504412187
2024-10-01 09:33:17.400,BTC-USD,Coinbase,29660.857957948658,29662.663509437883,29661.76073369327
2024-10-01 09:33:17.400,BTC-USD,Gemini,29660.752963937473,29662.48394792856,29661.618455933014
2024-10-01 09:33:17.500,BTC-USD,Gemini,29661.993649397024,29662.96162386065,29662.477636628835
2024-10-01 09:33:17.500,BTC-USD,Coinbase,29661.50229323923,29663.11554180953,29662.30891752438
2024-10-01 09:33:17.600,BTC-USD,Coinbase,29660.851976233407,29662.677718377392,29661.7648473054
2024-10-01 09:33:17.600,BTC-USD,Gemini,29660.395964211042,29662.58435699042,29661.490160600733
2024-10-01 09:33:17.700,BTC-USD,Gemini,29653.543384382883,29653.76298225944,29653.653183321163
2024-10-01 09:33:17.700,BTC-USD,Coinbase,29653.444673702517,29654.133339389675,29653.789006546096
2024-10-01 09:33:17.800,BTC-USD,Coinbase,29649.263969822627,29649.775962394706,29649.519966108666
2024-10-01 09:33:17.800,BTC-USD,Gemini,29648.374994263082,29650.21798741424,29649.29649083866
2024-10-01 09:33:17.900,BTC-USD,Gemini,29643.87102271579,29643.90286798109,29643.88694534844
2024-10-01 09:33:17.900,BTC-USD,Coinbase,29643.0435046044,29644.205270995415,29643.624387799908
2024-10-01 09:33:18.000,BTC-USD,Gemini,29638.572123038586,29639.055939712784,29638.814031375685
2024-10-01 09:33:18.000,BTC-USD,Coinbase,29637.90289845916,29638.498297946357,29638.20059820276
2024-10-01 09:33:18.100,BTC-USD,Gemini,29632.152029272405,29633.340573479752,29632.74630137608
2024-10-01 09:33:18.100,BTC-USD,Coinbase,29632.58601261181,29634.079180732642,29633.332596672226
2024-10-01 09:33:18.200,BTC-USD,Coinbase,29624.36188528724,29626.23549623065,29625.298690758944
2024-10-01 09:33:18.200,BTC-USD,Gemini,29624.903292203155,29627.211080603312,29626.05718640323
2024-10-01 09:33:18.300,BTC-USD,Gemini,29624.80267291882,29624.599987369373,29624.701330144097
2024-10-01 09:33:18.300,BTC-USD,Coinbase,29623.9054426578,29625.033842908713,29624.469642783257
2024-10-01 09:33:18.400,BTC-USD,Gemini,29625.25459240387,29627.034493480973,29626.14454294242
2024-10-01 09:33:18.400,BTC-USD,Coinbase,29625.352045239084,29626.72104564396,29626.036545441522
2024-10-01 09:33:18.500,BTC-USD,Gemini,29628.121637194905,29629.385329438814,29628.75348331686
2024-10-01 09:33:18.500,BTC-USD,Coinbase,29628.941519146825,29630.023061476666,29629.482290311746
2024-10-01 09:33:18.600,BTC-USD,Coinbase,29628.274068112027,29629.02047303717,29628.6472705746
2024-10-01 09:33:18.600,BTC-USD,Gemini,29628.354871290412,29629.836014191827,29629.09544274112
2024-10-01 09:33:18.700,BTC-USD,Gemini,29633.219375726076,29634.12251705191,29633.670946388993
2024-10-01 09:33:18.700,BTC-USD,Coinbase,29633.236110550384,29633.912747829007,29633.574429189695
2024-10-01 09:33:18.800,BTC-USD,Gemini,29638.761184708415,29640.188000037037,29639.474592372724
2024-10-01 09:33:18.800,BTC-USD,Coinbase,29637.765582772936,29639.33941910839,29638.552500940663
2024-10-01 09:33:18.900,BTC-USD,Gemini,29629.100860151615,29632.26964969823,29630.685254924923
2024-10-01 09:33:18.900,BTC-USD,Coinbase,29629.688458922206,29631.544927941035,29630.61669343162
2024-10-01 09:33:19.000,BTC-USD,Gemini,29627.393087987744,29629.399228496408,29628.396158242074
2024-10-01 09:33:19.000,BTC-USD,Coinbase,29628.3827361489,29629.43036393904,29628.90655004397
2024-10-01 09:33:19.100,BTC-USD,Gemini,29622.887713981916,29622.23724538271,29622.56247968231
2024-10-01 09:33:19.100,BTC-USD,Coinbase,29621.966012106022,29622.669656419035,29622.31783426253
2024-10-01 09:33:19.200,BTC-USD,Gemini,29616.838943144732,29618.22619915096,29617.532571147844
2024-10-01 09:33:19.200,BTC-USD,Coinbase,29616.209962309036,29617.953999491107,29617.08198090007
2024-10-01 09:33:19.300,BTC-USD,Gemini,29617.851180961905,29618.821243561855,29618.33621226188
2024-10-01 09:33:19.300,BTC-USD,Coinbase,29617.215704010472,29618.109056492118,29617.662380251295
2024-10-01 09:33:19.400,BTC-USD,Coinbase,29615.872295303674,29617.523372746615,29616.697834025144
2024-10-01 09:33:19.400,BTC-USD,Gemini,29615.21061723621,29617.19988413043,29616.20525068332
2024-10-01 09:33:19.500,BTC-USD,Gemini,29621.98242284254,29624.756356420625,29623.36938963158
2024-10-01 09:33:19.500,BTC-USD,Coinbase,29622.940432544772,29624.418905954462,29623.679669249617
2024-10-01 09:33:19.600,BTC-USD,Gemini,29632.21767797954,29633.973074346035,29633.09537616279
2024-10-01 09:33:19.600,BTC-USD,Coinbase,29633.099919088796,29634.065068875003,29633.5824939819
2024-10-01 09:33:19.700,BTC-USD,Gemini,29635.290204616915,29635.31329798811,29635.30175130251
2024-10-01 09:33:19.700,BTC-USD,Coinbase,29634.71938296327,29635.98639101035,29635.35288698681
2024-10-01 09:33:19.800,BTC-USD,Gemini,29633.868187368113,29635.172192337912,29634.520189853014
2024-10-01 09:33:19.800,BTC-USD,Coinbase,29633.54100919239,29634.595559266607,29634.0682842295
2024-10-01 09:33:19.900,BTC-USD,Coinbase,29632.671867457193,29633.35991171689,29633.01588958704
2024-10-01 09:33:19.900,BTC-USD,Gemini,29632.29819369022,29633.235622193493,29632.766907941856
